#! /usr/bin/vvp
:ivl_version "11.0 (stable)";
:ivl_delay_selection "TYPICAL";
:vpi_time_precision - 12;
:vpi_module "/usr/lib/x86_64-linux-gnu/ivl/system.vpi";
:vpi_module "/usr/lib/x86_64-linux-gnu/ivl/vhdl_sys.vpi";
:vpi_module "/usr/lib/x86_64-linux-gnu/ivl/vhdl_textio.vpi";
:vpi_module "/usr/lib/x86_64-linux-gnu/ivl/v2005_math.vpi";
:vpi_module "/usr/lib/x86_64-linux-gnu/ivl/va_math.vpi";
:vpi_module "/usr/lib/x86_64-linux-gnu/ivl/v2009.vpi";
S_0x58d8e7a09640 .scope package, "$unit" "$unit" 2 1;
 .timescale 0 0;
S_0x58d8e7a05f00 .scope module, "tb_top_cpu" "tb_top_cpu" 3 3;
 .timescale -9 -12;
P_0x58d8e7a0aa20 .param/l "ADDR_WIDTH" 0 3 6, +C4<00000000000000000000000000000101>;
P_0x58d8e7a0aa60 .param/l "DATA_WIDTH" 0 3 5, +C4<00000000000000000000000000100000>;
P_0x58d8e7a0aaa0 .param/l "MEM_DEPTH" 0 3 7, +C4<00000000000000000000000100000000>;
P_0x58d8e7a0aae0 .param/str "MEM_FILE" 0 3 9, "program.hex";
v0x58d8e7a38c00_0 .var "clk", 0 0;
v0x58d8e7a38ca0_0 .var "program_halted", 0 0;
v0x58d8e7a38d60_0 .var "rst", 0 0;
E_0x58d8e7923da0 .event edge, v0x58d8e7a38ca0_0;
S_0x58d8e7a06300 .scope module, "dut" "top_cpu" 3 23, 4 1 0, S_0x58d8e7a05f00;
 .timescale 0 0;
    .port_info 0 /INPUT 1 "clk";
    .port_info 1 /INPUT 1 "rst";
P_0x58d8e7a0ab30 .param/l "ADDR_WIDTH" 0 4 3, +C4<00000000000000000000000000000101>;
P_0x58d8e7a0ab70 .param/l "DATA_WIDTH" 0 4 2, +C4<00000000000000000000000000100000>;
P_0x58d8e7a0abb0 .param/l "MEM_DEPTH" 0 4 4, +C4<00000000000000000000000100000000>;
P_0x58d8e7a0abf0 .param/str "MEM_FILE" 0 4 5, "program.hex";
L_0x58d8e79e8280 .functor OR 1, v0x58d8e7a26010_0, v0x58d8e7a25a40_0, C4<0>, C4<0>;
L_0x58d8e79e7440 .functor AND 1, v0x58d8e7a260d0_0, L_0x58d8e79e8280, C4<1>, C4<1>;
v0x58d8e7a353c0_0 .net *"_ivl_1", 0 0, L_0x58d8e79e8280;  1 drivers
v0x58d8e7a354a0_0 .net "clk", 0 0, v0x58d8e7a38c00_0;  1 drivers
v0x58d8e7a35560_0 .net "dmem_addr", 31 0, L_0x58d8e7a4a7d0;  1 drivers
v0x58d8e7a35600_0 .net "dmem_mem_access", 0 0, L_0x58d8e792b0d0;  1 drivers
v0x58d8e7a356f0_0 .net "dmem_mem_width", 5 0, L_0x58d8e7a4a760;  1 drivers
v0x58d8e7a35830_0 .net "dmem_read_data", 31 0, v0x58d8e79f84f0_0;  1 drivers
v0x58d8e7a35940_0 .net "dmem_write_data", 31 0, L_0x58d8e7a4a8d0;  1 drivers
v0x58d8e7a35a50_0 .net "dmem_write_enable", 0 0, L_0x58d8e7a4a6f0;  1 drivers
v0x58d8e7a35b40_0 .net "ex_mem_B", 31 0, v0x58d8e7a253c0_0;  1 drivers
v0x58d8e7a35c90_0 .net "ex_mem_alu_op", 3 0, v0x58d8e7a254b0_0;  1 drivers
v0x58d8e7a35d50_0 .net "ex_mem_alu_result", 31 0, v0x58d8e7a25590_0;  1 drivers
v0x58d8e7a35df0_0 .net "ex_mem_alu_use_imm", 0 0, v0x58d8e7a25670_0;  1 drivers
v0x58d8e7a35e90_0 .net "ex_mem_branch_target", 31 0, v0x58d8e7a25730_0;  1 drivers
v0x58d8e7a35f30_0 .net "ex_mem_imm_type", 2 0, v0x58d8e7a258a0_0;  1 drivers
v0x58d8e7a35ff0_0 .net "ex_mem_is_branch", 0 0, v0x58d8e7a25980_0;  1 drivers
v0x58d8e7a36090_0 .net "ex_mem_jump", 0 0, v0x58d8e7a25a40_0;  1 drivers
v0x58d8e7a36130_0 .net "ex_mem_mem_access", 0 0, v0x58d8e7a25b00_0;  1 drivers
v0x58d8e7a36330_0 .net "ex_mem_mem_width", 5 0, v0x58d8e7a25bc0_0;  1 drivers
v0x58d8e7a36420_0 .net "ex_mem_pc", 31 0, v0x58d8e7a25ca0_0;  1 drivers
v0x58d8e7a364c0_0 .net "ex_mem_rd", 4 0, v0x58d8e7a25d80_0;  1 drivers
v0x58d8e7a36560_0 .net "ex_mem_rd_data_src", 2 0, v0x58d8e7a25e40_0;  1 drivers
v0x58d8e7a36600_0 .net "ex_mem_take_branch", 0 0, v0x58d8e7a26010_0;  1 drivers
v0x58d8e7a366a0_0 .net "ex_mem_valid", 0 0, v0x58d8e7a260d0_0;  1 drivers
v0x58d8e7a367d0_0 .net "ex_mem_write_mem", 0 0, v0x58d8e7a261a0_0;  1 drivers
v0x58d8e7a36870_0 .net "ex_mem_write_rd", 0 0, v0x58d8e7a26240_0;  1 drivers
v0x58d8e7a369a0_0 .net "flush", 0 0, L_0x58d8e79e7440;  1 drivers
v0x58d8e7a36a40_0 .net "id_ex_A", 31 0, v0x58d8e7a2df60_0;  1 drivers
v0x58d8e7a36ae0_0 .net "id_ex_B", 31 0, v0x58d8e7a2e020_0;  1 drivers
v0x58d8e7a36bf0_0 .net "id_ex_alu_op", 3 0, v0x58d8e7a2e0c0_0;  1 drivers
v0x58d8e7a36cb0_0 .net "id_ex_alu_use_imm", 0 0, v0x58d8e7a2e160_0;  1 drivers
v0x58d8e7a36da0_0 .net "id_ex_imm", 31 0, v0x58d8e7a2e200_0;  1 drivers
v0x58d8e7a36eb0_0 .net "id_ex_imm_type", 2 0, v0x58d8e7a2e2a0_0;  1 drivers
v0x58d8e7a36fc0_0 .net "id_ex_is_branch", 0 0, v0x58d8e7a2e370_0;  1 drivers
v0x58d8e7a372c0_0 .net "id_ex_jump", 0 0, v0x58d8e7a2e440_0;  1 drivers
v0x58d8e7a373b0_0 .net "id_ex_mem_access", 0 0, v0x58d8e7a2e510_0;  1 drivers
v0x58d8e7a374a0_0 .net "id_ex_mem_width", 5 0, v0x58d8e7a2e5e0_0;  1 drivers
v0x58d8e7a375b0_0 .net "id_ex_pc", 31 0, v0x58d8e7a2e6b0_0;  1 drivers
v0x58d8e7a376c0_0 .net "id_ex_rd", 4 0, v0x58d8e7a2e890_0;  1 drivers
v0x58d8e7a377d0_0 .net "id_ex_rd_data_src", 2 0, v0x58d8e7a2e960_0;  1 drivers
v0x58d8e7a378e0_0 .net "id_ex_rs1", 4 0, v0x58d8e7a2ea30_0;  1 drivers
v0x58d8e7a379a0_0 .net "id_ex_rs2", 4 0, v0x58d8e7a2eb20_0;  1 drivers
v0x58d8e7a37a60_0 .net "id_ex_valid", 0 0, v0x58d8e7a2ec10_0;  1 drivers
v0x58d8e7a37b50_0 .net "id_ex_write_mem", 0 0, v0x58d8e7a2ecb0_0;  1 drivers
v0x58d8e7a37c40_0 .net "id_ex_write_rd", 0 0, v0x58d8e7a2ed50_0;  1 drivers
v0x58d8e7a37d30_0 .net "if_id_instr", 31 0, v0x58d8e7a31ae0_0;  1 drivers
v0x58d8e7a37e80_0 .net "if_id_pc", 31 0, v0x58d8e7a31ba0_0;  1 drivers
v0x58d8e7a37f40_0 .net "if_id_valid", 0 0, v0x58d8e7a31c70_0;  1 drivers
v0x58d8e7a38030_0 .net "imem_addr", 31 0, L_0x58d8e79f83d0;  1 drivers
v0x58d8e7a38140_0 .net "imem_instr", 31 0, L_0x58d8e79fb0e0;  1 drivers
v0x58d8e7a38250_0 .net "mem_wb_alu_result", 31 0, v0x58d8e7a33a40_0;  1 drivers
v0x58d8e7a38310_0 .net "mem_wb_mem_data", 31 0, v0x58d8e7a33b10_0;  1 drivers
v0x58d8e7a383d0_0 .net "mem_wb_rd", 4 0, v0x58d8e7a33be0_0;  1 drivers
v0x58d8e7a38520_0 .net "mem_wb_rd_data_src", 2 0, v0x58d8e7a33cd0_0;  1 drivers
v0x58d8e7a385e0_0 .net "mem_wb_valid", 0 0, v0x58d8e7a33d70_0;  1 drivers
v0x58d8e7a38710_0 .net "mem_wb_write_rd", 0 0, v0x58d8e7a33e60_0;  1 drivers
v0x58d8e7a38840_0 .net "regfile_rd_addr", 4 0, L_0x58d8e7a4aa40;  1 drivers
v0x58d8e7a38900_0 .net "regfile_rd_data", 31 0, L_0x58d8e7a4ab40;  1 drivers
v0x58d8e7a389c0_0 .net "regfile_write_enable", 0 0, L_0x58d8e7a4a940;  1 drivers
v0x58d8e7a38a60_0 .net "rst", 0 0, v0x58d8e7a38d60_0;  1 drivers
L_0x7f9b39186018 .functor BUFT 1, C4<0>, C4<0>, C4<0>, C4<0>;
v0x58d8e7a38b00_0 .net "stall", 0 0, L_0x7f9b39186018;  1 drivers
S_0x58d8e7a06700 .scope module, "dmem_01" "dmem" 4 136, 5 1 0, S_0x58d8e7a06300;
 .timescale 0 0;
    .port_info 0 /INPUT 1 "clk";
    .port_info 1 /INPUT 1 "mem_access";
    .port_info 2 /INPUT 1 "write_enable";
    .port_info 3 /INPUT 6 "mem_width";
    .port_info 4 /INPUT 32 "addr";
    .port_info 5 /INPUT 32 "write_data";
    .port_info 6 /OUTPUT 32 "read_data";
P_0x58d8e79f70f0 .param/l "DATA_WIDTH" 0 5 2, +C4<00000000000000000000000000100000>;
P_0x58d8e79f7130 .param/l "MEM_BYTE" 1 5 19, C4<001000>;
P_0x58d8e79f7170 .param/l "MEM_DEPTH" 0 5 3, +C4<00000000000000000000000100000000>;
P_0x58d8e79f71b0 .param/l "MEM_HALF" 1 5 20, C4<010000>;
P_0x58d8e79f71f0 .param/l "MEM_WORD" 1 5 21, C4<100000>;
v0x58d8e7a0f0b0_0 .net "addr", 31 0, L_0x58d8e7a4a7d0;  alias, 1 drivers
v0x58d8e7a08800_0 .net "clk", 0 0, v0x58d8e7a38c00_0;  alias, 1 drivers
v0x58d8e79e83e0 .array "mem", 255 0, 7 0;
v0x58d8e79e7560_0 .net "mem_access", 0 0, L_0x58d8e792b0d0;  alias, 1 drivers
v0x58d8e79fb240_0 .net "mem_width", 5 0, L_0x58d8e7a4a760;  alias, 1 drivers
v0x58d8e79f84f0_0 .var "read_data", 31 0;
v0x58d8e7a05060_0 .net "write_data", 31 0, L_0x58d8e7a4a8d0;  alias, 1 drivers
v0x58d8e7a217d0_0 .net "write_enable", 0 0, L_0x58d8e7a4a6f0;  alias, 1 drivers
E_0x58d8e7a0e040 .event posedge, v0x58d8e7a08800_0;
E_0x58d8e7a0d2c0/0 .event edge, v0x58d8e79e7560_0, v0x58d8e7a217d0_0, v0x58d8e79fb240_0, v0x58d8e7a0f0b0_0;
v0x58d8e79e83e0_0 .array/port v0x58d8e79e83e0, 0;
v0x58d8e79e83e0_1 .array/port v0x58d8e79e83e0, 1;
v0x58d8e79e83e0_2 .array/port v0x58d8e79e83e0, 2;
v0x58d8e79e83e0_3 .array/port v0x58d8e79e83e0, 3;
E_0x58d8e7a0d2c0/1 .event edge, v0x58d8e79e83e0_0, v0x58d8e79e83e0_1, v0x58d8e79e83e0_2, v0x58d8e79e83e0_3;
v0x58d8e79e83e0_4 .array/port v0x58d8e79e83e0, 4;
v0x58d8e79e83e0_5 .array/port v0x58d8e79e83e0, 5;
v0x58d8e79e83e0_6 .array/port v0x58d8e79e83e0, 6;
v0x58d8e79e83e0_7 .array/port v0x58d8e79e83e0, 7;
E_0x58d8e7a0d2c0/2 .event edge, v0x58d8e79e83e0_4, v0x58d8e79e83e0_5, v0x58d8e79e83e0_6, v0x58d8e79e83e0_7;
v0x58d8e79e83e0_8 .array/port v0x58d8e79e83e0, 8;
v0x58d8e79e83e0_9 .array/port v0x58d8e79e83e0, 9;
v0x58d8e79e83e0_10 .array/port v0x58d8e79e83e0, 10;
v0x58d8e79e83e0_11 .array/port v0x58d8e79e83e0, 11;
E_0x58d8e7a0d2c0/3 .event edge, v0x58d8e79e83e0_8, v0x58d8e79e83e0_9, v0x58d8e79e83e0_10, v0x58d8e79e83e0_11;
v0x58d8e79e83e0_12 .array/port v0x58d8e79e83e0, 12;
v0x58d8e79e83e0_13 .array/port v0x58d8e79e83e0, 13;
v0x58d8e79e83e0_14 .array/port v0x58d8e79e83e0, 14;
v0x58d8e79e83e0_15 .array/port v0x58d8e79e83e0, 15;
E_0x58d8e7a0d2c0/4 .event edge, v0x58d8e79e83e0_12, v0x58d8e79e83e0_13, v0x58d8e79e83e0_14, v0x58d8e79e83e0_15;
v0x58d8e79e83e0_16 .array/port v0x58d8e79e83e0, 16;
v0x58d8e79e83e0_17 .array/port v0x58d8e79e83e0, 17;
v0x58d8e79e83e0_18 .array/port v0x58d8e79e83e0, 18;
v0x58d8e79e83e0_19 .array/port v0x58d8e79e83e0, 19;
E_0x58d8e7a0d2c0/5 .event edge, v0x58d8e79e83e0_16, v0x58d8e79e83e0_17, v0x58d8e79e83e0_18, v0x58d8e79e83e0_19;
v0x58d8e79e83e0_20 .array/port v0x58d8e79e83e0, 20;
v0x58d8e79e83e0_21 .array/port v0x58d8e79e83e0, 21;
v0x58d8e79e83e0_22 .array/port v0x58d8e79e83e0, 22;
v0x58d8e79e83e0_23 .array/port v0x58d8e79e83e0, 23;
E_0x58d8e7a0d2c0/6 .event edge, v0x58d8e79e83e0_20, v0x58d8e79e83e0_21, v0x58d8e79e83e0_22, v0x58d8e79e83e0_23;
v0x58d8e79e83e0_24 .array/port v0x58d8e79e83e0, 24;
v0x58d8e79e83e0_25 .array/port v0x58d8e79e83e0, 25;
v0x58d8e79e83e0_26 .array/port v0x58d8e79e83e0, 26;
v0x58d8e79e83e0_27 .array/port v0x58d8e79e83e0, 27;
E_0x58d8e7a0d2c0/7 .event edge, v0x58d8e79e83e0_24, v0x58d8e79e83e0_25, v0x58d8e79e83e0_26, v0x58d8e79e83e0_27;
v0x58d8e79e83e0_28 .array/port v0x58d8e79e83e0, 28;
v0x58d8e79e83e0_29 .array/port v0x58d8e79e83e0, 29;
v0x58d8e79e83e0_30 .array/port v0x58d8e79e83e0, 30;
v0x58d8e79e83e0_31 .array/port v0x58d8e79e83e0, 31;
E_0x58d8e7a0d2c0/8 .event edge, v0x58d8e79e83e0_28, v0x58d8e79e83e0_29, v0x58d8e79e83e0_30, v0x58d8e79e83e0_31;
v0x58d8e79e83e0_32 .array/port v0x58d8e79e83e0, 32;
v0x58d8e79e83e0_33 .array/port v0x58d8e79e83e0, 33;
v0x58d8e79e83e0_34 .array/port v0x58d8e79e83e0, 34;
v0x58d8e79e83e0_35 .array/port v0x58d8e79e83e0, 35;
E_0x58d8e7a0d2c0/9 .event edge, v0x58d8e79e83e0_32, v0x58d8e79e83e0_33, v0x58d8e79e83e0_34, v0x58d8e79e83e0_35;
v0x58d8e79e83e0_36 .array/port v0x58d8e79e83e0, 36;
v0x58d8e79e83e0_37 .array/port v0x58d8e79e83e0, 37;
v0x58d8e79e83e0_38 .array/port v0x58d8e79e83e0, 38;
v0x58d8e79e83e0_39 .array/port v0x58d8e79e83e0, 39;
E_0x58d8e7a0d2c0/10 .event edge, v0x58d8e79e83e0_36, v0x58d8e79e83e0_37, v0x58d8e79e83e0_38, v0x58d8e79e83e0_39;
v0x58d8e79e83e0_40 .array/port v0x58d8e79e83e0, 40;
v0x58d8e79e83e0_41 .array/port v0x58d8e79e83e0, 41;
v0x58d8e79e83e0_42 .array/port v0x58d8e79e83e0, 42;
v0x58d8e79e83e0_43 .array/port v0x58d8e79e83e0, 43;
E_0x58d8e7a0d2c0/11 .event edge, v0x58d8e79e83e0_40, v0x58d8e79e83e0_41, v0x58d8e79e83e0_42, v0x58d8e79e83e0_43;
v0x58d8e79e83e0_44 .array/port v0x58d8e79e83e0, 44;
v0x58d8e79e83e0_45 .array/port v0x58d8e79e83e0, 45;
v0x58d8e79e83e0_46 .array/port v0x58d8e79e83e0, 46;
v0x58d8e79e83e0_47 .array/port v0x58d8e79e83e0, 47;
E_0x58d8e7a0d2c0/12 .event edge, v0x58d8e79e83e0_44, v0x58d8e79e83e0_45, v0x58d8e79e83e0_46, v0x58d8e79e83e0_47;
v0x58d8e79e83e0_48 .array/port v0x58d8e79e83e0, 48;
v0x58d8e79e83e0_49 .array/port v0x58d8e79e83e0, 49;
v0x58d8e79e83e0_50 .array/port v0x58d8e79e83e0, 50;
v0x58d8e79e83e0_51 .array/port v0x58d8e79e83e0, 51;
E_0x58d8e7a0d2c0/13 .event edge, v0x58d8e79e83e0_48, v0x58d8e79e83e0_49, v0x58d8e79e83e0_50, v0x58d8e79e83e0_51;
v0x58d8e79e83e0_52 .array/port v0x58d8e79e83e0, 52;
v0x58d8e79e83e0_53 .array/port v0x58d8e79e83e0, 53;
v0x58d8e79e83e0_54 .array/port v0x58d8e79e83e0, 54;
v0x58d8e79e83e0_55 .array/port v0x58d8e79e83e0, 55;
E_0x58d8e7a0d2c0/14 .event edge, v0x58d8e79e83e0_52, v0x58d8e79e83e0_53, v0x58d8e79e83e0_54, v0x58d8e79e83e0_55;
v0x58d8e79e83e0_56 .array/port v0x58d8e79e83e0, 56;
v0x58d8e79e83e0_57 .array/port v0x58d8e79e83e0, 57;
v0x58d8e79e83e0_58 .array/port v0x58d8e79e83e0, 58;
v0x58d8e79e83e0_59 .array/port v0x58d8e79e83e0, 59;
E_0x58d8e7a0d2c0/15 .event edge, v0x58d8e79e83e0_56, v0x58d8e79e83e0_57, v0x58d8e79e83e0_58, v0x58d8e79e83e0_59;
v0x58d8e79e83e0_60 .array/port v0x58d8e79e83e0, 60;
v0x58d8e79e83e0_61 .array/port v0x58d8e79e83e0, 61;
v0x58d8e79e83e0_62 .array/port v0x58d8e79e83e0, 62;
v0x58d8e79e83e0_63 .array/port v0x58d8e79e83e0, 63;
E_0x58d8e7a0d2c0/16 .event edge, v0x58d8e79e83e0_60, v0x58d8e79e83e0_61, v0x58d8e79e83e0_62, v0x58d8e79e83e0_63;
v0x58d8e79e83e0_64 .array/port v0x58d8e79e83e0, 64;
v0x58d8e79e83e0_65 .array/port v0x58d8e79e83e0, 65;
v0x58d8e79e83e0_66 .array/port v0x58d8e79e83e0, 66;
v0x58d8e79e83e0_67 .array/port v0x58d8e79e83e0, 67;
E_0x58d8e7a0d2c0/17 .event edge, v0x58d8e79e83e0_64, v0x58d8e79e83e0_65, v0x58d8e79e83e0_66, v0x58d8e79e83e0_67;
v0x58d8e79e83e0_68 .array/port v0x58d8e79e83e0, 68;
v0x58d8e79e83e0_69 .array/port v0x58d8e79e83e0, 69;
v0x58d8e79e83e0_70 .array/port v0x58d8e79e83e0, 70;
v0x58d8e79e83e0_71 .array/port v0x58d8e79e83e0, 71;
E_0x58d8e7a0d2c0/18 .event edge, v0x58d8e79e83e0_68, v0x58d8e79e83e0_69, v0x58d8e79e83e0_70, v0x58d8e79e83e0_71;
v0x58d8e79e83e0_72 .array/port v0x58d8e79e83e0, 72;
v0x58d8e79e83e0_73 .array/port v0x58d8e79e83e0, 73;
v0x58d8e79e83e0_74 .array/port v0x58d8e79e83e0, 74;
v0x58d8e79e83e0_75 .array/port v0x58d8e79e83e0, 75;
E_0x58d8e7a0d2c0/19 .event edge, v0x58d8e79e83e0_72, v0x58d8e79e83e0_73, v0x58d8e79e83e0_74, v0x58d8e79e83e0_75;
v0x58d8e79e83e0_76 .array/port v0x58d8e79e83e0, 76;
v0x58d8e79e83e0_77 .array/port v0x58d8e79e83e0, 77;
v0x58d8e79e83e0_78 .array/port v0x58d8e79e83e0, 78;
v0x58d8e79e83e0_79 .array/port v0x58d8e79e83e0, 79;
E_0x58d8e7a0d2c0/20 .event edge, v0x58d8e79e83e0_76, v0x58d8e79e83e0_77, v0x58d8e79e83e0_78, v0x58d8e79e83e0_79;
v0x58d8e79e83e0_80 .array/port v0x58d8e79e83e0, 80;
v0x58d8e79e83e0_81 .array/port v0x58d8e79e83e0, 81;
v0x58d8e79e83e0_82 .array/port v0x58d8e79e83e0, 82;
v0x58d8e79e83e0_83 .array/port v0x58d8e79e83e0, 83;
E_0x58d8e7a0d2c0/21 .event edge, v0x58d8e79e83e0_80, v0x58d8e79e83e0_81, v0x58d8e79e83e0_82, v0x58d8e79e83e0_83;
v0x58d8e79e83e0_84 .array/port v0x58d8e79e83e0, 84;
v0x58d8e79e83e0_85 .array/port v0x58d8e79e83e0, 85;
v0x58d8e79e83e0_86 .array/port v0x58d8e79e83e0, 86;
v0x58d8e79e83e0_87 .array/port v0x58d8e79e83e0, 87;
E_0x58d8e7a0d2c0/22 .event edge, v0x58d8e79e83e0_84, v0x58d8e79e83e0_85, v0x58d8e79e83e0_86, v0x58d8e79e83e0_87;
v0x58d8e79e83e0_88 .array/port v0x58d8e79e83e0, 88;
v0x58d8e79e83e0_89 .array/port v0x58d8e79e83e0, 89;
v0x58d8e79e83e0_90 .array/port v0x58d8e79e83e0, 90;
v0x58d8e79e83e0_91 .array/port v0x58d8e79e83e0, 91;
E_0x58d8e7a0d2c0/23 .event edge, v0x58d8e79e83e0_88, v0x58d8e79e83e0_89, v0x58d8e79e83e0_90, v0x58d8e79e83e0_91;
v0x58d8e79e83e0_92 .array/port v0x58d8e79e83e0, 92;
v0x58d8e79e83e0_93 .array/port v0x58d8e79e83e0, 93;
v0x58d8e79e83e0_94 .array/port v0x58d8e79e83e0, 94;
v0x58d8e79e83e0_95 .array/port v0x58d8e79e83e0, 95;
E_0x58d8e7a0d2c0/24 .event edge, v0x58d8e79e83e0_92, v0x58d8e79e83e0_93, v0x58d8e79e83e0_94, v0x58d8e79e83e0_95;
v0x58d8e79e83e0_96 .array/port v0x58d8e79e83e0, 96;
v0x58d8e79e83e0_97 .array/port v0x58d8e79e83e0, 97;
v0x58d8e79e83e0_98 .array/port v0x58d8e79e83e0, 98;
v0x58d8e79e83e0_99 .array/port v0x58d8e79e83e0, 99;
E_0x58d8e7a0d2c0/25 .event edge, v0x58d8e79e83e0_96, v0x58d8e79e83e0_97, v0x58d8e79e83e0_98, v0x58d8e79e83e0_99;
v0x58d8e79e83e0_100 .array/port v0x58d8e79e83e0, 100;
v0x58d8e79e83e0_101 .array/port v0x58d8e79e83e0, 101;
v0x58d8e79e83e0_102 .array/port v0x58d8e79e83e0, 102;
v0x58d8e79e83e0_103 .array/port v0x58d8e79e83e0, 103;
E_0x58d8e7a0d2c0/26 .event edge, v0x58d8e79e83e0_100, v0x58d8e79e83e0_101, v0x58d8e79e83e0_102, v0x58d8e79e83e0_103;
v0x58d8e79e83e0_104 .array/port v0x58d8e79e83e0, 104;
v0x58d8e79e83e0_105 .array/port v0x58d8e79e83e0, 105;
v0x58d8e79e83e0_106 .array/port v0x58d8e79e83e0, 106;
v0x58d8e79e83e0_107 .array/port v0x58d8e79e83e0, 107;
E_0x58d8e7a0d2c0/27 .event edge, v0x58d8e79e83e0_104, v0x58d8e79e83e0_105, v0x58d8e79e83e0_106, v0x58d8e79e83e0_107;
v0x58d8e79e83e0_108 .array/port v0x58d8e79e83e0, 108;
v0x58d8e79e83e0_109 .array/port v0x58d8e79e83e0, 109;
v0x58d8e79e83e0_110 .array/port v0x58d8e79e83e0, 110;
v0x58d8e79e83e0_111 .array/port v0x58d8e79e83e0, 111;
E_0x58d8e7a0d2c0/28 .event edge, v0x58d8e79e83e0_108, v0x58d8e79e83e0_109, v0x58d8e79e83e0_110, v0x58d8e79e83e0_111;
v0x58d8e79e83e0_112 .array/port v0x58d8e79e83e0, 112;
v0x58d8e79e83e0_113 .array/port v0x58d8e79e83e0, 113;
v0x58d8e79e83e0_114 .array/port v0x58d8e79e83e0, 114;
v0x58d8e79e83e0_115 .array/port v0x58d8e79e83e0, 115;
E_0x58d8e7a0d2c0/29 .event edge, v0x58d8e79e83e0_112, v0x58d8e79e83e0_113, v0x58d8e79e83e0_114, v0x58d8e79e83e0_115;
v0x58d8e79e83e0_116 .array/port v0x58d8e79e83e0, 116;
v0x58d8e79e83e0_117 .array/port v0x58d8e79e83e0, 117;
v0x58d8e79e83e0_118 .array/port v0x58d8e79e83e0, 118;
v0x58d8e79e83e0_119 .array/port v0x58d8e79e83e0, 119;
E_0x58d8e7a0d2c0/30 .event edge, v0x58d8e79e83e0_116, v0x58d8e79e83e0_117, v0x58d8e79e83e0_118, v0x58d8e79e83e0_119;
v0x58d8e79e83e0_120 .array/port v0x58d8e79e83e0, 120;
v0x58d8e79e83e0_121 .array/port v0x58d8e79e83e0, 121;
v0x58d8e79e83e0_122 .array/port v0x58d8e79e83e0, 122;
v0x58d8e79e83e0_123 .array/port v0x58d8e79e83e0, 123;
E_0x58d8e7a0d2c0/31 .event edge, v0x58d8e79e83e0_120, v0x58d8e79e83e0_121, v0x58d8e79e83e0_122, v0x58d8e79e83e0_123;
v0x58d8e79e83e0_124 .array/port v0x58d8e79e83e0, 124;
v0x58d8e79e83e0_125 .array/port v0x58d8e79e83e0, 125;
v0x58d8e79e83e0_126 .array/port v0x58d8e79e83e0, 126;
v0x58d8e79e83e0_127 .array/port v0x58d8e79e83e0, 127;
E_0x58d8e7a0d2c0/32 .event edge, v0x58d8e79e83e0_124, v0x58d8e79e83e0_125, v0x58d8e79e83e0_126, v0x58d8e79e83e0_127;
v0x58d8e79e83e0_128 .array/port v0x58d8e79e83e0, 128;
v0x58d8e79e83e0_129 .array/port v0x58d8e79e83e0, 129;
v0x58d8e79e83e0_130 .array/port v0x58d8e79e83e0, 130;
v0x58d8e79e83e0_131 .array/port v0x58d8e79e83e0, 131;
E_0x58d8e7a0d2c0/33 .event edge, v0x58d8e79e83e0_128, v0x58d8e79e83e0_129, v0x58d8e79e83e0_130, v0x58d8e79e83e0_131;
v0x58d8e79e83e0_132 .array/port v0x58d8e79e83e0, 132;
v0x58d8e79e83e0_133 .array/port v0x58d8e79e83e0, 133;
v0x58d8e79e83e0_134 .array/port v0x58d8e79e83e0, 134;
v0x58d8e79e83e0_135 .array/port v0x58d8e79e83e0, 135;
E_0x58d8e7a0d2c0/34 .event edge, v0x58d8e79e83e0_132, v0x58d8e79e83e0_133, v0x58d8e79e83e0_134, v0x58d8e79e83e0_135;
v0x58d8e79e83e0_136 .array/port v0x58d8e79e83e0, 136;
v0x58d8e79e83e0_137 .array/port v0x58d8e79e83e0, 137;
v0x58d8e79e83e0_138 .array/port v0x58d8e79e83e0, 138;
v0x58d8e79e83e0_139 .array/port v0x58d8e79e83e0, 139;
E_0x58d8e7a0d2c0/35 .event edge, v0x58d8e79e83e0_136, v0x58d8e79e83e0_137, v0x58d8e79e83e0_138, v0x58d8e79e83e0_139;
v0x58d8e79e83e0_140 .array/port v0x58d8e79e83e0, 140;
v0x58d8e79e83e0_141 .array/port v0x58d8e79e83e0, 141;
v0x58d8e79e83e0_142 .array/port v0x58d8e79e83e0, 142;
v0x58d8e79e83e0_143 .array/port v0x58d8e79e83e0, 143;
E_0x58d8e7a0d2c0/36 .event edge, v0x58d8e79e83e0_140, v0x58d8e79e83e0_141, v0x58d8e79e83e0_142, v0x58d8e79e83e0_143;
v0x58d8e79e83e0_144 .array/port v0x58d8e79e83e0, 144;
v0x58d8e79e83e0_145 .array/port v0x58d8e79e83e0, 145;
v0x58d8e79e83e0_146 .array/port v0x58d8e79e83e0, 146;
v0x58d8e79e83e0_147 .array/port v0x58d8e79e83e0, 147;
E_0x58d8e7a0d2c0/37 .event edge, v0x58d8e79e83e0_144, v0x58d8e79e83e0_145, v0x58d8e79e83e0_146, v0x58d8e79e83e0_147;
v0x58d8e79e83e0_148 .array/port v0x58d8e79e83e0, 148;
v0x58d8e79e83e0_149 .array/port v0x58d8e79e83e0, 149;
v0x58d8e79e83e0_150 .array/port v0x58d8e79e83e0, 150;
v0x58d8e79e83e0_151 .array/port v0x58d8e79e83e0, 151;
E_0x58d8e7a0d2c0/38 .event edge, v0x58d8e79e83e0_148, v0x58d8e79e83e0_149, v0x58d8e79e83e0_150, v0x58d8e79e83e0_151;
v0x58d8e79e83e0_152 .array/port v0x58d8e79e83e0, 152;
v0x58d8e79e83e0_153 .array/port v0x58d8e79e83e0, 153;
v0x58d8e79e83e0_154 .array/port v0x58d8e79e83e0, 154;
v0x58d8e79e83e0_155 .array/port v0x58d8e79e83e0, 155;
E_0x58d8e7a0d2c0/39 .event edge, v0x58d8e79e83e0_152, v0x58d8e79e83e0_153, v0x58d8e79e83e0_154, v0x58d8e79e83e0_155;
v0x58d8e79e83e0_156 .array/port v0x58d8e79e83e0, 156;
v0x58d8e79e83e0_157 .array/port v0x58d8e79e83e0, 157;
v0x58d8e79e83e0_158 .array/port v0x58d8e79e83e0, 158;
v0x58d8e79e83e0_159 .array/port v0x58d8e79e83e0, 159;
E_0x58d8e7a0d2c0/40 .event edge, v0x58d8e79e83e0_156, v0x58d8e79e83e0_157, v0x58d8e79e83e0_158, v0x58d8e79e83e0_159;
v0x58d8e79e83e0_160 .array/port v0x58d8e79e83e0, 160;
v0x58d8e79e83e0_161 .array/port v0x58d8e79e83e0, 161;
v0x58d8e79e83e0_162 .array/port v0x58d8e79e83e0, 162;
v0x58d8e79e83e0_163 .array/port v0x58d8e79e83e0, 163;
E_0x58d8e7a0d2c0/41 .event edge, v0x58d8e79e83e0_160, v0x58d8e79e83e0_161, v0x58d8e79e83e0_162, v0x58d8e79e83e0_163;
v0x58d8e79e83e0_164 .array/port v0x58d8e79e83e0, 164;
v0x58d8e79e83e0_165 .array/port v0x58d8e79e83e0, 165;
v0x58d8e79e83e0_166 .array/port v0x58d8e79e83e0, 166;
v0x58d8e79e83e0_167 .array/port v0x58d8e79e83e0, 167;
E_0x58d8e7a0d2c0/42 .event edge, v0x58d8e79e83e0_164, v0x58d8e79e83e0_165, v0x58d8e79e83e0_166, v0x58d8e79e83e0_167;
v0x58d8e79e83e0_168 .array/port v0x58d8e79e83e0, 168;
v0x58d8e79e83e0_169 .array/port v0x58d8e79e83e0, 169;
v0x58d8e79e83e0_170 .array/port v0x58d8e79e83e0, 170;
v0x58d8e79e83e0_171 .array/port v0x58d8e79e83e0, 171;
E_0x58d8e7a0d2c0/43 .event edge, v0x58d8e79e83e0_168, v0x58d8e79e83e0_169, v0x58d8e79e83e0_170, v0x58d8e79e83e0_171;
v0x58d8e79e83e0_172 .array/port v0x58d8e79e83e0, 172;
v0x58d8e79e83e0_173 .array/port v0x58d8e79e83e0, 173;
v0x58d8e79e83e0_174 .array/port v0x58d8e79e83e0, 174;
v0x58d8e79e83e0_175 .array/port v0x58d8e79e83e0, 175;
E_0x58d8e7a0d2c0/44 .event edge, v0x58d8e79e83e0_172, v0x58d8e79e83e0_173, v0x58d8e79e83e0_174, v0x58d8e79e83e0_175;
v0x58d8e79e83e0_176 .array/port v0x58d8e79e83e0, 176;
v0x58d8e79e83e0_177 .array/port v0x58d8e79e83e0, 177;
v0x58d8e79e83e0_178 .array/port v0x58d8e79e83e0, 178;
v0x58d8e79e83e0_179 .array/port v0x58d8e79e83e0, 179;
E_0x58d8e7a0d2c0/45 .event edge, v0x58d8e79e83e0_176, v0x58d8e79e83e0_177, v0x58d8e79e83e0_178, v0x58d8e79e83e0_179;
v0x58d8e79e83e0_180 .array/port v0x58d8e79e83e0, 180;
v0x58d8e79e83e0_181 .array/port v0x58d8e79e83e0, 181;
v0x58d8e79e83e0_182 .array/port v0x58d8e79e83e0, 182;
v0x58d8e79e83e0_183 .array/port v0x58d8e79e83e0, 183;
E_0x58d8e7a0d2c0/46 .event edge, v0x58d8e79e83e0_180, v0x58d8e79e83e0_181, v0x58d8e79e83e0_182, v0x58d8e79e83e0_183;
v0x58d8e79e83e0_184 .array/port v0x58d8e79e83e0, 184;
v0x58d8e79e83e0_185 .array/port v0x58d8e79e83e0, 185;
v0x58d8e79e83e0_186 .array/port v0x58d8e79e83e0, 186;
v0x58d8e79e83e0_187 .array/port v0x58d8e79e83e0, 187;
E_0x58d8e7a0d2c0/47 .event edge, v0x58d8e79e83e0_184, v0x58d8e79e83e0_185, v0x58d8e79e83e0_186, v0x58d8e79e83e0_187;
v0x58d8e79e83e0_188 .array/port v0x58d8e79e83e0, 188;
v0x58d8e79e83e0_189 .array/port v0x58d8e79e83e0, 189;
v0x58d8e79e83e0_190 .array/port v0x58d8e79e83e0, 190;
v0x58d8e79e83e0_191 .array/port v0x58d8e79e83e0, 191;
E_0x58d8e7a0d2c0/48 .event edge, v0x58d8e79e83e0_188, v0x58d8e79e83e0_189, v0x58d8e79e83e0_190, v0x58d8e79e83e0_191;
v0x58d8e79e83e0_192 .array/port v0x58d8e79e83e0, 192;
v0x58d8e79e83e0_193 .array/port v0x58d8e79e83e0, 193;
v0x58d8e79e83e0_194 .array/port v0x58d8e79e83e0, 194;
v0x58d8e79e83e0_195 .array/port v0x58d8e79e83e0, 195;
E_0x58d8e7a0d2c0/49 .event edge, v0x58d8e79e83e0_192, v0x58d8e79e83e0_193, v0x58d8e79e83e0_194, v0x58d8e79e83e0_195;
v0x58d8e79e83e0_196 .array/port v0x58d8e79e83e0, 196;
v0x58d8e79e83e0_197 .array/port v0x58d8e79e83e0, 197;
v0x58d8e79e83e0_198 .array/port v0x58d8e79e83e0, 198;
v0x58d8e79e83e0_199 .array/port v0x58d8e79e83e0, 199;
E_0x58d8e7a0d2c0/50 .event edge, v0x58d8e79e83e0_196, v0x58d8e79e83e0_197, v0x58d8e79e83e0_198, v0x58d8e79e83e0_199;
v0x58d8e79e83e0_200 .array/port v0x58d8e79e83e0, 200;
v0x58d8e79e83e0_201 .array/port v0x58d8e79e83e0, 201;
v0x58d8e79e83e0_202 .array/port v0x58d8e79e83e0, 202;
v0x58d8e79e83e0_203 .array/port v0x58d8e79e83e0, 203;
E_0x58d8e7a0d2c0/51 .event edge, v0x58d8e79e83e0_200, v0x58d8e79e83e0_201, v0x58d8e79e83e0_202, v0x58d8e79e83e0_203;
v0x58d8e79e83e0_204 .array/port v0x58d8e79e83e0, 204;
v0x58d8e79e83e0_205 .array/port v0x58d8e79e83e0, 205;
v0x58d8e79e83e0_206 .array/port v0x58d8e79e83e0, 206;
v0x58d8e79e83e0_207 .array/port v0x58d8e79e83e0, 207;
E_0x58d8e7a0d2c0/52 .event edge, v0x58d8e79e83e0_204, v0x58d8e79e83e0_205, v0x58d8e79e83e0_206, v0x58d8e79e83e0_207;
v0x58d8e79e83e0_208 .array/port v0x58d8e79e83e0, 208;
v0x58d8e79e83e0_209 .array/port v0x58d8e79e83e0, 209;
v0x58d8e79e83e0_210 .array/port v0x58d8e79e83e0, 210;
v0x58d8e79e83e0_211 .array/port v0x58d8e79e83e0, 211;
E_0x58d8e7a0d2c0/53 .event edge, v0x58d8e79e83e0_208, v0x58d8e79e83e0_209, v0x58d8e79e83e0_210, v0x58d8e79e83e0_211;
v0x58d8e79e83e0_212 .array/port v0x58d8e79e83e0, 212;
v0x58d8e79e83e0_213 .array/port v0x58d8e79e83e0, 213;
v0x58d8e79e83e0_214 .array/port v0x58d8e79e83e0, 214;
v0x58d8e79e83e0_215 .array/port v0x58d8e79e83e0, 215;
E_0x58d8e7a0d2c0/54 .event edge, v0x58d8e79e83e0_212, v0x58d8e79e83e0_213, v0x58d8e79e83e0_214, v0x58d8e79e83e0_215;
v0x58d8e79e83e0_216 .array/port v0x58d8e79e83e0, 216;
v0x58d8e79e83e0_217 .array/port v0x58d8e79e83e0, 217;
v0x58d8e79e83e0_218 .array/port v0x58d8e79e83e0, 218;
v0x58d8e79e83e0_219 .array/port v0x58d8e79e83e0, 219;
E_0x58d8e7a0d2c0/55 .event edge, v0x58d8e79e83e0_216, v0x58d8e79e83e0_217, v0x58d8e79e83e0_218, v0x58d8e79e83e0_219;
v0x58d8e79e83e0_220 .array/port v0x58d8e79e83e0, 220;
v0x58d8e79e83e0_221 .array/port v0x58d8e79e83e0, 221;
v0x58d8e79e83e0_222 .array/port v0x58d8e79e83e0, 222;
v0x58d8e79e83e0_223 .array/port v0x58d8e79e83e0, 223;
E_0x58d8e7a0d2c0/56 .event edge, v0x58d8e79e83e0_220, v0x58d8e79e83e0_221, v0x58d8e79e83e0_222, v0x58d8e79e83e0_223;
v0x58d8e79e83e0_224 .array/port v0x58d8e79e83e0, 224;
v0x58d8e79e83e0_225 .array/port v0x58d8e79e83e0, 225;
v0x58d8e79e83e0_226 .array/port v0x58d8e79e83e0, 226;
v0x58d8e79e83e0_227 .array/port v0x58d8e79e83e0, 227;
E_0x58d8e7a0d2c0/57 .event edge, v0x58d8e79e83e0_224, v0x58d8e79e83e0_225, v0x58d8e79e83e0_226, v0x58d8e79e83e0_227;
v0x58d8e79e83e0_228 .array/port v0x58d8e79e83e0, 228;
v0x58d8e79e83e0_229 .array/port v0x58d8e79e83e0, 229;
v0x58d8e79e83e0_230 .array/port v0x58d8e79e83e0, 230;
v0x58d8e79e83e0_231 .array/port v0x58d8e79e83e0, 231;
E_0x58d8e7a0d2c0/58 .event edge, v0x58d8e79e83e0_228, v0x58d8e79e83e0_229, v0x58d8e79e83e0_230, v0x58d8e79e83e0_231;
v0x58d8e79e83e0_232 .array/port v0x58d8e79e83e0, 232;
v0x58d8e79e83e0_233 .array/port v0x58d8e79e83e0, 233;
v0x58d8e79e83e0_234 .array/port v0x58d8e79e83e0, 234;
v0x58d8e79e83e0_235 .array/port v0x58d8e79e83e0, 235;
E_0x58d8e7a0d2c0/59 .event edge, v0x58d8e79e83e0_232, v0x58d8e79e83e0_233, v0x58d8e79e83e0_234, v0x58d8e79e83e0_235;
v0x58d8e79e83e0_236 .array/port v0x58d8e79e83e0, 236;
v0x58d8e79e83e0_237 .array/port v0x58d8e79e83e0, 237;
v0x58d8e79e83e0_238 .array/port v0x58d8e79e83e0, 238;
v0x58d8e79e83e0_239 .array/port v0x58d8e79e83e0, 239;
E_0x58d8e7a0d2c0/60 .event edge, v0x58d8e79e83e0_236, v0x58d8e79e83e0_237, v0x58d8e79e83e0_238, v0x58d8e79e83e0_239;
v0x58d8e79e83e0_240 .array/port v0x58d8e79e83e0, 240;
v0x58d8e79e83e0_241 .array/port v0x58d8e79e83e0, 241;
v0x58d8e79e83e0_242 .array/port v0x58d8e79e83e0, 242;
v0x58d8e79e83e0_243 .array/port v0x58d8e79e83e0, 243;
E_0x58d8e7a0d2c0/61 .event edge, v0x58d8e79e83e0_240, v0x58d8e79e83e0_241, v0x58d8e79e83e0_242, v0x58d8e79e83e0_243;
v0x58d8e79e83e0_244 .array/port v0x58d8e79e83e0, 244;
v0x58d8e79e83e0_245 .array/port v0x58d8e79e83e0, 245;
v0x58d8e79e83e0_246 .array/port v0x58d8e79e83e0, 246;
v0x58d8e79e83e0_247 .array/port v0x58d8e79e83e0, 247;
E_0x58d8e7a0d2c0/62 .event edge, v0x58d8e79e83e0_244, v0x58d8e79e83e0_245, v0x58d8e79e83e0_246, v0x58d8e79e83e0_247;
v0x58d8e79e83e0_248 .array/port v0x58d8e79e83e0, 248;
v0x58d8e79e83e0_249 .array/port v0x58d8e79e83e0, 249;
v0x58d8e79e83e0_250 .array/port v0x58d8e79e83e0, 250;
v0x58d8e79e83e0_251 .array/port v0x58d8e79e83e0, 251;
E_0x58d8e7a0d2c0/63 .event edge, v0x58d8e79e83e0_248, v0x58d8e79e83e0_249, v0x58d8e79e83e0_250, v0x58d8e79e83e0_251;
v0x58d8e79e83e0_252 .array/port v0x58d8e79e83e0, 252;
v0x58d8e79e83e0_253 .array/port v0x58d8e79e83e0, 253;
v0x58d8e79e83e0_254 .array/port v0x58d8e79e83e0, 254;
v0x58d8e79e83e0_255 .array/port v0x58d8e79e83e0, 255;
E_0x58d8e7a0d2c0/64 .event edge, v0x58d8e79e83e0_252, v0x58d8e79e83e0_253, v0x58d8e79e83e0_254, v0x58d8e79e83e0_255;
E_0x58d8e7a0d2c0 .event/or E_0x58d8e7a0d2c0/0, E_0x58d8e7a0d2c0/1, E_0x58d8e7a0d2c0/2, E_0x58d8e7a0d2c0/3, E_0x58d8e7a0d2c0/4, E_0x58d8e7a0d2c0/5, E_0x58d8e7a0d2c0/6, E_0x58d8e7a0d2c0/7, E_0x58d8e7a0d2c0/8, E_0x58d8e7a0d2c0/9, E_0x58d8e7a0d2c0/10, E_0x58d8e7a0d2c0/11, E_0x58d8e7a0d2c0/12, E_0x58d8e7a0d2c0/13, E_0x58d8e7a0d2c0/14, E_0x58d8e7a0d2c0/15, E_0x58d8e7a0d2c0/16, E_0x58d8e7a0d2c0/17, E_0x58d8e7a0d2c0/18, E_0x58d8e7a0d2c0/19, E_0x58d8e7a0d2c0/20, E_0x58d8e7a0d2c0/21, E_0x58d8e7a0d2c0/22, E_0x58d8e7a0d2c0/23, E_0x58d8e7a0d2c0/24, E_0x58d8e7a0d2c0/25, E_0x58d8e7a0d2c0/26, E_0x58d8e7a0d2c0/27, E_0x58d8e7a0d2c0/28, E_0x58d8e7a0d2c0/29, E_0x58d8e7a0d2c0/30, E_0x58d8e7a0d2c0/31, E_0x58d8e7a0d2c0/32, E_0x58d8e7a0d2c0/33, E_0x58d8e7a0d2c0/34, E_0x58d8e7a0d2c0/35, E_0x58d8e7a0d2c0/36, E_0x58d8e7a0d2c0/37, E_0x58d8e7a0d2c0/38, E_0x58d8e7a0d2c0/39, E_0x58d8e7a0d2c0/40, E_0x58d8e7a0d2c0/41, E_0x58d8e7a0d2c0/42, E_0x58d8e7a0d2c0/43, E_0x58d8e7a0d2c0/44, E_0x58d8e7a0d2c0/45, E_0x58d8e7a0d2c0/46, E_0x58d8e7a0d2c0/47, E_0x58d8e7a0d2c0/48, E_0x58d8e7a0d2c0/49, E_0x58d8e7a0d2c0/50, E_0x58d8e7a0d2c0/51, E_0x58d8e7a0d2c0/52, E_0x58d8e7a0d2c0/53, E_0x58d8e7a0d2c0/54, E_0x58d8e7a0d2c0/55, E_0x58d8e7a0d2c0/56, E_0x58d8e7a0d2c0/57, E_0x58d8e7a0d2c0/58, E_0x58d8e7a0d2c0/59, E_0x58d8e7a0d2c0/60, E_0x58d8e7a0d2c0/61, E_0x58d8e7a0d2c0/62, E_0x58d8e7a0d2c0/63, E_0x58d8e7a0d2c0/64;
S_0x58d8e7a06b00 .scope begin, "load_comb" "load_comb" 5 27, 5 27 0, S_0x58d8e7a06700;
 .timescale 0 0;
S_0x58d8e7a06f00 .scope begin, "store_ff" "store_ff" 5 56, 5 56 0, S_0x58d8e7a06700;
 .timescale 0 0;
S_0x58d8e7a21970 .scope module, "imem_01" "imem" 4 127, 6 1 0, S_0x58d8e7a06300;
 .timescale 0 0;
    .port_info 0 /INPUT 32 "addr";
    .port_info 1 /OUTPUT 32 "instr";
P_0x58d8e7a21b70 .param/l "DATA_WIDTH" 0 6 2, +C4<00000000000000000000000000100000>;
P_0x58d8e7a21bb0 .param/l "MEM_DEPTH" 0 6 3, +C4<00000000000000000000000100000000>;
P_0x58d8e7a21bf0 .param/str "MEM_FILE" 0 6 4, "program.hex";
L_0x58d8e79fb0e0 .functor BUFZ 32, L_0x58d8e7a38eb0, C4<00000000000000000000000000000000>, C4<00000000000000000000000000000000>, C4<00000000000000000000000000000000>;
v0x58d8e7a21d50_0 .net *"_ivl_0", 31 0, L_0x58d8e7a38eb0;  1 drivers
v0x58d8e7a21e50_0 .net *"_ivl_3", 29 0, L_0x58d8e7a38f50;  1 drivers
v0x58d8e7a21f30_0 .net "addr", 31 0, L_0x58d8e79f83d0;  alias, 1 drivers
v0x58d8e7a21ff0_0 .var/i "i", 31 0;
v0x58d8e7a220d0_0 .net "instr", 31 0, L_0x58d8e79fb0e0;  alias, 1 drivers
v0x58d8e7a22200 .array "mem", 255 0, 31 0;
L_0x58d8e7a38eb0 .array/port v0x58d8e7a22200, L_0x58d8e7a38f50;
L_0x58d8e7a38f50 .part L_0x58d8e79f83d0, 2, 30;
S_0x58d8e7a22320 .scope module, "stage_ex_01" "stage_ex" 4 220, 7 1 0, S_0x58d8e7a06300;
 .timescale 0 0;
    .port_info 0 /INPUT 1 "clk";
    .port_info 1 /INPUT 1 "rst";
    .port_info 2 /INPUT 32 "id_ex_pc";
    .port_info 3 /INPUT 32 "id_ex_A";
    .port_info 4 /INPUT 32 "id_ex_B";
    .port_info 5 /INPUT 32 "id_ex_imm";
    .port_info 6 /INPUT 5 "id_ex_rs1";
    .port_info 7 /INPUT 5 "id_ex_rs2";
    .port_info 8 /INPUT 5 "id_ex_rd";
    .port_info 9 /INPUT 4 "id_ex_alu_op";
    .port_info 10 /INPUT 1 "id_ex_alu_use_imm";
    .port_info 11 /INPUT 1 "id_ex_write_rd";
    .port_info 12 /INPUT 1 "id_ex_write_mem";
    .port_info 13 /INPUT 1 "id_ex_mem_access";
    .port_info 14 /INPUT 6 "id_ex_mem_width";
    .port_info 15 /INPUT 1 "id_ex_jump";
    .port_info 16 /INPUT 1 "id_ex_is_branch";
    .port_info 17 /INPUT 3 "id_ex_rd_data_src";
    .port_info 18 /INPUT 3 "id_ex_imm_type";
    .port_info 19 /INPUT 1 "id_ex_valid";
    .port_info 20 /INPUT 1 "fwd_ex_mem_valid";
    .port_info 21 /INPUT 1 "fwd_ex_mem_write_rd";
    .port_info 22 /INPUT 5 "fwd_ex_mem_rd";
    .port_info 23 /INPUT 32 "fwd_ex_mem_alu_result";
    .port_info 24 /INPUT 1 "mem_wb_valid";
    .port_info 25 /INPUT 1 "mem_wb_write_rd";
    .port_info 26 /INPUT 5 "mem_wb_rd";
    .port_info 27 /INPUT 32 "mem_wb_alu_result";
    .port_info 28 /INPUT 32 "mem_wb_mem_data";
    .port_info 29 /INPUT 3 "mem_wb_rd_data_src";
    .port_info 30 /OUTPUT 32 "ex_mem_pc";
    .port_info 31 /OUTPUT 32 "ex_mem_alu_result";
    .port_info 32 /OUTPUT 32 "ex_mem_B";
    .port_info 33 /OUTPUT 5 "ex_mem_rd";
    .port_info 34 /OUTPUT 4 "ex_mem_alu_op";
    .port_info 35 /OUTPUT 1 "ex_mem_alu_use_imm";
    .port_info 36 /OUTPUT 1 "ex_mem_write_rd";
    .port_info 37 /OUTPUT 1 "ex_mem_write_mem";
    .port_info 38 /OUTPUT 1 "ex_mem_mem_access";
    .port_info 39 /OUTPUT 6 "ex_mem_mem_width";
    .port_info 40 /OUTPUT 1 "ex_mem_jump";
    .port_info 41 /OUTPUT 1 "ex_mem_is_branch";
    .port_info 42 /OUTPUT 3 "ex_mem_rd_data_src";
    .port_info 43 /OUTPUT 3 "ex_mem_imm_type";
    .port_info 44 /OUTPUT 1 "ex_mem_take_branch";
    .port_info 45 /OUTPUT 32 "ex_mem_branch_target";
    .port_info 46 /OUTPUT 1 "ex_mem_valid";
P_0x58d8e7a0a900 .param/l "ADDR_WIDTH" 0 7 3, +C4<00000000000000000000000000000101>;
P_0x58d8e7a0a940 .param/l "DATA_WIDTH" 0 7 2, +C4<00000000000000000000000000100000>;
v0x58d8e7a250a0_0 .net "alu_result", 31 0, v0x58d8e7a23570_0;  1 drivers
v0x58d8e7a25180_0 .net "alu_zero", 0 0, L_0x58d8e7a4a390;  1 drivers
v0x58d8e7a25220_0 .net "branch_target", 31 0, L_0x58d8e7a4a5c0;  1 drivers
v0x58d8e7a252f0_0 .net "clk", 0 0, v0x58d8e7a38c00_0;  alias, 1 drivers
v0x58d8e7a253c0_0 .var "ex_mem_B", 31 0;
v0x58d8e7a254b0_0 .var "ex_mem_alu_op", 3 0;
v0x58d8e7a25590_0 .var "ex_mem_alu_result", 31 0;
v0x58d8e7a25670_0 .var "ex_mem_alu_use_imm", 0 0;
v0x58d8e7a25730_0 .var "ex_mem_branch_target", 31 0;
v0x58d8e7a258a0_0 .var "ex_mem_imm_type", 2 0;
v0x58d8e7a25980_0 .var "ex_mem_is_branch", 0 0;
v0x58d8e7a25a40_0 .var "ex_mem_jump", 0 0;
v0x58d8e7a25b00_0 .var "ex_mem_mem_access", 0 0;
v0x58d8e7a25bc0_0 .var "ex_mem_mem_width", 5 0;
v0x58d8e7a25ca0_0 .var "ex_mem_pc", 31 0;
v0x58d8e7a25d80_0 .var "ex_mem_rd", 4 0;
v0x58d8e7a25e40_0 .var "ex_mem_rd_data_src", 2 0;
v0x58d8e7a26010_0 .var "ex_mem_take_branch", 0 0;
v0x58d8e7a260d0_0 .var "ex_mem_valid", 0 0;
v0x58d8e7a261a0_0 .var "ex_mem_write_mem", 0 0;
v0x58d8e7a26240_0 .var "ex_mem_write_rd", 0 0;
v0x58d8e7a26310_0 .net "forward_a", 1 0, v0x58d8e7a24570_0;  1 drivers
v0x58d8e7a263e0_0 .net "forward_b", 1 0, v0x58d8e7a24650_0;  1 drivers
v0x58d8e7a264b0_0 .net "fwd_ex_mem_alu_result", 31 0, v0x58d8e7a25590_0;  alias, 1 drivers
v0x58d8e7a26580_0 .net "fwd_ex_mem_rd", 4 0, v0x58d8e7a25d80_0;  alias, 1 drivers
v0x58d8e7a26620_0 .net "fwd_ex_mem_valid", 0 0, v0x58d8e7a260d0_0;  alias, 1 drivers
v0x58d8e7a26710_0 .net "fwd_ex_mem_write_rd", 0 0, v0x58d8e7a26240_0;  alias, 1 drivers
v0x58d8e7a26800_0 .net "id_ex_A", 31 0, v0x58d8e7a2df60_0;  alias, 1 drivers
v0x58d8e7a268e0_0 .net "id_ex_B", 31 0, v0x58d8e7a2e020_0;  alias, 1 drivers
v0x58d8e7a269c0_0 .net "id_ex_alu_op", 3 0, v0x58d8e7a2e0c0_0;  alias, 1 drivers
v0x58d8e7a26a80_0 .net "id_ex_alu_use_imm", 0 0, v0x58d8e7a2e160_0;  alias, 1 drivers
v0x58d8e7a26b20_0 .net "id_ex_imm", 31 0, v0x58d8e7a2e200_0;  alias, 1 drivers
v0x58d8e7a26c00_0 .net "id_ex_imm_type", 2 0, v0x58d8e7a2e2a0_0;  alias, 1 drivers
v0x58d8e7a26ef0_0 .net "id_ex_is_branch", 0 0, v0x58d8e7a2e370_0;  alias, 1 drivers
v0x58d8e7a26fb0_0 .net "id_ex_jump", 0 0, v0x58d8e7a2e440_0;  alias, 1 drivers
v0x58d8e7a27070_0 .net "id_ex_mem_access", 0 0, v0x58d8e7a2e510_0;  alias, 1 drivers
v0x58d8e7a27130_0 .net "id_ex_mem_width", 5 0, v0x58d8e7a2e5e0_0;  alias, 1 drivers
v0x58d8e7a27210_0 .net "id_ex_pc", 31 0, v0x58d8e7a2e6b0_0;  alias, 1 drivers
v0x58d8e7a272f0_0 .net "id_ex_rd", 4 0, v0x58d8e7a2e890_0;  alias, 1 drivers
v0x58d8e7a273d0_0 .net "id_ex_rd_data_src", 2 0, v0x58d8e7a2e960_0;  alias, 1 drivers
v0x58d8e7a274b0_0 .net "id_ex_rs1", 4 0, v0x58d8e7a2ea30_0;  alias, 1 drivers
v0x58d8e7a27570_0 .net "id_ex_rs2", 4 0, v0x58d8e7a2eb20_0;  alias, 1 drivers
v0x58d8e7a27610_0 .net "id_ex_valid", 0 0, v0x58d8e7a2ec10_0;  alias, 1 drivers
v0x58d8e7a276b0_0 .net "id_ex_write_mem", 0 0, v0x58d8e7a2ecb0_0;  alias, 1 drivers
v0x58d8e7a27770_0 .net "id_ex_write_rd", 0 0, v0x58d8e7a2ed50_0;  alias, 1 drivers
v0x58d8e7a27830_0 .net "mem_wb_alu_result", 31 0, v0x58d8e7a33a40_0;  alias, 1 drivers
v0x58d8e7a27910_0 .net "mem_wb_mem_data", 31 0, v0x58d8e7a33b10_0;  alias, 1 drivers
v0x58d8e7a279f0_0 .net "mem_wb_rd", 4 0, v0x58d8e7a33be0_0;  alias, 1 drivers
v0x58d8e7a27ae0_0 .net "mem_wb_rd_data_src", 2 0, v0x58d8e7a33cd0_0;  alias, 1 drivers
v0x58d8e7a27ba0_0 .net "mem_wb_valid", 0 0, v0x58d8e7a33d70_0;  alias, 1 drivers
v0x58d8e7a27c70_0 .net "mem_wb_write_rd", 0 0, v0x58d8e7a33e60_0;  alias, 1 drivers
v0x58d8e7a27d40_0 .var "opA", 31 0;
v0x58d8e7a27e10_0 .net "opB", 31 0, L_0x58d8e7a4a520;  1 drivers
v0x58d8e7a27ee0_0 .var "regB", 31 0;
v0x58d8e7a27f80_0 .net "rst", 0 0, v0x58d8e7a38d60_0;  alias, 1 drivers
v0x58d8e7a28040_0 .var "take_branch", 0 0;
v0x58d8e7a28100_0 .var "wb_value", 31 0;
E_0x58d8e7a22aa0 .event edge, v0x58d8e7a26ef0_0, v0x58d8e7a232c0_0, v0x58d8e7a23570_0;
E_0x58d8e7a22b00 .event edge, v0x58d8e7a24650_0, v0x58d8e7a268e0_0, v0x58d8e7a25590_0, v0x58d8e7a28100_0;
E_0x58d8e7a22b70 .event edge, v0x58d8e7a24570_0, v0x58d8e7a26800_0, v0x58d8e7a25590_0, v0x58d8e7a28100_0;
E_0x58d8e7a22be0 .event edge, v0x58d8e7a27ae0_0, v0x58d8e7a27910_0, v0x58d8e7a27830_0;
L_0x58d8e7a4a520 .functor MUXZ 32, v0x58d8e7a27ee0_0, v0x58d8e7a2e200_0, v0x58d8e7a2e160_0, C4<>;
L_0x58d8e7a4a5c0 .arith/sum 32, v0x58d8e7a2e6b0_0, v0x58d8e7a2e200_0;
S_0x58d8e7a22c70 .scope module, "alu_01" "alu" 7 131, 8 1 0, S_0x58d8e7a22320;
 .timescale 0 0;
    .port_info 0 /INPUT 32 "op1";
    .port_info 1 /INPUT 32 "op2";
    .port_info 2 /INPUT 4 "alu_op";
    .port_info 3 /OUTPUT 32 "result";
    .port_info 4 /OUTPUT 1 "zero";
P_0x58d8e7a22e50 .param/l "DATA_WIDTH" 0 8 2, +C4<00000000000000000000000000100000>;
L_0x7f9b391862a0 .functor BUFT 1, C4<00000000000000000000000000000000>, C4<0>, C4<0>, C4<0>;
v0x58d8e7a231c0_0 .net/2u *"_ivl_2", 31 0, L_0x7f9b391862a0;  1 drivers
v0x58d8e7a232c0_0 .net "alu_op", 3 0, v0x58d8e7a2e0c0_0;  alias, 1 drivers
v0x58d8e7a233a0_0 .net "op1", 31 0, v0x58d8e7a27d40_0;  1 drivers
v0x58d8e7a23490_0 .net "op2", 31 0, L_0x58d8e7a4a520;  alias, 1 drivers
v0x58d8e7a23570_0 .var "result", 31 0;
v0x58d8e7a236a0_0 .net "shamt", 4 0, L_0x58d8e7a4a2a0;  1 drivers
v0x58d8e7a23780_0 .net "zero", 0 0, L_0x58d8e7a4a390;  alias, 1 drivers
E_0x58d8e7a22f50 .event edge, v0x58d8e7a232c0_0, v0x58d8e7a233a0_0, v0x58d8e7a23490_0, v0x58d8e7a236a0_0;
L_0x58d8e7a4a2a0 .part L_0x58d8e7a4a520, 0, 5;
L_0x58d8e7a4a390 .cmp/eq 32, v0x58d8e7a23570_0, L_0x7f9b391862a0;
S_0x58d8e7a22fc0 .scope begin, "alu_comb" "alu_comb" 8 17, 8 17 0, S_0x58d8e7a22c70;
 .timescale 0 0;
S_0x58d8e7a238e0 .scope begin, "branch_comb" "branch_comb" 7 183, 7 183 0, S_0x58d8e7a22320;
 .timescale 0 0;
S_0x58d8e7a23ae0 .scope begin, "ex_mem_ff" "ex_mem_ff" 7 222, 7 222 0, S_0x58d8e7a22320;
 .timescale 0 0;
S_0x58d8e7a23cc0 .scope module, "forwarding_unit_01" "forwarding_unit" 7 112, 9 1 0, S_0x58d8e7a22320;
 .timescale 0 0;
    .port_info 0 /INPUT 5 "id_ex_rs1";
    .port_info 1 /INPUT 5 "id_ex_rs2";
    .port_info 2 /INPUT 1 "ex_mem_valid";
    .port_info 3 /INPUT 1 "ex_mem_write_rd";
    .port_info 4 /INPUT 5 "ex_mem_rd";
    .port_info 5 /INPUT 1 "mem_wb_valid";
    .port_info 6 /INPUT 1 "mem_wb_write_rd";
    .port_info 7 /INPUT 5 "mem_wb_rd";
    .port_info 8 /OUTPUT 2 "forward_a";
    .port_info 9 /OUTPUT 2 "forward_b";
P_0x58d8e7a23ea0 .param/l "ADDR_WIDTH" 0 9 2, +C4<00000000000000000000000000000101>;
v0x58d8e7a242e0_0 .net "ex_mem_rd", 4 0, v0x58d8e7a25d80_0;  alias, 1 drivers
v0x58d8e7a243e0_0 .net "ex_mem_valid", 0 0, v0x58d8e7a260d0_0;  alias, 1 drivers
v0x58d8e7a244a0_0 .net "ex_mem_write_rd", 0 0, v0x58d8e7a26240_0;  alias, 1 drivers
v0x58d8e7a24570_0 .var "forward_a", 1 0;
v0x58d8e7a24650_0 .var "forward_b", 1 0;
v0x58d8e7a24780_0 .net "id_ex_rs1", 4 0, v0x58d8e7a2ea30_0;  alias, 1 drivers
v0x58d8e7a24860_0 .net "id_ex_rs2", 4 0, v0x58d8e7a2eb20_0;  alias, 1 drivers
v0x58d8e7a24940_0 .net "mem_wb_rd", 4 0, v0x58d8e7a33be0_0;  alias, 1 drivers
v0x58d8e7a24a20_0 .net "mem_wb_valid", 0 0, v0x58d8e7a33d70_0;  alias, 1 drivers
v0x58d8e7a24ae0_0 .net "mem_wb_write_rd", 0 0, v0x58d8e7a33e60_0;  alias, 1 drivers
E_0x58d8e7a24070/0 .event edge, v0x58d8e7a243e0_0, v0x58d8e7a244a0_0, v0x58d8e7a242e0_0, v0x58d8e7a24780_0;
E_0x58d8e7a24070/1 .event edge, v0x58d8e7a24860_0, v0x58d8e7a24a20_0, v0x58d8e7a24ae0_0, v0x58d8e7a24940_0;
E_0x58d8e7a24070 .event/or E_0x58d8e7a24070/0, E_0x58d8e7a24070/1;
S_0x58d8e7a24100 .scope begin, "forwarding_comb" "forwarding_comb" 9 29, 9 29 0, S_0x58d8e7a23cc0;
 .timescale 0 0;
S_0x58d8e7a24ce0 .scope begin, "operandA_comb" "operandA_comb" 7 156, 7 156 0, S_0x58d8e7a22320;
 .timescale 0 0;
S_0x58d8e7a24ec0 .scope begin, "operandB_comb" "operandB_comb" 7 168, 7 168 0, S_0x58d8e7a22320;
 .timescale 0 0;
S_0x58d8e7a287c0 .scope module, "stage_id_01" "stage_id" 4 171, 10 1 0, S_0x58d8e7a06300;
 .timescale 0 0;
    .port_info 0 /INPUT 1 "clk";
    .port_info 1 /INPUT 1 "rst";
    .port_info 2 /INPUT 32 "if_id_pc";
    .port_info 3 /INPUT 32 "if_id_instr";
    .port_info 4 /INPUT 1 "if_id_valid";
    .port_info 5 /INPUT 1 "stall";
    .port_info 6 /INPUT 1 "flush";
    .port_info 7 /INPUT 1 "wb_write_enable";
    .port_info 8 /INPUT 5 "wb_rd_addr";
    .port_info 9 /INPUT 32 "wb_rd_data";
    .port_info 10 /OUTPUT 32 "id_ex_pc";
    .port_info 11 /OUTPUT 32 "id_ex_A";
    .port_info 12 /OUTPUT 32 "id_ex_B";
    .port_info 13 /OUTPUT 32 "id_ex_imm";
    .port_info 14 /OUTPUT 5 "id_ex_rs1";
    .port_info 15 /OUTPUT 5 "id_ex_rs2";
    .port_info 16 /OUTPUT 5 "id_ex_rd";
    .port_info 17 /OUTPUT 4 "id_ex_alu_op";
    .port_info 18 /OUTPUT 1 "id_ex_alu_use_imm";
    .port_info 19 /OUTPUT 1 "id_ex_write_rd";
    .port_info 20 /OUTPUT 1 "id_ex_write_mem";
    .port_info 21 /OUTPUT 1 "id_ex_mem_access";
    .port_info 22 /OUTPUT 6 "id_ex_mem_width";
    .port_info 23 /OUTPUT 1 "id_ex_jump";
    .port_info 24 /OUTPUT 1 "id_ex_is_branch";
    .port_info 25 /OUTPUT 3 "id_ex_rd_data_src";
    .port_info 26 /OUTPUT 3 "id_ex_imm_type";
    .port_info 27 /OUTPUT 1 "id_ex_valid";
P_0x58d8e7a257d0 .param/l "ADDR_WIDTH" 0 10 3, +C4<00000000000000000000000000000101>;
P_0x58d8e7a25810 .param/l "DATA_WIDTH" 0 10 2, +C4<00000000000000000000000000100000>;
v0x58d8e7a2da30_0 .net "alu_op_w", 3 0, v0x58d8e7a293a0_0;  1 drivers
v0x58d8e7a2db40_0 .net "alu_use_imm_w", 0 0, v0x58d8e7a294a0_0;  1 drivers
v0x58d8e7a2dc10_0 .net "clk", 0 0, v0x58d8e7a38c00_0;  alias, 1 drivers
v0x58d8e7a2dce0_0 .net "flush", 0 0, L_0x58d8e79e7440;  alias, 1 drivers
v0x58d8e7a2dd80_0 .net "funct3", 2 0, L_0x58d8e7a391c0;  1 drivers
v0x58d8e7a2de70_0 .net "funct7", 6 0, L_0x58d8e7a394b0;  1 drivers
v0x58d8e7a2df60_0 .var "id_ex_A", 31 0;
v0x58d8e7a2e020_0 .var "id_ex_B", 31 0;
v0x58d8e7a2e0c0_0 .var "id_ex_alu_op", 3 0;
v0x58d8e7a2e160_0 .var "id_ex_alu_use_imm", 0 0;
v0x58d8e7a2e200_0 .var "id_ex_imm", 31 0;
v0x58d8e7a2e2a0_0 .var "id_ex_imm_type", 2 0;
v0x58d8e7a2e370_0 .var "id_ex_is_branch", 0 0;
v0x58d8e7a2e440_0 .var "id_ex_jump", 0 0;
v0x58d8e7a2e510_0 .var "id_ex_mem_access", 0 0;
v0x58d8e7a2e5e0_0 .var "id_ex_mem_width", 5 0;
v0x58d8e7a2e6b0_0 .var "id_ex_pc", 31 0;
v0x58d8e7a2e890_0 .var "id_ex_rd", 4 0;
v0x58d8e7a2e960_0 .var "id_ex_rd_data_src", 2 0;
v0x58d8e7a2ea30_0 .var "id_ex_rs1", 4 0;
v0x58d8e7a2eb20_0 .var "id_ex_rs2", 4 0;
v0x58d8e7a2ec10_0 .var "id_ex_valid", 0 0;
v0x58d8e7a2ecb0_0 .var "id_ex_write_mem", 0 0;
v0x58d8e7a2ed50_0 .var "id_ex_write_rd", 0 0;
v0x58d8e7a2ee20_0 .net "if_id_instr", 31 0, v0x58d8e7a31ae0_0;  alias, 1 drivers
v0x58d8e7a2ef10_0 .net "if_id_pc", 31 0, v0x58d8e7a31ba0_0;  alias, 1 drivers
v0x58d8e7a2efb0_0 .net "if_id_valid", 0 0, v0x58d8e7a31c70_0;  alias, 1 drivers
v0x58d8e7a2f050_0 .net "imm_out", 31 0, v0x58d8e7a2b600_0;  1 drivers
v0x58d8e7a2f0f0_0 .net "imm_type_w", 2 0, v0x58d8e7a29730_0;  1 drivers
v0x58d8e7a2f1e0_0 .net "is_branch_w", 0 0, v0x58d8e7a29860_0;  1 drivers
v0x58d8e7a2f280_0 .net "jump_w", 0 0, v0x58d8e7a29920_0;  1 drivers
v0x58d8e7a2f350_0 .net "mem_access_w", 0 0, v0x58d8e7a299e0_0;  1 drivers
v0x58d8e7a2f420_0 .net "mem_width_w", 5 0, v0x58d8e7a29aa0_0;  1 drivers
v0x58d8e7a2f700_0 .net "opcode", 6 0, L_0x58d8e7a39080;  1 drivers
v0x58d8e7a2f7f0_0 .net "rd", 4 0, L_0x58d8e7a39120;  1 drivers
v0x58d8e7a2f890_0 .net "rd_data_src_w", 2 0, v0x58d8e7a29c60_0;  1 drivers
v0x58d8e7a2f960_0 .net "rs1", 4 0, L_0x58d8e7a39260;  1 drivers
v0x58d8e7a2fa50_0 .net "rs1_data", 31 0, L_0x58d8e7a499b0;  1 drivers
v0x58d8e7a2faf0_0 .net "rs2", 4 0, L_0x58d8e7a39410;  1 drivers
v0x58d8e7a2fbe0_0 .net "rs2_data", 31 0, L_0x58d8e7a4a100;  1 drivers
v0x58d8e7a2fca0_0 .net "rst", 0 0, v0x58d8e7a38d60_0;  alias, 1 drivers
v0x58d8e7a2fd90_0 .net "stall", 0 0, L_0x7f9b39186018;  alias, 1 drivers
v0x58d8e7a2fe30_0 .net "wb_rd_addr", 4 0, L_0x58d8e7a4aa40;  alias, 1 drivers
v0x58d8e7a2fef0_0 .net "wb_rd_data", 31 0, L_0x58d8e7a4ab40;  alias, 1 drivers
v0x58d8e7a2ffc0_0 .net "wb_write_enable", 0 0, L_0x58d8e7a4a940;  alias, 1 drivers
v0x58d8e7a30090_0 .net "write_mem_w", 0 0, v0x58d8e7a29d40_0;  1 drivers
v0x58d8e7a30160_0 .net "write_rd_w", 0 0, v0x58d8e7a29e00_0;  1 drivers
S_0x58d8e7a28de0 .scope module, "control_unit_01" "control_unit" 10 110, 11 1 0, S_0x58d8e7a287c0;
 .timescale 0 0;
    .port_info 0 /INPUT 7 "opcode";
    .port_info 1 /INPUT 3 "funct3";
    .port_info 2 /INPUT 7 "funct7";
    .port_info 3 /OUTPUT 4 "alu_op";
    .port_info 4 /OUTPUT 1 "alu_use_imm";
    .port_info 5 /OUTPUT 1 "write_rd";
    .port_info 6 /OUTPUT 1 "write_mem";
    .port_info 7 /OUTPUT 1 "mem_access";
    .port_info 8 /OUTPUT 6 "mem_width";
    .port_info 9 /OUTPUT 1 "jump";
    .port_info 10 /OUTPUT 1 "is_branch";
    .port_info 11 /OUTPUT 3 "rd_data_src";
    .port_info 12 /OUTPUT 3 "imm_type";
v0x58d8e7a293a0_0 .var "alu_op", 3 0;
v0x58d8e7a294a0_0 .var "alu_use_imm", 0 0;
v0x58d8e7a29560_0 .net "funct3", 2 0, L_0x58d8e7a391c0;  alias, 1 drivers
v0x58d8e7a29650_0 .net "funct7", 6 0, L_0x58d8e7a394b0;  alias, 1 drivers
v0x58d8e7a29730_0 .var "imm_type", 2 0;
v0x58d8e7a29860_0 .var "is_branch", 0 0;
v0x58d8e7a29920_0 .var "jump", 0 0;
v0x58d8e7a299e0_0 .var "mem_access", 0 0;
v0x58d8e7a29aa0_0 .var "mem_width", 5 0;
v0x58d8e7a29b80_0 .net "opcode", 6 0, L_0x58d8e7a39080;  alias, 1 drivers
v0x58d8e7a29c60_0 .var "rd_data_src", 2 0;
v0x58d8e7a29d40_0 .var "write_mem", 0 0;
v0x58d8e7a29e00_0 .var "write_rd", 0 0;
E_0x58d8e7a29120 .event edge, v0x58d8e7a29b80_0, v0x58d8e7a29560_0, v0x58d8e7a29650_0;
S_0x58d8e7a291a0 .scope begin, "control_comb" "control_comb" 11 29, 11 29 0, S_0x58d8e7a28de0;
 .timescale 0 0;
S_0x58d8e7a2a060 .scope module, "decoder_01" "decoder" 10 95, 12 1 0, S_0x58d8e7a287c0;
 .timescale 0 0;
    .port_info 0 /INPUT 32 "instr";
    .port_info 1 /OUTPUT 7 "opcode";
    .port_info 2 /OUTPUT 5 "rd";
    .port_info 3 /OUTPUT 3 "funct3";
    .port_info 4 /OUTPUT 5 "rs1";
    .port_info 5 /OUTPUT 5 "rs2";
    .port_info 6 /OUTPUT 7 "funct7";
v0x58d8e7a2a300_0 .net "funct3", 2 0, L_0x58d8e7a391c0;  alias, 1 drivers
v0x58d8e7a2a3c0_0 .net "funct7", 6 0, L_0x58d8e7a394b0;  alias, 1 drivers
v0x58d8e7a2a490_0 .net "instr", 31 0, v0x58d8e7a31ae0_0;  alias, 1 drivers
v0x58d8e7a2a560_0 .net "opcode", 6 0, L_0x58d8e7a39080;  alias, 1 drivers
v0x58d8e7a2a650_0 .net "rd", 4 0, L_0x58d8e7a39120;  alias, 1 drivers
v0x58d8e7a2a760_0 .net "rs1", 4 0, L_0x58d8e7a39260;  alias, 1 drivers
v0x58d8e7a2a840_0 .net "rs2", 4 0, L_0x58d8e7a39410;  alias, 1 drivers
L_0x58d8e7a39080 .part v0x58d8e7a31ae0_0, 0, 7;
L_0x58d8e7a39120 .part v0x58d8e7a31ae0_0, 7, 5;
L_0x58d8e7a391c0 .part v0x58d8e7a31ae0_0, 12, 3;
L_0x58d8e7a39260 .part v0x58d8e7a31ae0_0, 15, 5;
L_0x58d8e7a39410 .part v0x58d8e7a31ae0_0, 20, 5;
L_0x58d8e7a394b0 .part v0x58d8e7a31ae0_0, 25, 7;
S_0x58d8e7a2aa40 .scope begin, "id_ex_ff" "id_ex_ff" 10 160, 10 160 0, S_0x58d8e7a287c0;
 .timescale 0 0;
S_0x58d8e7a2ac20 .scope module, "imm_gen_01" "immediate_generator" 10 134, 13 1 0, S_0x58d8e7a287c0;
 .timescale 0 0;
    .port_info 0 /INPUT 32 "instr";
    .port_info 1 /INPUT 3 "imm_type";
    .port_info 2 /OUTPUT 32 "imm_out";
v0x58d8e7a2b350_0 .var "imm_b", 31 0;
v0x58d8e7a2b430_0 .var "imm_i", 31 0;
v0x58d8e7a2b510_0 .var "imm_j", 31 0;
v0x58d8e7a2b600_0 .var "imm_out", 31 0;
v0x58d8e7a2b6e0_0 .var "imm_s", 31 0;
v0x58d8e7a2b810_0 .net "imm_type", 2 0, v0x58d8e7a29730_0;  alias, 1 drivers
v0x58d8e7a2b8d0_0 .var "imm_u", 31 0;
v0x58d8e7a2b990_0 .net "instr", 31 0, v0x58d8e7a31ae0_0;  alias, 1 drivers
E_0x58d8e7a2a210/0 .event edge, v0x58d8e7a29730_0, v0x58d8e7a2b430_0, v0x58d8e7a2b6e0_0, v0x58d8e7a2b350_0;
E_0x58d8e7a2a210/1 .event edge, v0x58d8e7a2b8d0_0, v0x58d8e7a2b510_0;
E_0x58d8e7a2a210 .event/or E_0x58d8e7a2a210/0, E_0x58d8e7a2a210/1;
E_0x58d8e7a2aeb0/0 .event edge, v0x58d8e7a2a490_0, v0x58d8e7a2a490_0, v0x58d8e7a2a490_0, v0x58d8e7a2a490_0;
E_0x58d8e7a2aeb0/1 .event edge, v0x58d8e7a2a490_0, v0x58d8e7a2a490_0, v0x58d8e7a2a490_0, v0x58d8e7a2a490_0;
E_0x58d8e7a2aeb0/2 .event edge, v0x58d8e7a2a490_0, v0x58d8e7a2a490_0, v0x58d8e7a2a490_0;
E_0x58d8e7a2aeb0 .event/or E_0x58d8e7a2aeb0/0, E_0x58d8e7a2aeb0/1, E_0x58d8e7a2aeb0/2;
S_0x58d8e7a2af50 .scope begin, "imm_extract" "imm_extract" 13 15, 13 15 0, S_0x58d8e7a2ac20;
 .timescale 0 0;
S_0x58d8e7a2b150 .scope begin, "imm_select" "imm_select" 13 34, 13 34 0, S_0x58d8e7a2ac20;
 .timescale 0 0;
S_0x58d8e7a2bae0 .scope module, "regfile_01" "regfile" 10 143, 14 1 0, S_0x58d8e7a287c0;
 .timescale 0 0;
    .port_info 0 /INPUT 1 "clk";
    .port_info 1 /INPUT 1 "rst";
    .port_info 2 /INPUT 5 "rs1_addr";
    .port_info 3 /INPUT 5 "rs2_addr";
    .port_info 4 /INPUT 1 "write_enable";
    .port_info 5 /INPUT 5 "rd_addr";
    .port_info 6 /INPUT 32 "rd_data";
    .port_info 7 /OUTPUT 32 "rs1_data";
    .port_info 8 /OUTPUT 32 "rs2_data";
P_0x58d8e7a2bd10 .param/l "ADDR_WIDTH" 0 14 3, +C4<00000000000000000000000000000101>;
P_0x58d8e7a2bd50 .param/l "DATA_WIDTH" 0 14 2, +C4<00000000000000000000000000100000>;
v0x58d8e7a2c210_0 .net *"_ivl_0", 31 0, L_0x58d8e7a39590;  1 drivers
v0x58d8e7a2c310_0 .net *"_ivl_10", 31 0, L_0x58d8e7a49780;  1 drivers
v0x58d8e7a2c3f0_0 .net *"_ivl_12", 6 0, L_0x58d8e7a49820;  1 drivers
L_0x7f9b39186138 .functor BUFT 1, C4<00>, C4<0>, C4<0>, C4<0>;
v0x58d8e7a2c4e0_0 .net *"_ivl_15", 1 0, L_0x7f9b39186138;  1 drivers
v0x58d8e7a2c5c0_0 .net *"_ivl_18", 31 0, L_0x58d8e7a49b90;  1 drivers
L_0x7f9b39186180 .functor BUFT 1, C4<000000000000000000000000000>, C4<0>, C4<0>, C4<0>;
v0x58d8e7a2c6f0_0 .net *"_ivl_21", 26 0, L_0x7f9b39186180;  1 drivers
L_0x7f9b391861c8 .functor BUFT 1, C4<00000000000000000000000000000000>, C4<0>, C4<0>, C4<0>;
v0x58d8e7a2c7d0_0 .net/2u *"_ivl_22", 31 0, L_0x7f9b391861c8;  1 drivers
v0x58d8e7a2c8b0_0 .net *"_ivl_24", 0 0, L_0x58d8e7a49d00;  1 drivers
L_0x7f9b39186210 .functor BUFT 1, C4<00000000000000000000000000000000>, C4<0>, C4<0>, C4<0>;
v0x58d8e7a2c970_0 .net/2u *"_ivl_26", 31 0, L_0x7f9b39186210;  1 drivers
v0x58d8e7a2ca50_0 .net *"_ivl_28", 31 0, L_0x58d8e7a49e40;  1 drivers
L_0x7f9b39186060 .functor BUFT 1, C4<000000000000000000000000000>, C4<0>, C4<0>, C4<0>;
v0x58d8e7a2cb30_0 .net *"_ivl_3", 26 0, L_0x7f9b39186060;  1 drivers
v0x58d8e7a2cc10_0 .net *"_ivl_30", 6 0, L_0x58d8e7a49f30;  1 drivers
L_0x7f9b39186258 .functor BUFT 1, C4<00>, C4<0>, C4<0>, C4<0>;
v0x58d8e7a2ccf0_0 .net *"_ivl_33", 1 0, L_0x7f9b39186258;  1 drivers
L_0x7f9b391860a8 .functor BUFT 1, C4<00000000000000000000000000000000>, C4<0>, C4<0>, C4<0>;
v0x58d8e7a2cdd0_0 .net/2u *"_ivl_4", 31 0, L_0x7f9b391860a8;  1 drivers
v0x58d8e7a2ceb0_0 .net *"_ivl_6", 0 0, L_0x58d8e7a49640;  1 drivers
L_0x7f9b391860f0 .functor BUFT 1, C4<00000000000000000000000000000000>, C4<0>, C4<0>, C4<0>;
v0x58d8e7a2cf70_0 .net/2u *"_ivl_8", 31 0, L_0x7f9b391860f0;  1 drivers
v0x58d8e7a2d050_0 .net "clk", 0 0, v0x58d8e7a38c00_0;  alias, 1 drivers
v0x58d8e7a2d0f0_0 .var/i "i", 31 0;
v0x58d8e7a2d1d0_0 .net "rd_addr", 4 0, L_0x58d8e7a4aa40;  alias, 1 drivers
v0x58d8e7a2d2b0_0 .net "rd_data", 31 0, L_0x58d8e7a4ab40;  alias, 1 drivers
v0x58d8e7a2d390 .array "regs", 31 0, 31 0;
v0x58d8e7a2d450_0 .net "rs1_addr", 4 0, L_0x58d8e7a39260;  alias, 1 drivers
v0x58d8e7a2d510_0 .net "rs1_data", 31 0, L_0x58d8e7a499b0;  alias, 1 drivers
v0x58d8e7a2d5d0_0 .net "rs2_addr", 4 0, L_0x58d8e7a39410;  alias, 1 drivers
v0x58d8e7a2d690_0 .net "rs2_data", 31 0, L_0x58d8e7a4a100;  alias, 1 drivers
v0x58d8e7a2d750_0 .net "rst", 0 0, v0x58d8e7a38d60_0;  alias, 1 drivers
v0x58d8e7a2d820_0 .net "write_enable", 0 0, L_0x58d8e7a4a940;  alias, 1 drivers
L_0x58d8e7a39590 .concat [ 5 27 0 0], L_0x58d8e7a39260, L_0x7f9b39186060;
L_0x58d8e7a49640 .cmp/eq 32, L_0x58d8e7a39590, L_0x7f9b391860a8;
L_0x58d8e7a49780 .array/port v0x58d8e7a2d390, L_0x58d8e7a49820;
L_0x58d8e7a49820 .concat [ 5 2 0 0], L_0x58d8e7a39260, L_0x7f9b39186138;
L_0x58d8e7a499b0 .functor MUXZ 32, L_0x58d8e7a49780, L_0x7f9b391860f0, L_0x58d8e7a49640, C4<>;
L_0x58d8e7a49b90 .concat [ 5 27 0 0], L_0x58d8e7a39410, L_0x7f9b39186180;
L_0x58d8e7a49d00 .cmp/eq 32, L_0x58d8e7a49b90, L_0x7f9b391861c8;
L_0x58d8e7a49e40 .array/port v0x58d8e7a2d390, L_0x58d8e7a49f30;
L_0x58d8e7a49f30 .concat [ 5 2 0 0], L_0x58d8e7a39410, L_0x7f9b39186258;
L_0x58d8e7a4a100 .functor MUXZ 32, L_0x58d8e7a49e40, L_0x7f9b39186210, L_0x58d8e7a49d00, C4<>;
S_0x58d8e7a2c030 .scope begin, "write_comb" "write_comb" 14 24, 14 24 0, S_0x58d8e7a2bae0;
 .timescale 0 0;
S_0x58d8e7a30530 .scope module, "stage_if_01" "stage_if" 4 152, 15 1 0, S_0x58d8e7a06300;
 .timescale 0 0;
    .port_info 0 /INPUT 1 "clk";
    .port_info 1 /INPUT 1 "rst";
    .port_info 2 /INPUT 1 "stall";
    .port_info 3 /INPUT 1 "redirect";
    .port_info 4 /INPUT 32 "redirect_pc";
    .port_info 5 /INPUT 32 "instr_in";
    .port_info 6 /OUTPUT 32 "imem_addr";
    .port_info 7 /OUTPUT 32 "if_id_pc";
    .port_info 8 /OUTPUT 32 "if_id_instr";
    .port_info 9 /OUTPUT 1 "if_id_valid";
P_0x58d8e7a30760 .param/l "DATA_WIDTH" 0 15 2, +C4<00000000000000000000000000100000>;
L_0x58d8e79f83d0 .functor BUFZ 32, v0x58d8e7a31770_0, C4<00000000000000000000000000000000>, C4<00000000000000000000000000000000>, C4<00000000000000000000000000000000>;
v0x58d8e7a31a20_0 .net "clk", 0 0, v0x58d8e7a38c00_0;  alias, 1 drivers
v0x58d8e7a31ae0_0 .var "if_id_instr", 31 0;
v0x58d8e7a31ba0_0 .var "if_id_pc", 31 0;
v0x58d8e7a31c70_0 .var "if_id_valid", 0 0;
v0x58d8e7a31d40_0 .net "imem_addr", 31 0, L_0x58d8e79f83d0;  alias, 1 drivers
v0x58d8e7a31e30_0 .net "instr_in", 31 0, L_0x58d8e79fb0e0;  alias, 1 drivers
v0x58d8e7a31f00_0 .net "next_pc", 31 0, v0x58d8e7a30e60_0;  1 drivers
v0x58d8e7a31ff0_0 .net "pc", 31 0, v0x58d8e7a31770_0;  1 drivers
v0x58d8e7a320e0_0 .net "redirect", 0 0, L_0x58d8e79e7440;  alias, 1 drivers
v0x58d8e7a32210_0 .net "redirect_pc", 31 0, v0x58d8e7a25730_0;  alias, 1 drivers
v0x58d8e7a32320_0 .net "rst", 0 0, v0x58d8e7a38d60_0;  alias, 1 drivers
v0x58d8e7a32450_0 .net "stall", 0 0, L_0x7f9b39186018;  alias, 1 drivers
S_0x58d8e7a30900 .scope begin, "if_id_ff" "if_id_ff" 15 55, 15 55 0, S_0x58d8e7a30530;
 .timescale 0 0;
S_0x58d8e7a30b00 .scope module, "pc_mux_01" "pc_mux" 15 30, 16 1 0, S_0x58d8e7a30530;
 .timescale 0 0;
    .port_info 0 /INPUT 32 "pc";
    .port_info 1 /INPUT 1 "redirect";
    .port_info 2 /INPUT 32 "redirect_pc";
    .port_info 3 /OUTPUT 32 "next_pc";
P_0x58d8e7a30d00 .param/l "DATA_WIDTH" 0 16 2, +C4<00000000000000000000000000100000>;
v0x58d8e7a30e60_0 .var "next_pc", 31 0;
v0x58d8e7a30f60_0 .net "pc", 31 0, v0x58d8e7a31770_0;  alias, 1 drivers
v0x58d8e7a31040_0 .net "redirect", 0 0, L_0x58d8e79e7440;  alias, 1 drivers
v0x58d8e7a31140_0 .net "redirect_pc", 31 0, v0x58d8e7a25730_0;  alias, 1 drivers
E_0x58d8e7a30e00 .event edge, v0x58d8e7a2dce0_0, v0x58d8e7a25730_0, v0x58d8e7a30f60_0;
S_0x58d8e7a31280 .scope module, "pc_reg_01" "pc_reg" 15 40, 17 1 0, S_0x58d8e7a30530;
 .timescale 0 0;
    .port_info 0 /INPUT 1 "clk";
    .port_info 1 /INPUT 1 "rst";
    .port_info 2 /INPUT 1 "stall";
    .port_info 3 /INPUT 32 "next_pc";
    .port_info 4 /OUTPUT 32 "pc";
P_0x58d8e7a31460 .param/l "DATA_WIDTH" 0 17 2, +C4<00000000000000000000000000100000>;
v0x58d8e7a315e0_0 .net "clk", 0 0, v0x58d8e7a38c00_0;  alias, 1 drivers
v0x58d8e7a31680_0 .net "next_pc", 31 0, v0x58d8e7a30e60_0;  alias, 1 drivers
v0x58d8e7a31770_0 .var "pc", 31 0;
v0x58d8e7a31870_0 .net "rst", 0 0, v0x58d8e7a38d60_0;  alias, 1 drivers
v0x58d8e7a31910_0 .net "stall", 0 0, L_0x7f9b39186018;  alias, 1 drivers
S_0x58d8e7a32690 .scope module, "stage_mem_01" "stage_mem" 4 300, 18 1 0, S_0x58d8e7a06300;
 .timescale 0 0;
    .port_info 0 /INPUT 1 "clk";
    .port_info 1 /INPUT 1 "rst";
    .port_info 2 /INPUT 32 "ex_mem_alu_result";
    .port_info 3 /INPUT 32 "ex_mem_B";
    .port_info 4 /INPUT 5 "ex_mem_rd";
    .port_info 5 /INPUT 1 "ex_mem_write_rd";
    .port_info 6 /INPUT 1 "ex_mem_write_mem";
    .port_info 7 /INPUT 1 "ex_mem_mem_access";
    .port_info 8 /INPUT 6 "ex_mem_mem_width";
    .port_info 9 /INPUT 3 "ex_mem_rd_data_src";
    .port_info 10 /INPUT 1 "ex_mem_valid";
    .port_info 11 /OUTPUT 1 "dmem_mem_access";
    .port_info 12 /OUTPUT 1 "dmem_write_enable";
    .port_info 13 /OUTPUT 6 "dmem_mem_width";
    .port_info 14 /OUTPUT 32 "dmem_addr";
    .port_info 15 /OUTPUT 32 "dmem_write_data";
    .port_info 16 /INPUT 32 "dmem_read_data";
    .port_info 17 /OUTPUT 32 "mem_wb_alu_result";
    .port_info 18 /OUTPUT 32 "mem_wb_mem_data";
    .port_info 19 /OUTPUT 5 "mem_wb_rd";
    .port_info 20 /OUTPUT 1 "mem_wb_write_rd";
    .port_info 21 /OUTPUT 3 "mem_wb_rd_data_src";
    .port_info 22 /OUTPUT 1 "mem_wb_valid";
P_0x58d8e7a32870 .param/l "ADDR_WIDTH" 0 18 3, +C4<00000000000000000000000000000101>;
P_0x58d8e7a328b0 .param/l "DATA_WIDTH" 0 18 2, +C4<00000000000000000000000000100000>;
L_0x58d8e792b0d0 .functor BUFZ 1, v0x58d8e7a25b00_0, C4<0>, C4<0>, C4<0>;
L_0x58d8e7a4a6f0 .functor BUFZ 1, v0x58d8e7a261a0_0, C4<0>, C4<0>, C4<0>;
L_0x58d8e7a4a760 .functor BUFZ 6, v0x58d8e7a25bc0_0, C4<000000>, C4<000000>, C4<000000>;
L_0x58d8e7a4a7d0 .functor BUFZ 32, v0x58d8e7a25590_0, C4<00000000000000000000000000000000>, C4<00000000000000000000000000000000>, C4<00000000000000000000000000000000>;
L_0x58d8e7a4a8d0 .functor BUFZ 32, v0x58d8e7a253c0_0, C4<00000000000000000000000000000000>, C4<00000000000000000000000000000000>, C4<00000000000000000000000000000000>;
v0x58d8e7a32e60_0 .net "clk", 0 0, v0x58d8e7a38c00_0;  alias, 1 drivers
v0x58d8e7a32f20_0 .net "dmem_addr", 31 0, L_0x58d8e7a4a7d0;  alias, 1 drivers
v0x58d8e7a32fe0_0 .net "dmem_mem_access", 0 0, L_0x58d8e792b0d0;  alias, 1 drivers
v0x58d8e7a33080_0 .net "dmem_mem_width", 5 0, L_0x58d8e7a4a760;  alias, 1 drivers
v0x58d8e7a33150_0 .net "dmem_read_data", 31 0, v0x58d8e79f84f0_0;  alias, 1 drivers
v0x58d8e7a33240_0 .net "dmem_write_data", 31 0, L_0x58d8e7a4a8d0;  alias, 1 drivers
v0x58d8e7a33310_0 .net "dmem_write_enable", 0 0, L_0x58d8e7a4a6f0;  alias, 1 drivers
v0x58d8e7a333e0_0 .net "ex_mem_B", 31 0, v0x58d8e7a253c0_0;  alias, 1 drivers
v0x58d8e7a334b0_0 .net "ex_mem_alu_result", 31 0, v0x58d8e7a25590_0;  alias, 1 drivers
v0x58d8e7a33550_0 .net "ex_mem_mem_access", 0 0, v0x58d8e7a25b00_0;  alias, 1 drivers
v0x58d8e7a335f0_0 .net "ex_mem_mem_width", 5 0, v0x58d8e7a25bc0_0;  alias, 1 drivers
v0x58d8e7a336c0_0 .net "ex_mem_rd", 4 0, v0x58d8e7a25d80_0;  alias, 1 drivers
v0x58d8e7a33760_0 .net "ex_mem_rd_data_src", 2 0, v0x58d8e7a25e40_0;  alias, 1 drivers
v0x58d8e7a33830_0 .net "ex_mem_valid", 0 0, v0x58d8e7a260d0_0;  alias, 1 drivers
v0x58d8e7a338d0_0 .net "ex_mem_write_mem", 0 0, v0x58d8e7a261a0_0;  alias, 1 drivers
v0x58d8e7a339a0_0 .net "ex_mem_write_rd", 0 0, v0x58d8e7a26240_0;  alias, 1 drivers
v0x58d8e7a33a40_0 .var "mem_wb_alu_result", 31 0;
v0x58d8e7a33b10_0 .var "mem_wb_mem_data", 31 0;
v0x58d8e7a33be0_0 .var "mem_wb_rd", 4 0;
v0x58d8e7a33cd0_0 .var "mem_wb_rd_data_src", 2 0;
v0x58d8e7a33d70_0 .var "mem_wb_valid", 0 0;
v0x58d8e7a33e60_0 .var "mem_wb_write_rd", 0 0;
v0x58d8e7a33f50_0 .net "rst", 0 0, v0x58d8e7a38d60_0;  alias, 1 drivers
S_0x58d8e7a32c60 .scope begin, "mem_wb_ff" "mem_wb_ff" 18 58, 18 58 0, S_0x58d8e7a32690;
 .timescale 0 0;
S_0x58d8e7a34270 .scope module, "stage_wb_01" "stage_wb" 4 342, 19 1 0, S_0x58d8e7a06300;
 .timescale 0 0;
    .port_info 0 /INPUT 32 "mem_wb_alu_result";
    .port_info 1 /INPUT 32 "mem_wb_mem_data";
    .port_info 2 /INPUT 5 "mem_wb_rd";
    .port_info 3 /INPUT 1 "mem_wb_write_rd";
    .port_info 4 /INPUT 3 "mem_wb_rd_data_src";
    .port_info 5 /INPUT 1 "mem_wb_valid";
    .port_info 6 /OUTPUT 1 "regfile_write_enable";
    .port_info 7 /OUTPUT 5 "regfile_rd_addr";
    .port_info 8 /OUTPUT 32 "regfile_rd_data";
P_0x58d8e7a32950 .param/l "ADDR_WIDTH" 0 19 3, +C4<00000000000000000000000000000101>;
P_0x58d8e7a32990 .param/l "DATA_WIDTH" 0 19 2, +C4<00000000000000000000000000100000>;
L_0x58d8e7a4a940 .functor AND 1, v0x58d8e7a33d70_0, v0x58d8e7a33e60_0, C4<1>, C4<1>;
L_0x58d8e7a4aa40 .functor BUFZ 5, v0x58d8e7a33be0_0, C4<00000>, C4<00000>, C4<00000>;
L_0x58d8e7a4ab40 .functor BUFZ 32, v0x58d8e7a35170_0, C4<00000000000000000000000000000000>, C4<00000000000000000000000000000000>, C4<00000000000000000000000000000000>;
v0x58d8e7a34930_0 .net "mem_wb_alu_result", 31 0, v0x58d8e7a33a40_0;  alias, 1 drivers
v0x58d8e7a34a60_0 .net "mem_wb_mem_data", 31 0, v0x58d8e7a33b10_0;  alias, 1 drivers
v0x58d8e7a34b70_0 .net "mem_wb_rd", 4 0, v0x58d8e7a33be0_0;  alias, 1 drivers
v0x58d8e7a34c10_0 .net "mem_wb_rd_data_src", 2 0, v0x58d8e7a33cd0_0;  alias, 1 drivers
v0x58d8e7a34d20_0 .net "mem_wb_valid", 0 0, v0x58d8e7a33d70_0;  alias, 1 drivers
v0x58d8e7a34e10_0 .net "mem_wb_write_rd", 0 0, v0x58d8e7a33e60_0;  alias, 1 drivers
v0x58d8e7a34eb0_0 .net "regfile_rd_addr", 4 0, L_0x58d8e7a4aa40;  alias, 1 drivers
v0x58d8e7a34fc0_0 .net "regfile_rd_data", 31 0, L_0x58d8e7a4ab40;  alias, 1 drivers
v0x58d8e7a350d0_0 .net "regfile_write_enable", 0 0, L_0x58d8e7a4a940;  alias, 1 drivers
v0x58d8e7a35170_0 .var "wb_data", 31 0;
E_0x58d8e7a346b0 .event edge, v0x58d8e7a27ae0_0, v0x58d8e7a27830_0, v0x58d8e7a27910_0;
S_0x58d8e7a34730 .scope begin, "wb_select_comb" "wb_select_comb" 19 27, 19 27 0, S_0x58d8e7a34270;
 .timescale 0 0;
    .scope S_0x58d8e7a21970;
T_0 ;
    %pushi/vec4 0, 0, 32;
    %store/vec4 v0x58d8e7a21ff0_0, 0, 32;
T_0.0 ;
    %load/vec4 v0x58d8e7a21ff0_0;
    %cmpi/s 256, 0, 32;
    %jmp/0xz T_0.1, 5;
    %pushi/vec4 19, 0, 32;
    %ix/getv/s 4, v0x58d8e7a21ff0_0;
    %store/vec4a v0x58d8e7a22200, 4, 0;
    %load/vec4 v0x58d8e7a21ff0_0;
    %addi 1, 0, 32;
    %store/vec4 v0x58d8e7a21ff0_0, 0, 32;
    %jmp T_0.0;
T_0.1 ;
    %vpi_call/w 6 20 "$readmemh", P_0x58d8e7a21bf0, v0x58d8e7a22200 {0 0 0};
    %end;
    .thread T_0;
    .scope S_0x58d8e7a06700;
T_1 ;
Ewait_0 .event/or E_0x58d8e7a0d2c0, E_0x0;
    %wait Ewait_0;
    %fork t_1, S_0x58d8e7a06b00;
    %jmp t_0;
    .scope S_0x58d8e7a06b00;
t_1 ;
    %pushi/vec4 0, 0, 32;
    %store/vec4 v0x58d8e79f84f0_0, 0, 32;
    %load/vec4 v0x58d8e79e7560_0;
    %load/vec4 v0x58d8e7a217d0_0;
    %nor/r;
    %and;
    %flag_set/vec4 8;
    %jmp/0xz  T_1.0, 8;
    %load/vec4 v0x58d8e79fb240_0;
    %dup/vec4;
    %pushi/vec4 8, 0, 6;
    %cmp/u;
    %jmp/1 T_1.2, 6;
    %dup/vec4;
    %pushi/vec4 16, 0, 6;
    %cmp/u;
    %jmp/1 T_1.3, 6;
    %dup/vec4;
    %pushi/vec4 32, 0, 6;
    %cmp/u;
    %jmp/1 T_1.4, 6;
    %pushi/vec4 0, 0, 32;
    %store/vec4 v0x58d8e79f84f0_0, 0, 32;
    %jmp T_1.6;
T_1.2 ;
    %pushi/vec4 0, 0, 24;
    %ix/getv 4, v0x58d8e7a0f0b0_0;
    %load/vec4a v0x58d8e79e83e0, 4;
    %concat/vec4; draw_concat_vec4
    %store/vec4 v0x58d8e79f84f0_0, 0, 32;
    %jmp T_1.6;
T_1.3 ;
    %pushi/vec4 0, 0, 16;
    %load/vec4 v0x58d8e7a0f0b0_0;
    %pad/u 33;
    %addi 1, 0, 33;
    %ix/vec4 4;
    %load/vec4a v0x58d8e79e83e0, 4;
    %concat/vec4; draw_concat_vec4
    %ix/getv 4, v0x58d8e7a0f0b0_0;
    %load/vec4a v0x58d8e79e83e0, 4;
    %concat/vec4; draw_concat_vec4
    %store/vec4 v0x58d8e79f84f0_0, 0, 32;
    %jmp T_1.6;
T_1.4 ;
    %load/vec4 v0x58d8e7a0f0b0_0;
    %pad/u 33;
    %addi 3, 0, 33;
    %ix/vec4 4;
    %load/vec4a v0x58d8e79e83e0, 4;
    %load/vec4 v0x58d8e7a0f0b0_0;
    %pad/u 33;
    %addi 2, 0, 33;
    %ix/vec4 4;
    %load/vec4a v0x58d8e79e83e0, 4;
    %concat/vec4; draw_concat_vec4
    %load/vec4 v0x58d8e7a0f0b0_0;
    %pad/u 33;
    %addi 1, 0, 33;
    %ix/vec4 4;
    %load/vec4a v0x58d8e79e83e0, 4;
    %concat/vec4; draw_concat_vec4
    %ix/getv 4, v0x58d8e7a0f0b0_0;
    %load/vec4a v0x58d8e79e83e0, 4;
    %concat/vec4; draw_concat_vec4
    %store/vec4 v0x58d8e79f84f0_0, 0, 32;
    %jmp T_1.6;
T_1.6 ;
    %pop/vec4 1;
T_1.0 ;
    %end;
    .scope S_0x58d8e7a06700;
t_0 %join;
    %jmp T_1;
    .thread T_1, $push;
    .scope S_0x58d8e7a06700;
T_2 ;
    %wait E_0x58d8e7a0e040;
    %fork t_3, S_0x58d8e7a06f00;
    %jmp t_2;
    .scope S_0x58d8e7a06f00;
t_3 ;
    %load/vec4 v0x58d8e79e7560_0;
    %load/vec4 v0x58d8e7a217d0_0;
    %and;
    %flag_set/vec4 8;
    %jmp/0xz  T_2.0, 8;
    %load/vec4 v0x58d8e79fb240_0;
    %dup/vec4;
    %pushi/vec4 8, 0, 6;
    %cmp/u;
    %jmp/1 T_2.2, 6;
    %dup/vec4;
    %pushi/vec4 16, 0, 6;
    %cmp/u;
    %jmp/1 T_2.3, 6;
    %dup/vec4;
    %pushi/vec4 32, 0, 6;
    %cmp/u;
    %jmp/1 T_2.4, 6;
    %jmp T_2.5;
T_2.2 ;
    %load/vec4 v0x58d8e7a05060_0;
    %parti/s 8, 0, 2;
    %ix/getv 3, v0x58d8e7a0f0b0_0;
    %ix/load 4, 0, 0; Constant delay
    %assign/vec4/a/d v0x58d8e79e83e0, 0, 4;
    %jmp T_2.5;
T_2.3 ;
    %load/vec4 v0x58d8e7a05060_0;
    %parti/s 8, 0, 2;
    %ix/getv 3, v0x58d8e7a0f0b0_0;
    %ix/load 4, 0, 0; Constant delay
    %assign/vec4/a/d v0x58d8e79e83e0, 0, 4;
    %load/vec4 v0x58d8e7a05060_0;
    %parti/s 8, 8, 5;
    %load/vec4 v0x58d8e7a0f0b0_0;
    %pad/u 33;
    %addi 1, 0, 33;
    %ix/vec4 3;
    %ix/load 4, 0, 0; Constant delay
    %assign/vec4/a/d v0x58d8e79e83e0, 0, 4;
    %jmp T_2.5;
T_2.4 ;
    %load/vec4 v0x58d8e7a05060_0;
    %parti/s 8, 0, 2;
    %ix/getv 3, v0x58d8e7a0f0b0_0;
    %ix/load 4, 0, 0; Constant delay
    %assign/vec4/a/d v0x58d8e79e83e0, 0, 4;
    %load/vec4 v0x58d8e7a05060_0;
    %parti/s 8, 8, 5;
    %load/vec4 v0x58d8e7a0f0b0_0;
    %pad/u 33;
    %addi 1, 0, 33;
    %ix/vec4 3;
    %ix/load 4, 0, 0; Constant delay
    %assign/vec4/a/d v0x58d8e79e83e0, 0, 4;
    %load/vec4 v0x58d8e7a05060_0;
    %parti/s 8, 16, 6;
    %load/vec4 v0x58d8e7a0f0b0_0;
    %pad/u 33;
    %addi 2, 0, 33;
    %ix/vec4 3;
    %ix/load 4, 0, 0; Constant delay
    %assign/vec4/a/d v0x58d8e79e83e0, 0, 4;
    %load/vec4 v0x58d8e7a05060_0;
    %parti/s 8, 24, 6;
    %load/vec4 v0x58d8e7a0f0b0_0;
    %pad/u 33;
    %addi 3, 0, 33;
    %ix/vec4 3;
    %ix/load 4, 0, 0; Constant delay
    %assign/vec4/a/d v0x58d8e79e83e0, 0, 4;
    %jmp T_2.5;
T_2.5 ;
    %pop/vec4 1;
T_2.0 ;
    %end;
    .scope S_0x58d8e7a06700;
t_2 %join;
    %jmp T_2;
    .thread T_2;
    .scope S_0x58d8e7a30b00;
T_3 ;
Ewait_1 .event/or E_0x58d8e7a30e00, E_0x0;
    %wait Ewait_1;
    %load/vec4 v0x58d8e7a31040_0;
    %flag_set/vec4 8;
    %jmp/0xz  T_3.0, 8;
    %load/vec4 v0x58d8e7a31140_0;
    %store/vec4 v0x58d8e7a30e60_0, 0, 32;
    %jmp T_3.1;
T_3.0 ;
    %load/vec4 v0x58d8e7a30f60_0;
    %addi 4, 0, 32;
    %store/vec4 v0x58d8e7a30e60_0, 0, 32;
T_3.1 ;
    %jmp T_3;
    .thread T_3, $push;
    .scope S_0x58d8e7a31280;
T_4 ;
    %wait E_0x58d8e7a0e040;
    %load/vec4 v0x58d8e7a31870_0;
    %flag_set/vec4 8;
    %jmp/0xz  T_4.0, 8;
    %pushi/vec4 0, 0, 32;
    %assign/vec4 v0x58d8e7a31770_0, 0;
    %jmp T_4.1;
T_4.0 ;
    %load/vec4 v0x58d8e7a31910_0;
    %nor/r;
    %flag_set/vec4 8;
    %jmp/0xz  T_4.2, 8;
    %load/vec4 v0x58d8e7a31680_0;
    %assign/vec4 v0x58d8e7a31770_0, 0;
T_4.2 ;
T_4.1 ;
    %jmp T_4;
    .thread T_4;
    .scope S_0x58d8e7a30530;
T_5 ;
    %wait E_0x58d8e7a0e040;
    %fork t_5, S_0x58d8e7a30900;
    %jmp t_4;
    .scope S_0x58d8e7a30900;
t_5 ;
    %load/vec4 v0x58d8e7a32320_0;
    %flag_set/vec4 8;
    %jmp/0xz  T_5.0, 8;
    %pushi/vec4 0, 0, 32;
    %assign/vec4 v0x58d8e7a31ba0_0, 0;
    %pushi/vec4 0, 0, 32;
    %assign/vec4 v0x58d8e7a31ae0_0, 0;
    %pushi/vec4 0, 0, 1;
    %assign/vec4 v0x58d8e7a31c70_0, 0;
    %jmp T_5.1;
T_5.0 ;
    %load/vec4 v0x58d8e7a32450_0;
    %nor/r;
    %flag_set/vec4 8;
    %jmp/0xz  T_5.2, 8;
    %load/vec4 v0x58d8e7a31ff0_0;
    %assign/vec4 v0x58d8e7a31ba0_0, 0;
    %load/vec4 v0x58d8e7a31e30_0;
    %assign/vec4 v0x58d8e7a31ae0_0, 0;
    %pushi/vec4 1, 0, 1;
    %assign/vec4 v0x58d8e7a31c70_0, 0;
T_5.2 ;
T_5.1 ;
    %end;
    .scope S_0x58d8e7a30530;
t_4 %join;
    %jmp T_5;
    .thread T_5;
    .scope S_0x58d8e7a28de0;
T_6 ;
Ewait_2 .event/or E_0x58d8e7a29120, E_0x0;
    %wait Ewait_2;
    %fork t_7, S_0x58d8e7a291a0;
    %jmp t_6;
    .scope S_0x58d8e7a291a0;
t_7 ;
    %pushi/vec4 0, 0, 4;
    %store/vec4 v0x58d8e7a293a0_0, 0, 4;
    %pushi/vec4 0, 0, 1;
    %store/vec4 v0x58d8e7a294a0_0, 0, 1;
    %pushi/vec4 1, 0, 1;
    %store/vec4 v0x58d8e7a29e00_0, 0, 1;
    %pushi/vec4 0, 0, 1;
    %store/vec4 v0x58d8e7a29d40_0, 0, 1;
    %pushi/vec4 0, 0, 1;
    %store/vec4 v0x58d8e7a299e0_0, 0, 1;
    %pushi/vec4 32, 0, 6;
    %store/vec4 v0x58d8e7a29aa0_0, 0, 6;
    %pushi/vec4 0, 0, 1;
    %store/vec4 v0x58d8e7a29920_0, 0, 1;
    %pushi/vec4 0, 0, 1;
    %store/vec4 v0x58d8e7a29860_0, 0, 1;
    %pushi/vec4 0, 0, 3;
    %store/vec4 v0x58d8e7a29c60_0, 0, 3;
    %pushi/vec4 7, 0, 3;
    %store/vec4 v0x58d8e7a29730_0, 0, 3;
    %load/vec4 v0x58d8e7a29b80_0;
    %cmpi/e 3, 0, 7;
    %flag_mov 8, 4;
    %load/vec4 v0x58d8e7a29b80_0;
    %cmpi/e 35, 0, 7;
    %flag_or 4, 8;
    %jmp/0xz  T_6.0, 4;
    %load/vec4 v0x58d8e7a29560_0;
    %dup/vec4;
    %pushi/vec4 0, 0, 3;
    %cmp/u;
    %jmp/1 T_6.2, 6;
    %dup/vec4;
    %pushi/vec4 1, 0, 3;
    %cmp/u;
    %jmp/1 T_6.3, 6;
    %dup/vec4;
    %pushi/vec4 2, 0, 3;
    %cmp/u;
    %jmp/1 T_6.4, 6;
    %dup/vec4;
    %pushi/vec4 4, 0, 3;
    %cmp/u;
    %jmp/1 T_6.5, 6;
    %dup/vec4;
    %pushi/vec4 5, 0, 3;
    %cmp/u;
    %jmp/1 T_6.6, 6;
    %pushi/vec4 32, 0, 6;
    %store/vec4 v0x58d8e7a29aa0_0, 0, 6;
    %jmp T_6.8;
T_6.2 ;
    %pushi/vec4 8, 0, 6;
    %store/vec4 v0x58d8e7a29aa0_0, 0, 6;
    %jmp T_6.8;
T_6.3 ;
    %pushi/vec4 16, 0, 6;
    %store/vec4 v0x58d8e7a29aa0_0, 0, 6;
    %jmp T_6.8;
T_6.4 ;
    %pushi/vec4 32, 0, 6;
    %store/vec4 v0x58d8e7a29aa0_0, 0, 6;
    %jmp T_6.8;
T_6.5 ;
    %pushi/vec4 8, 0, 6;
    %store/vec4 v0x58d8e7a29aa0_0, 0, 6;
    %jmp T_6.8;
T_6.6 ;
    %pushi/vec4 16, 0, 6;
    %store/vec4 v0x58d8e7a29aa0_0, 0, 6;
    %jmp T_6.8;
T_6.8 ;
    %pop/vec4 1;
T_6.0 ;
    %load/vec4 v0x58d8e7a29b80_0;
    %cmpi/e 111, 0, 7;
    %flag_mov 8, 4;
    %load/vec4 v0x58d8e7a29b80_0;
    %cmpi/e 103, 0, 7;
    %flag_or 4, 8;
    %jmp/0xz  T_6.9, 4;
    %pushi/vec4 1, 0, 1;
    %store/vec4 v0x58d8e7a29920_0, 0, 1;
T_6.9 ;
    %load/vec4 v0x58d8e7a29b80_0;
    %cmpi/e 99, 0, 7;
    %jmp/0xz  T_6.11, 4;
    %pushi/vec4 1, 0, 1;
    %store/vec4 v0x58d8e7a29860_0, 0, 1;
T_6.11 ;
    %load/vec4 v0x58d8e7a29b80_0;
    %pushi/vec4 51, 0, 7;
    %cmp/e;
    %flag_get/vec4 4;
    %load/vec4 v0x58d8e7a29560_0;
    %pushi/vec4 0, 0, 3;
    %cmp/e;
    %flag_get/vec4 4;
    %and;
    %load/vec4 v0x58d8e7a29650_0;
    %pushi/vec4 32, 0, 7;
    %cmp/e;
    %flag_get/vec4 4;
    %and;
    %flag_set/vec4 8;
    %jmp/0xz  T_6.13, 8;
    %pushi/vec4 2, 0, 4;
    %store/vec4 v0x58d8e7a293a0_0, 0, 4;
    %jmp T_6.14;
T_6.13 ;
    %load/vec4 v0x58d8e7a29b80_0;
    %pushi/vec4 19, 0, 7;
    %cmp/e;
    %flag_get/vec4 4;
    %load/vec4 v0x58d8e7a29560_0;
    %pushi/vec4 2, 0, 3;
    %cmp/e;
    %flag_get/vec4 4;
    %and;
    %flag_set/vec4 8;
    %load/vec4 v0x58d8e7a29b80_0;
    %pushi/vec4 51, 0, 7;
    %cmp/e;
    %flag_get/vec4 4;
    %load/vec4 v0x58d8e7a29560_0;
    %pushi/vec4 2, 0, 3;
    %cmp/e;
    %flag_get/vec4 4;
    %and;
    %flag_set/vec4 9;
    %flag_or 9, 8;
    %jmp/0xz  T_6.15, 9;
    %pushi/vec4 9, 0, 4;
    %store/vec4 v0x58d8e7a293a0_0, 0, 4;
    %jmp T_6.16;
T_6.15 ;
    %load/vec4 v0x58d8e7a29b80_0;
    %pushi/vec4 19, 0, 7;
    %cmp/e;
    %flag_get/vec4 4;
    %load/vec4 v0x58d8e7a29560_0;
    %pushi/vec4 3, 0, 3;
    %cmp/e;
    %flag_get/vec4 4;
    %and;
    %flag_set/vec4 8;
    %load/vec4 v0x58d8e7a29b80_0;
    %pushi/vec4 51, 0, 7;
    %cmp/e;
    %flag_get/vec4 4;
    %load/vec4 v0x58d8e7a29560_0;
    %pushi/vec4 3, 0, 3;
    %cmp/e;
    %flag_get/vec4 4;
    %and;
    %flag_set/vec4 9;
    %flag_or 9, 8;
    %jmp/0xz  T_6.17, 9;
    %pushi/vec4 10, 0, 4;
    %store/vec4 v0x58d8e7a293a0_0, 0, 4;
    %jmp T_6.18;
T_6.17 ;
    %load/vec4 v0x58d8e7a29b80_0;
    %pushi/vec4 19, 0, 7;
    %cmp/e;
    %flag_get/vec4 4;
    %load/vec4 v0x58d8e7a29560_0;
    %pushi/vec4 7, 0, 3;
    %cmp/e;
    %flag_get/vec4 4;
    %and;
    %flag_set/vec4 8;
    %load/vec4 v0x58d8e7a29b80_0;
    %pushi/vec4 51, 0, 7;
    %cmp/e;
    %flag_get/vec4 4;
    %load/vec4 v0x58d8e7a29560_0;
    %pushi/vec4 7, 0, 3;
    %cmp/e;
    %flag_get/vec4 4;
    %and;
    %flag_set/vec4 9;
    %flag_or 9, 8;
    %jmp/0xz  T_6.19, 9;
    %pushi/vec4 3, 0, 4;
    %store/vec4 v0x58d8e7a293a0_0, 0, 4;
    %jmp T_6.20;
T_6.19 ;
    %load/vec4 v0x58d8e7a29b80_0;
    %pushi/vec4 19, 0, 7;
    %cmp/e;
    %flag_get/vec4 4;
    %load/vec4 v0x58d8e7a29560_0;
    %pushi/vec4 6, 0, 3;
    %cmp/e;
    %flag_get/vec4 4;
    %and;
    %flag_set/vec4 8;
    %load/vec4 v0x58d8e7a29b80_0;
    %pushi/vec4 51, 0, 7;
    %cmp/e;
    %flag_get/vec4 4;
    %load/vec4 v0x58d8e7a29560_0;
    %pushi/vec4 6, 0, 3;
    %cmp/e;
    %flag_get/vec4 4;
    %and;
    %flag_set/vec4 9;
    %flag_or 9, 8;
    %jmp/0xz  T_6.21, 9;
    %pushi/vec4 4, 0, 4;
    %store/vec4 v0x58d8e7a293a0_0, 0, 4;
    %jmp T_6.22;
T_6.21 ;
    %load/vec4 v0x58d8e7a29b80_0;
    %pushi/vec4 19, 0, 7;
    %cmp/e;
    %flag_get/vec4 4;
    %load/vec4 v0x58d8e7a29560_0;
    %pushi/vec4 4, 0, 3;
    %cmp/e;
    %flag_get/vec4 4;
    %and;
    %flag_set/vec4 8;
    %load/vec4 v0x58d8e7a29b80_0;
    %pushi/vec4 51, 0, 7;
    %cmp/e;
    %flag_get/vec4 4;
    %load/vec4 v0x58d8e7a29560_0;
    %pushi/vec4 4, 0, 3;
    %cmp/e;
    %flag_get/vec4 4;
    %and;
    %flag_set/vec4 9;
    %flag_or 9, 8;
    %jmp/0xz  T_6.23, 9;
    %pushi/vec4 5, 0, 4;
    %store/vec4 v0x58d8e7a293a0_0, 0, 4;
    %jmp T_6.24;
T_6.23 ;
    %load/vec4 v0x58d8e7a29b80_0;
    %pushi/vec4 19, 0, 7;
    %cmp/e;
    %flag_get/vec4 4;
    %load/vec4 v0x58d8e7a29560_0;
    %pushi/vec4 1, 0, 3;
    %cmp/e;
    %flag_get/vec4 4;
    %and;
    %flag_set/vec4 8;
    %load/vec4 v0x58d8e7a29b80_0;
    %pushi/vec4 51, 0, 7;
    %cmp/e;
    %flag_get/vec4 4;
    %load/vec4 v0x58d8e7a29560_0;
    %pushi/vec4 1, 0, 3;
    %cmp/e;
    %flag_get/vec4 4;
    %and;
    %flag_set/vec4 9;
    %flag_or 9, 8;
    %jmp/0xz  T_6.25, 9;
    %pushi/vec4 6, 0, 4;
    %store/vec4 v0x58d8e7a293a0_0, 0, 4;
    %jmp T_6.26;
T_6.25 ;
    %load/vec4 v0x58d8e7a29b80_0;
    %pushi/vec4 19, 0, 7;
    %cmp/e;
    %flag_get/vec4 4;
    %load/vec4 v0x58d8e7a29560_0;
    %pushi/vec4 5, 0, 3;
    %cmp/e;
    %flag_get/vec4 4;
    %and;
    %flag_set/vec4 8;
    %load/vec4 v0x58d8e7a29b80_0;
    %pushi/vec4 51, 0, 7;
    %cmp/e;
    %flag_get/vec4 4;
    %load/vec4 v0x58d8e7a29560_0;
    %pushi/vec4 5, 0, 3;
    %cmp/e;
    %flag_get/vec4 4;
    %and;
    %flag_set/vec4 9;
    %flag_or 9, 8;
    %jmp/0xz  T_6.27, 9;
    %load/vec4 v0x58d8e7a29650_0;
    %cmpi/e 32, 0, 7;
    %flag_mov 8, 4;
    %jmp/0 T_6.29, 8;
    %pushi/vec4 8, 0, 4;
    %jmp/1 T_6.30, 8;
T_6.29 ; End of true expr.
    %pushi/vec4 7, 0, 4;
    %jmp/0 T_6.30, 8;
 ; End of false expr.
    %blend;
T_6.30;
    %store/vec4 v0x58d8e7a293a0_0, 0, 4;
T_6.27 ;
T_6.26 ;
T_6.24 ;
T_6.22 ;
T_6.20 ;
T_6.18 ;
T_6.16 ;
T_6.14 ;
    %load/vec4 v0x58d8e7a29b80_0;
    %pushi/vec4 19, 0, 7;
    %cmp/e;
    %flag_get/vec4 4;
    %load/vec4 v0x58d8e7a29b80_0;
    %pushi/vec4 3, 0, 7;
    %cmp/e;
    %flag_get/vec4 4;
    %or;
    %load/vec4 v0x58d8e7a29b80_0;
    %pushi/vec4 35, 0, 7;
    %cmp/e;
    %flag_get/vec4 4;
    %or;
    %load/vec4 v0x58d8e7a29b80_0;
    %pushi/vec4 103, 0, 7;
    %cmp/e;
    %flag_get/vec4 4;
    %or;
    %store/vec4 v0x58d8e7a294a0_0, 0, 1;
    %load/vec4 v0x58d8e7a29b80_0;
    %cmpi/e 99, 0, 7;
    %flag_mov 8, 4;
    %load/vec4 v0x58d8e7a29b80_0;
    %cmpi/e 35, 0, 7;
    %flag_or 4, 8;
    %jmp/0xz  T_6.31, 4;
    %pushi/vec4 0, 0, 1;
    %store/vec4 v0x58d8e7a29e00_0, 0, 1;
T_6.31 ;
    %load/vec4 v0x58d8e7a29b80_0;
    %pushi/vec4 35, 0, 7;
    %cmp/e;
    %flag_get/vec4 4;
    %store/vec4 v0x58d8e7a29d40_0, 0, 1;
    %load/vec4 v0x58d8e7a29b80_0;
    %pushi/vec4 3, 0, 7;
    %cmp/e;
    %flag_get/vec4 4;
    %load/vec4 v0x58d8e7a29b80_0;
    %pushi/vec4 35, 0, 7;
    %cmp/e;
    %flag_get/vec4 4;
    %or;
    %store/vec4 v0x58d8e7a299e0_0, 0, 1;
    %load/vec4 v0x58d8e7a29b80_0;
    %cmpi/e 23, 0, 7;
    %jmp/0xz  T_6.33, 4;
    %pushi/vec4 1, 0, 3;
    %store/vec4 v0x58d8e7a29c60_0, 0, 3;
    %jmp T_6.34;
T_6.33 ;
    %load/vec4 v0x58d8e7a29b80_0;
    %cmpi/e 111, 0, 7;
    %flag_mov 8, 4;
    %load/vec4 v0x58d8e7a29b80_0;
    %cmpi/e 103, 0, 7;
    %flag_or 4, 8;
    %jmp/0xz  T_6.35, 4;
    %pushi/vec4 2, 0, 3;
    %store/vec4 v0x58d8e7a29c60_0, 0, 3;
    %jmp T_6.36;
T_6.35 ;
    %load/vec4 v0x58d8e7a29b80_0;
    %cmpi/e 55, 0, 7;
    %jmp/0xz  T_6.37, 4;
    %pushi/vec4 3, 0, 3;
    %store/vec4 v0x58d8e7a29c60_0, 0, 3;
    %jmp T_6.38;
T_6.37 ;
    %load/vec4 v0x58d8e7a29b80_0;
    %cmpi/e 3, 0, 7;
    %jmp/0xz  T_6.39, 4;
    %pushi/vec4 4, 0, 3;
    %store/vec4 v0x58d8e7a29c60_0, 0, 3;
T_6.39 ;
T_6.38 ;
T_6.36 ;
T_6.34 ;
    %load/vec4 v0x58d8e7a29b80_0;
    %cmpi/e 55, 0, 7;
    %flag_mov 8, 4;
    %load/vec4 v0x58d8e7a29b80_0;
    %cmpi/e 23, 0, 7;
    %flag_or 4, 8;
    %jmp/0xz  T_6.41, 4;
    %pushi/vec4 3, 0, 3;
    %store/vec4 v0x58d8e7a29730_0, 0, 3;
    %jmp T_6.42;
T_6.41 ;
    %load/vec4 v0x58d8e7a29b80_0;
    %cmpi/e 111, 0, 7;
    %jmp/0xz  T_6.43, 4;
    %pushi/vec4 4, 0, 3;
    %store/vec4 v0x58d8e7a29730_0, 0, 3;
    %jmp T_6.44;
T_6.43 ;
    %load/vec4 v0x58d8e7a29b80_0;
    %cmpi/e 99, 0, 7;
    %jmp/0xz  T_6.45, 4;
    %pushi/vec4 2, 0, 3;
    %store/vec4 v0x58d8e7a29730_0, 0, 3;
    %jmp T_6.46;
T_6.45 ;
    %load/vec4 v0x58d8e7a29b80_0;
    %cmpi/e 35, 0, 7;
    %jmp/0xz  T_6.47, 4;
    %pushi/vec4 1, 0, 3;
    %store/vec4 v0x58d8e7a29730_0, 0, 3;
    %jmp T_6.48;
T_6.47 ;
    %load/vec4 v0x58d8e7a29b80_0;
    %cmpi/e 19, 0, 7;
    %flag_mov 8, 4;
    %load/vec4 v0x58d8e7a29b80_0;
    %cmpi/e 3, 0, 7;
    %flag_or 4, 8;
    %flag_mov 8, 4;
    %load/vec4 v0x58d8e7a29b80_0;
    %cmpi/e 103, 0, 7;
    %flag_or 4, 8;
    %jmp/0xz  T_6.49, 4;
    %pushi/vec4 0, 0, 3;
    %store/vec4 v0x58d8e7a29730_0, 0, 3;
T_6.49 ;
T_6.48 ;
T_6.46 ;
T_6.44 ;
T_6.42 ;
    %end;
    .scope S_0x58d8e7a28de0;
t_6 %join;
    %jmp T_6;
    .thread T_6, $push;
    .scope S_0x58d8e7a2ac20;
T_7 ;
Ewait_3 .event/or E_0x58d8e7a2aeb0, E_0x0;
    %wait Ewait_3;
    %fork t_9, S_0x58d8e7a2af50;
    %jmp t_8;
    .scope S_0x58d8e7a2af50;
t_9 ;
    %load/vec4 v0x58d8e7a2b990_0;
    %parti/s 1, 31, 6;
    %replicate 20;
    %load/vec4 v0x58d8e7a2b990_0;
    %parti/s 12, 20, 6;
    %concat/vec4; draw_concat_vec4
    %store/vec4 v0x58d8e7a2b430_0, 0, 32;
    %load/vec4 v0x58d8e7a2b990_0;
    %parti/s 1, 31, 6;
    %replicate 20;
    %load/vec4 v0x58d8e7a2b990_0;
    %parti/s 7, 25, 6;
    %concat/vec4; draw_concat_vec4
    %load/vec4 v0x58d8e7a2b990_0;
    %parti/s 5, 7, 4;
    %concat/vec4; draw_concat_vec4
    %store/vec4 v0x58d8e7a2b6e0_0, 0, 32;
    %load/vec4 v0x58d8e7a2b990_0;
    %parti/s 1, 31, 6;
    %replicate 19;
    %load/vec4 v0x58d8e7a2b990_0;
    %parti/s 1, 31, 6;
    %concat/vec4; draw_concat_vec4
    %load/vec4 v0x58d8e7a2b990_0;
    %parti/s 1, 7, 4;
    %concat/vec4; draw_concat_vec4
    %load/vec4 v0x58d8e7a2b990_0;
    %parti/s 6, 25, 6;
    %concat/vec4; draw_concat_vec4
    %load/vec4 v0x58d8e7a2b990_0;
    %parti/s 4, 8, 5;
    %concat/vec4; draw_concat_vec4
    %concati/vec4 0, 0, 1;
    %store/vec4 v0x58d8e7a2b350_0, 0, 32;
    %load/vec4 v0x58d8e7a2b990_0;
    %parti/s 20, 12, 5;
    %concati/vec4 0, 0, 12;
    %store/vec4 v0x58d8e7a2b8d0_0, 0, 32;
    %load/vec4 v0x58d8e7a2b990_0;
    %parti/s 1, 31, 6;
    %replicate 11;
    %load/vec4 v0x58d8e7a2b990_0;
    %parti/s 1, 31, 6;
    %concat/vec4; draw_concat_vec4
    %load/vec4 v0x58d8e7a2b990_0;
    %parti/s 8, 12, 5;
    %concat/vec4; draw_concat_vec4
    %load/vec4 v0x58d8e7a2b990_0;
    %parti/s 1, 20, 6;
    %concat/vec4; draw_concat_vec4
    %load/vec4 v0x58d8e7a2b990_0;
    %parti/s 10, 21, 6;
    %concat/vec4; draw_concat_vec4
    %concati/vec4 0, 0, 1;
    %store/vec4 v0x58d8e7a2b510_0, 0, 32;
    %end;
    .scope S_0x58d8e7a2ac20;
t_8 %join;
    %jmp T_7;
    .thread T_7, $push;
    .scope S_0x58d8e7a2ac20;
T_8 ;
Ewait_4 .event/or E_0x58d8e7a2a210, E_0x0;
    %wait Ewait_4;
    %fork t_11, S_0x58d8e7a2b150;
    %jmp t_10;
    .scope S_0x58d8e7a2b150;
t_11 ;
    %load/vec4 v0x58d8e7a2b810_0;
    %dup/vec4;
    %pushi/vec4 0, 0, 3;
    %cmp/u;
    %jmp/1 T_8.0, 6;
    %dup/vec4;
    %pushi/vec4 1, 0, 3;
    %cmp/u;
    %jmp/1 T_8.1, 6;
    %dup/vec4;
    %pushi/vec4 2, 0, 3;
    %cmp/u;
    %jmp/1 T_8.2, 6;
    %dup/vec4;
    %pushi/vec4 3, 0, 3;
    %cmp/u;
    %jmp/1 T_8.3, 6;
    %dup/vec4;
    %pushi/vec4 4, 0, 3;
    %cmp/u;
    %jmp/1 T_8.4, 6;
    %pushi/vec4 0, 0, 32;
    %store/vec4 v0x58d8e7a2b600_0, 0, 32;
    %jmp T_8.6;
T_8.0 ;
    %load/vec4 v0x58d8e7a2b430_0;
    %store/vec4 v0x58d8e7a2b600_0, 0, 32;
    %jmp T_8.6;
T_8.1 ;
    %load/vec4 v0x58d8e7a2b6e0_0;
    %store/vec4 v0x58d8e7a2b600_0, 0, 32;
    %jmp T_8.6;
T_8.2 ;
    %load/vec4 v0x58d8e7a2b350_0;
    %store/vec4 v0x58d8e7a2b600_0, 0, 32;
    %jmp T_8.6;
T_8.3 ;
    %load/vec4 v0x58d8e7a2b8d0_0;
    %store/vec4 v0x58d8e7a2b600_0, 0, 32;
    %jmp T_8.6;
T_8.4 ;
    %load/vec4 v0x58d8e7a2b510_0;
    %store/vec4 v0x58d8e7a2b600_0, 0, 32;
    %jmp T_8.6;
T_8.6 ;
    %pop/vec4 1;
    %end;
    .scope S_0x58d8e7a2ac20;
t_10 %join;
    %jmp T_8;
    .thread T_8, $push;
    .scope S_0x58d8e7a2bae0;
T_9 ;
    %wait E_0x58d8e7a0e040;
    %fork t_13, S_0x58d8e7a2c030;
    %jmp t_12;
    .scope S_0x58d8e7a2c030;
t_13 ;
    %load/vec4 v0x58d8e7a2d750_0;
    %flag_set/vec4 8;
    %jmp/0xz  T_9.0, 8;
    %pushi/vec4 0, 0, 32;
    %store/vec4 v0x58d8e7a2d0f0_0, 0, 32;
T_9.2 ;
    %load/vec4 v0x58d8e7a2d0f0_0;
    %cmpi/s 32, 0, 32;
    %jmp/0xz T_9.3, 5;
    %pushi/vec4 0, 0, 32;
    %ix/getv/s 3, v0x58d8e7a2d0f0_0;
    %ix/load 4, 0, 0; Constant delay
    %assign/vec4/a/d v0x58d8e7a2d390, 0, 4;
    %load/vec4 v0x58d8e7a2d0f0_0;
    %addi 1, 0, 32;
    %store/vec4 v0x58d8e7a2d0f0_0, 0, 32;
    %jmp T_9.2;
T_9.3 ;
    %jmp T_9.1;
T_9.0 ;
    %load/vec4 v0x58d8e7a2d820_0;
    %load/vec4 v0x58d8e7a2d1d0_0;
    %pad/u 32;
    %pushi/vec4 0, 0, 32;
    %cmp/ne;
    %flag_get/vec4 4;
    %and;
    %flag_set/vec4 8;
    %jmp/0xz  T_9.4, 8;
    %load/vec4 v0x58d8e7a2d2b0_0;
    %load/vec4 v0x58d8e7a2d1d0_0;
    %pad/u 7;
    %ix/vec4 3;
    %ix/load 4, 0, 0; Constant delay
    %assign/vec4/a/d v0x58d8e7a2d390, 0, 4;
T_9.4 ;
T_9.1 ;
    %end;
    .scope S_0x58d8e7a2bae0;
t_12 %join;
    %jmp T_9;
    .thread T_9;
    .scope S_0x58d8e7a287c0;
T_10 ;
    %wait E_0x58d8e7a0e040;
    %fork t_15, S_0x58d8e7a2aa40;
    %jmp t_14;
    .scope S_0x58d8e7a2aa40;
t_15 ;
    %load/vec4 v0x58d8e7a2fca0_0;
    %flag_set/vec4 8;
    %load/vec4 v0x58d8e7a2dce0_0;
    %flag_set/vec4 9;
    %flag_or 9, 8;
    %jmp/0xz  T_10.0, 9;
    %pushi/vec4 0, 0, 32;
    %assign/vec4 v0x58d8e7a2e6b0_0, 0;
    %pushi/vec4 0, 0, 32;
    %assign/vec4 v0x58d8e7a2df60_0, 0;
    %pushi/vec4 0, 0, 32;
    %assign/vec4 v0x58d8e7a2e020_0, 0;
    %pushi/vec4 0, 0, 32;
    %assign/vec4 v0x58d8e7a2e200_0, 0;
    %pushi/vec4 0, 0, 5;
    %assign/vec4 v0x58d8e7a2ea30_0, 0;
    %pushi/vec4 0, 0, 5;
    %assign/vec4 v0x58d8e7a2eb20_0, 0;
    %pushi/vec4 0, 0, 5;
    %assign/vec4 v0x58d8e7a2e890_0, 0;
    %pushi/vec4 0, 0, 4;
    %assign/vec4 v0x58d8e7a2e0c0_0, 0;
    %pushi/vec4 0, 0, 1;
    %assign/vec4 v0x58d8e7a2e160_0, 0;
    %pushi/vec4 0, 0, 1;
    %assign/vec4 v0x58d8e7a2ed50_0, 0;
    %pushi/vec4 0, 0, 1;
    %assign/vec4 v0x58d8e7a2ecb0_0, 0;
    %pushi/vec4 0, 0, 1;
    %assign/vec4 v0x58d8e7a2e510_0, 0;
    %pushi/vec4 0, 0, 6;
    %assign/vec4 v0x58d8e7a2e5e0_0, 0;
    %pushi/vec4 0, 0, 1;
    %assign/vec4 v0x58d8e7a2e440_0, 0;
    %pushi/vec4 0, 0, 1;
    %assign/vec4 v0x58d8e7a2e370_0, 0;
    %pushi/vec4 0, 0, 3;
    %assign/vec4 v0x58d8e7a2e960_0, 0;
    %pushi/vec4 0, 0, 3;
    %assign/vec4 v0x58d8e7a2e2a0_0, 0;
    %pushi/vec4 0, 0, 1;
    %assign/vec4 v0x58d8e7a2ec10_0, 0;
    %jmp T_10.1;
T_10.0 ;
    %load/vec4 v0x58d8e7a2fd90_0;
    %nor/r;
    %load/vec4 v0x58d8e7a2efb0_0;
    %and;
    %flag_set/vec4 8;
    %jmp/0xz  T_10.2, 8;
    %load/vec4 v0x58d8e7a2ef10_0;
    %assign/vec4 v0x58d8e7a2e6b0_0, 0;
    %load/vec4 v0x58d8e7a2fa50_0;
    %assign/vec4 v0x58d8e7a2df60_0, 0;
    %load/vec4 v0x58d8e7a2fbe0_0;
    %assign/vec4 v0x58d8e7a2e020_0, 0;
    %load/vec4 v0x58d8e7a2f050_0;
    %assign/vec4 v0x58d8e7a2e200_0, 0;
    %load/vec4 v0x58d8e7a2f960_0;
    %assign/vec4 v0x58d8e7a2ea30_0, 0;
    %load/vec4 v0x58d8e7a2faf0_0;
    %assign/vec4 v0x58d8e7a2eb20_0, 0;
    %load/vec4 v0x58d8e7a2f7f0_0;
    %assign/vec4 v0x58d8e7a2e890_0, 0;
    %load/vec4 v0x58d8e7a2da30_0;
    %assign/vec4 v0x58d8e7a2e0c0_0, 0;
    %load/vec4 v0x58d8e7a2db40_0;
    %assign/vec4 v0x58d8e7a2e160_0, 0;
    %load/vec4 v0x58d8e7a30160_0;
    %assign/vec4 v0x58d8e7a2ed50_0, 0;
    %load/vec4 v0x58d8e7a30090_0;
    %assign/vec4 v0x58d8e7a2ecb0_0, 0;
    %load/vec4 v0x58d8e7a2f350_0;
    %assign/vec4 v0x58d8e7a2e510_0, 0;
    %load/vec4 v0x58d8e7a2f420_0;
    %assign/vec4 v0x58d8e7a2e5e0_0, 0;
    %load/vec4 v0x58d8e7a2f280_0;
    %assign/vec4 v0x58d8e7a2e440_0, 0;
    %load/vec4 v0x58d8e7a2f1e0_0;
    %assign/vec4 v0x58d8e7a2e370_0, 0;
    %load/vec4 v0x58d8e7a2f890_0;
    %assign/vec4 v0x58d8e7a2e960_0, 0;
    %load/vec4 v0x58d8e7a2f0f0_0;
    %assign/vec4 v0x58d8e7a2e2a0_0, 0;
    %pushi/vec4 1, 0, 1;
    %assign/vec4 v0x58d8e7a2ec10_0, 0;
T_10.2 ;
T_10.1 ;
    %end;
    .scope S_0x58d8e7a287c0;
t_14 %join;
    %jmp T_10;
    .thread T_10;
    .scope S_0x58d8e7a23cc0;
T_11 ;
Ewait_5 .event/or E_0x58d8e7a24070, E_0x0;
    %wait Ewait_5;
    %fork t_17, S_0x58d8e7a24100;
    %jmp t_16;
    .scope S_0x58d8e7a24100;
t_17 ;
    %pushi/vec4 0, 0, 2;
    %store/vec4 v0x58d8e7a24570_0, 0, 2;
    %pushi/vec4 0, 0, 2;
    %store/vec4 v0x58d8e7a24650_0, 0, 2;
    %load/vec4 v0x58d8e7a243e0_0;
    %load/vec4 v0x58d8e7a244a0_0;
    %and;
    %load/vec4 v0x58d8e7a242e0_0;
    %pad/u 32;
    %pushi/vec4 0, 0, 32;
    %cmp/ne;
    %flag_get/vec4 4;
    %and;
    %flag_set/vec4 8;
    %jmp/0xz  T_11.0, 8;
    %load/vec4 v0x58d8e7a24780_0;
    %pad/u 32;
    %pushi/vec4 0, 0, 32;
    %cmp/ne;
    %flag_get/vec4 4;
    %load/vec4 v0x58d8e7a242e0_0;
    %load/vec4 v0x58d8e7a24780_0;
    %cmp/e;
    %flag_get/vec4 4;
    %and;
    %flag_set/vec4 8;
    %jmp/0xz  T_11.2, 8;
    %pushi/vec4 1, 0, 2;
    %store/vec4 v0x58d8e7a24570_0, 0, 2;
T_11.2 ;
    %load/vec4 v0x58d8e7a24860_0;
    %pad/u 32;
    %pushi/vec4 0, 0, 32;
    %cmp/ne;
    %flag_get/vec4 4;
    %load/vec4 v0x58d8e7a242e0_0;
    %load/vec4 v0x58d8e7a24860_0;
    %cmp/e;
    %flag_get/vec4 4;
    %and;
    %flag_set/vec4 8;
    %jmp/0xz  T_11.4, 8;
    %pushi/vec4 1, 0, 2;
    %store/vec4 v0x58d8e7a24650_0, 0, 2;
T_11.4 ;
T_11.0 ;
    %load/vec4 v0x58d8e7a24a20_0;
    %load/vec4 v0x58d8e7a24ae0_0;
    %and;
    %load/vec4 v0x58d8e7a24940_0;
    %pad/u 32;
    %pushi/vec4 0, 0, 32;
    %cmp/ne;
    %flag_get/vec4 4;
    %and;
    %flag_set/vec4 8;
    %jmp/0xz  T_11.6, 8;
    %load/vec4 v0x58d8e7a24780_0;
    %pad/u 32;
    %pushi/vec4 0, 0, 32;
    %cmp/ne;
    %flag_get/vec4 4;
    %load/vec4 v0x58d8e7a24940_0;
    %load/vec4 v0x58d8e7a24780_0;
    %cmp/e;
    %flag_get/vec4 4;
    %and;
    %load/vec4 v0x58d8e7a24570_0;
    %pushi/vec4 0, 0, 2;
    %cmp/e;
    %flag_get/vec4 4;
    %and;
    %flag_set/vec4 8;
    %jmp/0xz  T_11.8, 8;
    %pushi/vec4 2, 0, 2;
    %store/vec4 v0x58d8e7a24570_0, 0, 2;
T_11.8 ;
    %load/vec4 v0x58d8e7a24860_0;
    %pad/u 32;
    %pushi/vec4 0, 0, 32;
    %cmp/ne;
    %flag_get/vec4 4;
    %load/vec4 v0x58d8e7a24940_0;
    %load/vec4 v0x58d8e7a24860_0;
    %cmp/e;
    %flag_get/vec4 4;
    %and;
    %load/vec4 v0x58d8e7a24650_0;
    %pushi/vec4 0, 0, 2;
    %cmp/e;
    %flag_get/vec4 4;
    %and;
    %flag_set/vec4 8;
    %jmp/0xz  T_11.10, 8;
    %pushi/vec4 2, 0, 2;
    %store/vec4 v0x58d8e7a24650_0, 0, 2;
T_11.10 ;
T_11.6 ;
    %end;
    .scope S_0x58d8e7a23cc0;
t_16 %join;
    %jmp T_11;
    .thread T_11, $push;
    .scope S_0x58d8e7a22c70;
T_12 ;
Ewait_6 .event/or E_0x58d8e7a22f50, E_0x0;
    %wait Ewait_6;
    %fork t_19, S_0x58d8e7a22fc0;
    %jmp t_18;
    .scope S_0x58d8e7a22fc0;
t_19 ;
    %load/vec4 v0x58d8e7a232c0_0;
    %dup/vec4;
    %pushi/vec4 0, 0, 4;
    %cmp/u;
    %jmp/1 T_12.0, 6;
    %dup/vec4;
    %pushi/vec4 1, 0, 4;
    %cmp/u;
    %jmp/1 T_12.1, 6;
    %dup/vec4;
    %pushi/vec4 2, 0, 4;
    %cmp/u;
    %jmp/1 T_12.2, 6;
    %dup/vec4;
    %pushi/vec4 3, 0, 4;
    %cmp/u;
    %jmp/1 T_12.3, 6;
    %dup/vec4;
    %pushi/vec4 4, 0, 4;
    %cmp/u;
    %jmp/1 T_12.4, 6;
    %dup/vec4;
    %pushi/vec4 5, 0, 4;
    %cmp/u;
    %jmp/1 T_12.5, 6;
    %dup/vec4;
    %pushi/vec4 6, 0, 4;
    %cmp/u;
    %jmp/1 T_12.6, 6;
    %dup/vec4;
    %pushi/vec4 7, 0, 4;
    %cmp/u;
    %jmp/1 T_12.7, 6;
    %dup/vec4;
    %pushi/vec4 8, 0, 4;
    %cmp/u;
    %jmp/1 T_12.8, 6;
    %dup/vec4;
    %pushi/vec4 9, 0, 4;
    %cmp/u;
    %jmp/1 T_12.9, 6;
    %dup/vec4;
    %pushi/vec4 10, 0, 4;
    %cmp/u;
    %jmp/1 T_12.10, 6;
    %pushi/vec4 0, 0, 32;
    %store/vec4 v0x58d8e7a23570_0, 0, 32;
    %jmp T_12.12;
T_12.0 ;
    %load/vec4 v0x58d8e7a233a0_0;
    %load/vec4 v0x58d8e7a23490_0;
    %add;
    %store/vec4 v0x58d8e7a23570_0, 0, 32;
    %jmp T_12.12;
T_12.1 ;
    %load/vec4 v0x58d8e7a23490_0;
    %store/vec4 v0x58d8e7a23570_0, 0, 32;
    %jmp T_12.12;
T_12.2 ;
    %load/vec4 v0x58d8e7a233a0_0;
    %load/vec4 v0x58d8e7a23490_0;
    %sub;
    %store/vec4 v0x58d8e7a23570_0, 0, 32;
    %jmp T_12.12;
T_12.3 ;
    %load/vec4 v0x58d8e7a233a0_0;
    %load/vec4 v0x58d8e7a23490_0;
    %and;
    %store/vec4 v0x58d8e7a23570_0, 0, 32;
    %jmp T_12.12;
T_12.4 ;
    %load/vec4 v0x58d8e7a233a0_0;
    %load/vec4 v0x58d8e7a23490_0;
    %or;
    %store/vec4 v0x58d8e7a23570_0, 0, 32;
    %jmp T_12.12;
T_12.5 ;
    %load/vec4 v0x58d8e7a233a0_0;
    %load/vec4 v0x58d8e7a23490_0;
    %xor;
    %store/vec4 v0x58d8e7a23570_0, 0, 32;
    %jmp T_12.12;
T_12.6 ;
    %load/vec4 v0x58d8e7a233a0_0;
    %ix/getv 4, v0x58d8e7a236a0_0;
    %shiftl 4;
    %store/vec4 v0x58d8e7a23570_0, 0, 32;
    %jmp T_12.12;
T_12.7 ;
    %load/vec4 v0x58d8e7a233a0_0;
    %ix/getv 4, v0x58d8e7a236a0_0;
    %shiftr 4;
    %store/vec4 v0x58d8e7a23570_0, 0, 32;
    %jmp T_12.12;
T_12.8 ;
    %load/vec4 v0x58d8e7a233a0_0;
    %ix/getv 4, v0x58d8e7a236a0_0;
    %shiftr/s 4;
    %store/vec4 v0x58d8e7a23570_0, 0, 32;
    %jmp T_12.12;
T_12.9 ;
    %load/vec4 v0x58d8e7a233a0_0;
    %load/vec4 v0x58d8e7a23490_0;
    %cmp/s;
    %flag_mov 8, 5;
    %jmp/0 T_12.13, 8;
    %pushi/vec4 1, 0, 32;
    %jmp/1 T_12.14, 8;
T_12.13 ; End of true expr.
    %pushi/vec4 0, 0, 32;
    %jmp/0 T_12.14, 8;
 ; End of false expr.
    %blend;
T_12.14;
    %store/vec4 v0x58d8e7a23570_0, 0, 32;
    %jmp T_12.12;
T_12.10 ;
    %load/vec4 v0x58d8e7a233a0_0;
    %load/vec4 v0x58d8e7a23490_0;
    %cmp/u;
    %flag_mov 8, 5;
    %jmp/0 T_12.15, 8;
    %pushi/vec4 1, 0, 32;
    %jmp/1 T_12.16, 8;
T_12.15 ; End of true expr.
    %pushi/vec4 0, 0, 32;
    %jmp/0 T_12.16, 8;
 ; End of false expr.
    %blend;
T_12.16;
    %store/vec4 v0x58d8e7a23570_0, 0, 32;
    %jmp T_12.12;
T_12.12 ;
    %pop/vec4 1;
    %end;
    .scope S_0x58d8e7a22c70;
t_18 %join;
    %jmp T_12;
    .thread T_12, $push;
    .scope S_0x58d8e7a22320;
T_13 ;
Ewait_7 .event/or E_0x58d8e7a22be0, E_0x0;
    %wait Ewait_7;
    %load/vec4 v0x58d8e7a27ae0_0;
    %dup/vec4;
    %pushi/vec4 4, 0, 3;
    %cmp/u;
    %jmp/1 T_13.0, 6;
    %load/vec4 v0x58d8e7a27830_0;
    %store/vec4 v0x58d8e7a28100_0, 0, 32;
    %jmp T_13.2;
T_13.0 ;
    %load/vec4 v0x58d8e7a27910_0;
    %store/vec4 v0x58d8e7a28100_0, 0, 32;
    %jmp T_13.2;
T_13.2 ;
    %pop/vec4 1;
    %jmp T_13;
    .thread T_13, $push;
    .scope S_0x58d8e7a22320;
T_14 ;
Ewait_8 .event/or E_0x58d8e7a22b70, E_0x0;
    %wait Ewait_8;
    %fork t_21, S_0x58d8e7a24ce0;
    %jmp t_20;
    .scope S_0x58d8e7a24ce0;
t_21 ;
    %load/vec4 v0x58d8e7a26310_0;
    %dup/vec4;
    %pushi/vec4 0, 0, 2;
    %cmp/u;
    %jmp/1 T_14.0, 6;
    %dup/vec4;
    %pushi/vec4 1, 0, 2;
    %cmp/u;
    %jmp/1 T_14.1, 6;
    %dup/vec4;
    %pushi/vec4 2, 0, 2;
    %cmp/u;
    %jmp/1 T_14.2, 6;
    %load/vec4 v0x58d8e7a26800_0;
    %store/vec4 v0x58d8e7a27d40_0, 0, 32;
    %jmp T_14.4;
T_14.0 ;
    %load/vec4 v0x58d8e7a26800_0;
    %store/vec4 v0x58d8e7a27d40_0, 0, 32;
    %jmp T_14.4;
T_14.1 ;
    %load/vec4 v0x58d8e7a264b0_0;
    %store/vec4 v0x58d8e7a27d40_0, 0, 32;
    %jmp T_14.4;
T_14.2 ;
    %load/vec4 v0x58d8e7a28100_0;
    %store/vec4 v0x58d8e7a27d40_0, 0, 32;
    %jmp T_14.4;
T_14.4 ;
    %pop/vec4 1;
    %end;
    .scope S_0x58d8e7a22320;
t_20 %join;
    %jmp T_14;
    .thread T_14, $push;
    .scope S_0x58d8e7a22320;
T_15 ;
Ewait_9 .event/or E_0x58d8e7a22b00, E_0x0;
    %wait Ewait_9;
    %fork t_23, S_0x58d8e7a24ec0;
    %jmp t_22;
    .scope S_0x58d8e7a24ec0;
t_23 ;
    %load/vec4 v0x58d8e7a263e0_0;
    %dup/vec4;
    %pushi/vec4 0, 0, 2;
    %cmp/u;
    %jmp/1 T_15.0, 6;
    %dup/vec4;
    %pushi/vec4 1, 0, 2;
    %cmp/u;
    %jmp/1 T_15.1, 6;
    %dup/vec4;
    %pushi/vec4 2, 0, 2;
    %cmp/u;
    %jmp/1 T_15.2, 6;
    %load/vec4 v0x58d8e7a268e0_0;
    %store/vec4 v0x58d8e7a27ee0_0, 0, 32;
    %jmp T_15.4;
T_15.0 ;
    %load/vec4 v0x58d8e7a268e0_0;
    %store/vec4 v0x58d8e7a27ee0_0, 0, 32;
    %jmp T_15.4;
T_15.1 ;
    %load/vec4 v0x58d8e7a264b0_0;
    %store/vec4 v0x58d8e7a27ee0_0, 0, 32;
    %jmp T_15.4;
T_15.2 ;
    %load/vec4 v0x58d8e7a28100_0;
    %store/vec4 v0x58d8e7a27ee0_0, 0, 32;
    %jmp T_15.4;
T_15.4 ;
    %pop/vec4 1;
    %end;
    .scope S_0x58d8e7a22320;
t_22 %join;
    %jmp T_15;
    .thread T_15, $push;
    .scope S_0x58d8e7a22320;
T_16 ;
Ewait_10 .event/or E_0x58d8e7a22aa0, E_0x0;
    %wait Ewait_10;
    %fork t_25, S_0x58d8e7a238e0;
    %jmp t_24;
    .scope S_0x58d8e7a238e0;
t_25 ;
    %pushi/vec4 0, 0, 1;
    %store/vec4 v0x58d8e7a28040_0, 0, 1;
    %load/vec4 v0x58d8e7a26ef0_0;
    %flag_set/vec4 8;
    %jmp/0xz  T_16.0, 8;
    %load/vec4 v0x58d8e7a269c0_0;
    %dup/vec4;
    %pushi/vec4 2, 0, 4;
    %cmp/u;
    %jmp/1 T_16.2, 6;
    %dup/vec4;
    %pushi/vec4 9, 0, 4;
    %cmp/u;
    %jmp/1 T_16.3, 6;
    %dup/vec4;
    %pushi/vec4 10, 0, 4;
    %cmp/u;
    %jmp/1 T_16.4, 6;
    %pushi/vec4 0, 0, 1;
    %store/vec4 v0x58d8e7a28040_0, 0, 1;
    %jmp T_16.6;
T_16.2 ;
    %load/vec4 v0x58d8e7a250a0_0;
    %cmpi/e 0, 0, 32;
    %jmp/0xz  T_16.7, 4;
    %pushi/vec4 1, 0, 1;
    %store/vec4 v0x58d8e7a28040_0, 0, 1;
T_16.7 ;
    %jmp T_16.6;
T_16.3 ;
    %load/vec4 v0x58d8e7a250a0_0;
    %cmpi/e 1, 0, 32;
    %jmp/0xz  T_16.9, 4;
    %pushi/vec4 1, 0, 1;
    %store/vec4 v0x58d8e7a28040_0, 0, 1;
T_16.9 ;
    %jmp T_16.6;
T_16.4 ;
    %load/vec4 v0x58d8e7a250a0_0;
    %cmpi/e 1, 0, 32;
    %jmp/0xz  T_16.11, 4;
    %pushi/vec4 1, 0, 1;
    %store/vec4 v0x58d8e7a28040_0, 0, 1;
T_16.11 ;
    %jmp T_16.6;
T_16.6 ;
    %pop/vec4 1;
T_16.0 ;
    %end;
    .scope S_0x58d8e7a22320;
t_24 %join;
    %jmp T_16;
    .thread T_16, $push;
    .scope S_0x58d8e7a22320;
T_17 ;
    %wait E_0x58d8e7a0e040;
    %fork t_27, S_0x58d8e7a23ae0;
    %jmp t_26;
    .scope S_0x58d8e7a23ae0;
t_27 ;
    %load/vec4 v0x58d8e7a27f80_0;
    %flag_set/vec4 8;
    %jmp/0xz  T_17.0, 8;
    %pushi/vec4 0, 0, 32;
    %assign/vec4 v0x58d8e7a25ca0_0, 0;
    %pushi/vec4 0, 0, 32;
    %assign/vec4 v0x58d8e7a25590_0, 0;
    %pushi/vec4 0, 0, 32;
    %assign/vec4 v0x58d8e7a253c0_0, 0;
    %pushi/vec4 0, 0, 5;
    %assign/vec4 v0x58d8e7a25d80_0, 0;
    %pushi/vec4 0, 0, 4;
    %assign/vec4 v0x58d8e7a254b0_0, 0;
    %pushi/vec4 0, 0, 1;
    %assign/vec4 v0x58d8e7a25670_0, 0;
    %pushi/vec4 0, 0, 1;
    %assign/vec4 v0x58d8e7a26240_0, 0;
    %pushi/vec4 0, 0, 1;
    %assign/vec4 v0x58d8e7a261a0_0, 0;
    %pushi/vec4 0, 0, 1;
    %assign/vec4 v0x58d8e7a25b00_0, 0;
    %pushi/vec4 0, 0, 6;
    %assign/vec4 v0x58d8e7a25bc0_0, 0;
    %pushi/vec4 0, 0, 1;
    %assign/vec4 v0x58d8e7a25a40_0, 0;
    %pushi/vec4 0, 0, 1;
    %assign/vec4 v0x58d8e7a25980_0, 0;
    %pushi/vec4 0, 0, 3;
    %assign/vec4 v0x58d8e7a25e40_0, 0;
    %pushi/vec4 0, 0, 3;
    %assign/vec4 v0x58d8e7a258a0_0, 0;
    %pushi/vec4 0, 0, 1;
    %assign/vec4 v0x58d8e7a26010_0, 0;
    %pushi/vec4 0, 0, 32;
    %assign/vec4 v0x58d8e7a25730_0, 0;
    %pushi/vec4 0, 0, 1;
    %assign/vec4 v0x58d8e7a260d0_0, 0;
    %jmp T_17.1;
T_17.0 ;
    %load/vec4 v0x58d8e7a27210_0;
    %assign/vec4 v0x58d8e7a25ca0_0, 0;
    %load/vec4 v0x58d8e7a250a0_0;
    %assign/vec4 v0x58d8e7a25590_0, 0;
    %load/vec4 v0x58d8e7a27ee0_0;
    %assign/vec4 v0x58d8e7a253c0_0, 0;
    %load/vec4 v0x58d8e7a272f0_0;
    %assign/vec4 v0x58d8e7a25d80_0, 0;
    %load/vec4 v0x58d8e7a269c0_0;
    %assign/vec4 v0x58d8e7a254b0_0, 0;
    %load/vec4 v0x58d8e7a26a80_0;
    %assign/vec4 v0x58d8e7a25670_0, 0;
    %load/vec4 v0x58d8e7a27770_0;
    %assign/vec4 v0x58d8e7a26240_0, 0;
    %load/vec4 v0x58d8e7a276b0_0;
    %assign/vec4 v0x58d8e7a261a0_0, 0;
    %load/vec4 v0x58d8e7a27070_0;
    %assign/vec4 v0x58d8e7a25b00_0, 0;
    %load/vec4 v0x58d8e7a27130_0;
    %assign/vec4 v0x58d8e7a25bc0_0, 0;
    %load/vec4 v0x58d8e7a26fb0_0;
    %assign/vec4 v0x58d8e7a25a40_0, 0;
    %load/vec4 v0x58d8e7a26ef0_0;
    %assign/vec4 v0x58d8e7a25980_0, 0;
    %load/vec4 v0x58d8e7a273d0_0;
    %assign/vec4 v0x58d8e7a25e40_0, 0;
    %load/vec4 v0x58d8e7a26c00_0;
    %assign/vec4 v0x58d8e7a258a0_0, 0;
    %load/vec4 v0x58d8e7a28040_0;
    %assign/vec4 v0x58d8e7a26010_0, 0;
    %load/vec4 v0x58d8e7a25220_0;
    %assign/vec4 v0x58d8e7a25730_0, 0;
    %load/vec4 v0x58d8e7a27610_0;
    %assign/vec4 v0x58d8e7a260d0_0, 0;
T_17.1 ;
    %end;
    .scope S_0x58d8e7a22320;
t_26 %join;
    %jmp T_17;
    .thread T_17;
    .scope S_0x58d8e7a32690;
T_18 ;
    %wait E_0x58d8e7a0e040;
    %fork t_29, S_0x58d8e7a32c60;
    %jmp t_28;
    .scope S_0x58d8e7a32c60;
t_29 ;
    %load/vec4 v0x58d8e7a33f50_0;
    %flag_set/vec4 8;
    %jmp/0xz  T_18.0, 8;
    %pushi/vec4 0, 0, 32;
    %assign/vec4 v0x58d8e7a33a40_0, 0;
    %pushi/vec4 0, 0, 32;
    %assign/vec4 v0x58d8e7a33b10_0, 0;
    %pushi/vec4 0, 0, 5;
    %assign/vec4 v0x58d8e7a33be0_0, 0;
    %pushi/vec4 0, 0, 1;
    %assign/vec4 v0x58d8e7a33e60_0, 0;
    %pushi/vec4 0, 0, 3;
    %assign/vec4 v0x58d8e7a33cd0_0, 0;
    %pushi/vec4 0, 0, 1;
    %assign/vec4 v0x58d8e7a33d70_0, 0;
    %jmp T_18.1;
T_18.0 ;
    %load/vec4 v0x58d8e7a33830_0;
    %nor/r;
    %flag_set/vec4 8;
    %jmp/0xz  T_18.2, 8;
    %pushi/vec4 0, 0, 1;
    %assign/vec4 v0x58d8e7a33d70_0, 0;
    %jmp T_18.3;
T_18.2 ;
    %load/vec4 v0x58d8e7a334b0_0;
    %assign/vec4 v0x58d8e7a33a40_0, 0;
    %load/vec4 v0x58d8e7a33550_0;
    %load/vec4 v0x58d8e7a338d0_0;
    %nor/r;
    %and;
    %flag_set/vec4 8;
    %jmp/0xz  T_18.4, 8;
    %load/vec4 v0x58d8e7a33150_0;
    %assign/vec4 v0x58d8e7a33b10_0, 0;
    %jmp T_18.5;
T_18.4 ;
    %pushi/vec4 0, 0, 32;
    %assign/vec4 v0x58d8e7a33b10_0, 0;
T_18.5 ;
    %load/vec4 v0x58d8e7a336c0_0;
    %assign/vec4 v0x58d8e7a33be0_0, 0;
    %load/vec4 v0x58d8e7a339a0_0;
    %assign/vec4 v0x58d8e7a33e60_0, 0;
    %load/vec4 v0x58d8e7a33760_0;
    %assign/vec4 v0x58d8e7a33cd0_0, 0;
    %pushi/vec4 1, 0, 1;
    %assign/vec4 v0x58d8e7a33d70_0, 0;
T_18.3 ;
T_18.1 ;
    %end;
    .scope S_0x58d8e7a32690;
t_28 %join;
    %jmp T_18;
    .thread T_18;
    .scope S_0x58d8e7a34270;
T_19 ;
Ewait_11 .event/or E_0x58d8e7a346b0, E_0x0;
    %wait Ewait_11;
    %fork t_31, S_0x58d8e7a34730;
    %jmp t_30;
    .scope S_0x58d8e7a34730;
t_31 ;
    %load/vec4 v0x58d8e7a34c10_0;
    %dup/vec4;
    %pushi/vec4 0, 0, 3;
    %cmp/u;
    %jmp/1 T_19.0, 6;
    %dup/vec4;
    %pushi/vec4 1, 0, 3;
    %cmp/u;
    %jmp/1 T_19.1, 6;
    %dup/vec4;
    %pushi/vec4 2, 0, 3;
    %cmp/u;
    %jmp/1 T_19.2, 6;
    %dup/vec4;
    %pushi/vec4 3, 0, 3;
    %cmp/u;
    %jmp/1 T_19.3, 6;
    %dup/vec4;
    %pushi/vec4 4, 0, 3;
    %cmp/u;
    %jmp/1 T_19.4, 6;
    %load/vec4 v0x58d8e7a34930_0;
    %store/vec4 v0x58d8e7a35170_0, 0, 32;
    %jmp T_19.6;
T_19.0 ;
    %load/vec4 v0x58d8e7a34930_0;
    %store/vec4 v0x58d8e7a35170_0, 0, 32;
    %jmp T_19.6;
T_19.1 ;
    %load/vec4 v0x58d8e7a34930_0;
    %store/vec4 v0x58d8e7a35170_0, 0, 32;
    %jmp T_19.6;
T_19.2 ;
    %load/vec4 v0x58d8e7a34930_0;
    %store/vec4 v0x58d8e7a35170_0, 0, 32;
    %jmp T_19.6;
T_19.3 ;
    %load/vec4 v0x58d8e7a34930_0;
    %store/vec4 v0x58d8e7a35170_0, 0, 32;
    %jmp T_19.6;
T_19.4 ;
    %load/vec4 v0x58d8e7a34a60_0;
    %store/vec4 v0x58d8e7a35170_0, 0, 32;
    %jmp T_19.6;
T_19.6 ;
    %pop/vec4 1;
    %end;
    .scope S_0x58d8e7a34270;
t_30 %join;
    %jmp T_19;
    .thread T_19, $push;
    .scope S_0x58d8e7a05f00;
T_20 ;
    %pushi/vec4 0, 0, 1;
    %store/vec4 v0x58d8e7a38c00_0, 0, 1;
T_20.0 ;
    %delay 5000, 0;
    %load/vec4 v0x58d8e7a38c00_0;
    %inv;
    %store/vec4 v0x58d8e7a38c00_0, 0, 1;
    %jmp T_20.0;
    %end;
    .thread T_20;
    .scope S_0x58d8e7a05f00;
T_21 ;
    %pushi/vec4 1, 0, 1;
    %store/vec4 v0x58d8e7a38d60_0, 0, 1;
    %delay 20000, 0;
    %pushi/vec4 0, 0, 1;
    %store/vec4 v0x58d8e7a38d60_0, 0, 1;
    %end;
    .thread T_21;
    .scope S_0x58d8e7a05f00;
T_22 ;
    %pushi/vec4 0, 0, 1;
    %store/vec4 v0x58d8e7a38ca0_0, 0, 1;
T_22.0 ;
    %load/vec4 v0x58d8e7a38ca0_0;
    %cmpi/ne 1, 0, 1;
    %jmp/0xz T_22.1, 6;
    %wait E_0x58d8e7923da0;
    %jmp T_22.0;
T_22.1 ;
    %delay 20000, 0;
    %ix/load 4, 1, 0;
    %flag_set/imm 4, 0;
    %load/vec4a v0x58d8e7a2d390, 4;
    %cmpi/ne 10, 0, 32;
    %jmp/0xz  T_22.2, 6;
    %vpi_call/w 3 52 "$display", "[FAIL] x1" {0 0 0};
    %vpi_call/w 3 54 "$display", "Expected : 10" {0 0 0};
    %vpi_call/w 3 55 "$display", "Actual   : %0d", &A<v0x58d8e7a2d390, 1> {0 0 0};
    %vpi_call/w 3 56 "$finish" {0 0 0};
    %jmp T_22.3;
T_22.2 ;
    %vpi_call/w 3 58 "$display", "[PASS] x1" {0 0 0};
T_22.3 ;
    %ix/load 4, 2, 0;
    %flag_set/imm 4, 0;
    %load/vec4a v0x58d8e7a2d390, 4;
    %cmpi/ne 20, 0, 32;
    %jmp/0xz  T_22.4, 6;
    %vpi_call/w 3 62 "$display", "[FAIL] x2" {0 0 0};
    %vpi_call/w 3 63 "$display", "Expected : 20" {0 0 0};
    %vpi_call/w 3 64 "$display", "Actual   : %0d", &A<v0x58d8e7a2d390, 2> {0 0 0};
    %vpi_call/w 3 65 "$finish" {0 0 0};
    %jmp T_22.5;
T_22.4 ;
    %vpi_call/w 3 67 "$display", "[PASS] x2" {0 0 0};
T_22.5 ;
    %ix/load 4, 3, 0;
    %flag_set/imm 4, 0;
    %load/vec4a v0x58d8e7a2d390, 4;
    %cmpi/ne 30, 0, 32;
    %jmp/0xz  T_22.6, 6;
    %vpi_call/w 3 71 "$display", "[FAIL] x3" {0 0 0};
    %vpi_call/w 3 72 "$display", "Expected : 30" {0 0 0};
    %vpi_call/w 3 73 "$display", "Actual   : %0d", &A<v0x58d8e7a2d390, 3> {0 0 0};
    %vpi_call/w 3 74 "$finish" {0 0 0};
    %jmp T_22.7;
T_22.6 ;
    %vpi_call/w 3 76 "$display", "[PASS] x3" {0 0 0};
T_22.7 ;
    %vpi_call/w 3 79 "$display", "\000" {0 0 0};
    %vpi_call/w 3 80 "$display", "TOP CPU TEST PASSED" {0 0 0};
    %vpi_call/w 3 81 "$display", "\000" {0 0 0};
    %vpi_call/w 3 82 "$finish" {0 0 0};
    %end;
    .thread T_22;
    .scope S_0x58d8e7a05f00;
T_23 ;
    %wait E_0x58d8e7a0e040;
    %delay 1000, 0;
    %load/vec4 v0x58d8e7a37d30_0;
    %cmpi/e 4294967295, 0, 32;
    %jmp/0xz  T_23.0, 4;
    %pushi/vec4 1, 0, 1;
    %store/vec4 v0x58d8e7a38ca0_0, 0, 1;
T_23.0 ;
    %jmp T_23;
    .thread T_23;
# The file index is used to find the file name in the following table.
:file_names 20;
    "N/A";
    "<interactive>";
    "-";
    "tb_top_cpu.sv";
    "../../sources/top_cpu.sv";
    "../../sources/dmem.sv";
    "../../sources/imem.sv";
    "../../sources/stage_ex.sv";
    "../../sources/alu.sv";
    "../../sources/forwarding_unit.sv";
    "../../sources/stage_id.sv";
    "../../sources/control_unit.sv";
    "../../sources/decoder.sv";
    "../../sources/immediate_generator.sv";
    "../../sources/regfile.sv";
    "../../sources/stage_if.sv";
    "../../sources/pc_mux.sv";
    "../../sources/pc_reg.sv";
    "../../sources/stage_mem.sv";
    "../../sources/stage_wb.sv";
