Vivado Simulator 2020.2
Time resolution is 1 ps
Note: [INST] Addr=00000000, Word=0, Instuction=00000093, Mnemonic=addi x1, x0, 00000000
Time: 215 ns  Iteration: 0  Process: /tb_cpu/monitor  File: /media/nisitha/My_Passport/MOODLE/Vivado_projects/RISCV_VHDL/rtl/sim/cpu/tb_cpu.vhd
Note: [INST] Addr=00000004, Word=1, Instuction=00000113, Mnemonic=addi x2, x0, 00000000
Time: 225 ns  Iteration: 0  Process: /tb_cpu/monitor  File: /media/nisitha/My_Passport/MOODLE/Vivado_projects/RISCV_VHDL/rtl/sim/cpu/tb_cpu.vhd
Note: [INST] Addr=00000008, Word=2, Instuction=00000193, Mnemonic=addi x3, x0, 00000000
Time: 235 ns  Iteration: 0  Process: /tb_cpu/monitor  File: /media/nisitha/My_Passport/MOODLE/Vivado_projects/RISCV_VHDL/rtl/sim/cpu/tb_cpu.vhd
Note: [INST] Addr=0000000C, Word=3, Instuction=00000213, Mnemonic=addi x4, x0, 00000000
Time: 245 ns  Iteration: 0  Process: /tb_cpu/monitor  File: /media/nisitha/My_Passport/MOODLE/Vivado_projects/RISCV_VHDL/rtl/sim/cpu/tb_cpu.vhd
Note: [INST] Addr=00000010, Word=4, Instuction=00000293, Mnemonic=addi x5, x0, 00000000
Time: 255 ns  Iteration: 0  Process: /tb_cpu/monitor  File: /media/nisitha/My_Passport/MOODLE/Vivado_projects/RISCV_VHDL/rtl/sim/cpu/tb_cpu.vhd
Note: [INST] Addr=00000014, Word=5, Instuction=00000313, Mnemonic=addi x6, x0, 00000000
Time: 265 ns  Iteration: 0  Process: /tb_cpu/monitor  File: /media/nisitha/My_Passport/MOODLE/Vivado_projects/RISCV_VHDL/rtl/sim/cpu/tb_cpu.vhd
Note: [INST] Addr=00000018, Word=6, Instuction=00000393, Mnemonic=addi x7, x0, 00000000
Time: 275 ns  Iteration: 0  Process: /tb_cpu/monitor  File: /media/nisitha/My_Passport/MOODLE/Vivado_projects/RISCV_VHDL/rtl/sim/cpu/tb_cpu.vhd
Note: [INST] Addr=0000001C, Word=7, Instuction=00000413, Mnemonic=addi x8, x0, 00000000
Time: 285 ns  Iteration: 0  Process: /tb_cpu/monitor  File: /media/nisitha/My_Passport/MOODLE/Vivado_projects/RISCV_VHDL/rtl/sim/cpu/tb_cpu.vhd
Note: [INST] Addr=00000020, Word=8, Instuction=00000493, Mnemonic=addi x9, x0, 00000000
Time: 295 ns  Iteration: 0  Process: /tb_cpu/monitor  File: /media/nisitha/My_Passport/MOODLE/Vivado_projects/RISCV_VHDL/rtl/sim/cpu/tb_cpu.vhd
Note: [INST] Addr=00000024, Word=9, Instuction=00000513, Mnemonic=addi x10, x0, 00000000
Time: 305 ns  Iteration: 0  Process: /tb_cpu/monitor  File: /media/nisitha/My_Passport/MOODLE/Vivado_projects/RISCV_VHDL/rtl/sim/cpu/tb_cpu.vhd
Note: [INST] Addr=00000028, Word=10, Instuction=00000593, Mnemonic=addi x11, x0, 00000000
Time: 315 ns  Iteration: 0  Process: /tb_cpu/monitor  File: /media/nisitha/My_Passport/MOODLE/Vivado_projects/RISCV_VHDL/rtl/sim/cpu/tb_cpu.vhd
Note: [INST] Addr=0000002C, Word=11, Instuction=00000613, Mnemonic=addi x12, x0, 00000000
Time: 325 ns  Iteration: 0  Process: /tb_cpu/monitor  File: /media/nisitha/My_Passport/MOODLE/Vivado_projects/RISCV_VHDL/rtl/sim/cpu/tb_cpu.vhd
Note: [INST] Addr=00000030, Word=12, Instuction=00000693, Mnemonic=addi x13, x0, 00000000
Time: 335 ns  Iteration: 0  Process: /tb_cpu/monitor  File: /media/nisitha/My_Passport/MOODLE/Vivado_projects/RISCV_VHDL/rtl/sim/cpu/tb_cpu.vhd
Note: [INST] Addr=00000034, Word=13, Instuction=00000713, Mnemonic=addi x14, x0, 00000000
Time: 345 ns  Iteration: 0  Process: /tb_cpu/monitor  File: /media/nisitha/My_Passport/MOODLE/Vivado_projects/RISCV_VHDL/rtl/sim/cpu/tb_cpu.vhd
Note: [INST] Addr=00000038, Word=14, Instuction=00000793, Mnemonic=addi x15, x0, 00000000
Time: 355 ns  Iteration: 0  Process: /tb_cpu/monitor  File: /media/nisitha/My_Passport/MOODLE/Vivado_projects/RISCV_VHDL/rtl/sim/cpu/tb_cpu.vhd
Note: [INST] Addr=0000003C, Word=15, Instuction=00000813, Mnemonic=addi x16, x0, 00000000
Time: 365 ns  Iteration: 0  Process: /tb_cpu/monitor  File: /media/nisitha/My_Passport/MOODLE/Vivado_projects/RISCV_VHDL/rtl/sim/cpu/tb_cpu.vhd
Note: [INST] Addr=00000040, Word=16, Instuction=00000893, Mnemonic=addi x17, x0, 00000000
Time: 375 ns  Iteration: 0  Process: /tb_cpu/monitor  File: /media/nisitha/My_Passport/MOODLE/Vivado_projects/RISCV_VHDL/rtl/sim/cpu/tb_cpu.vhd
Note: [INST] Addr=00000044, Word=17, Instuction=00000913, Mnemonic=addi x18, x0, 00000000
Time: 385 ns  Iteration: 0  Process: /tb_cpu/monitor  File: /media/nisitha/My_Passport/MOODLE/Vivado_projects/RISCV_VHDL/rtl/sim/cpu/tb_cpu.vhd
Note: [INST] Addr=00000048, Word=18, Instuction=00000993, Mnemonic=addi x19, x0, 00000000
Time: 395 ns  Iteration: 0  Process: /tb_cpu/monitor  File: /media/nisitha/My_Passport/MOODLE/Vivado_projects/RISCV_VHDL/rtl/sim/cpu/tb_cpu.vhd
Note: [INST] Addr=0000004C, Word=19, Instuction=00000A13, Mnemonic=addi x20, x0, 00000000
Time: 405 ns  Iteration: 0  Process: /tb_cpu/monitor  File: /media/nisitha/My_Passport/MOODLE/Vivado_projects/RISCV_VHDL/rtl/sim/cpu/tb_cpu.vhd
Note: [INST] Addr=00000050, Word=20, Instuction=00000A93, Mnemonic=addi x21, x0, 00000000
Time: 415 ns  Iteration: 0  Process: /tb_cpu/monitor  File: /media/nisitha/My_Passport/MOODLE/Vivado_projects/RISCV_VHDL/rtl/sim/cpu/tb_cpu.vhd
Note: [INST] Addr=00000054, Word=21, Instuction=00000B13, Mnemonic=addi x22, x0, 00000000
Time: 425 ns  Iteration: 0  Process: /tb_cpu/monitor  File: /media/nisitha/My_Passport/MOODLE/Vivado_projects/RISCV_VHDL/rtl/sim/cpu/tb_cpu.vhd
Note: [INST] Addr=00000058, Word=22, Instuction=00000B93, Mnemonic=addi x23, x0, 00000000
Time: 435 ns  Iteration: 0  Process: /tb_cpu/monitor  File: /media/nisitha/My_Passport/MOODLE/Vivado_projects/RISCV_VHDL/rtl/sim/cpu/tb_cpu.vhd
Note: [INST] Addr=0000005C, Word=23, Instuction=00000C13, Mnemonic=addi x24, x0, 00000000
Time: 445 ns  Iteration: 0  Process: /tb_cpu/monitor  File: /media/nisitha/My_Passport/MOODLE/Vivado_projects/RISCV_VHDL/rtl/sim/cpu/tb_cpu.vhd
Note: [INST] Addr=00000060, Word=24, Instuction=00000C93, Mnemonic=addi x25, x0, 00000000
Time: 455 ns  Iteration: 0  Process: /tb_cpu/monitor  File: /media/nisitha/My_Passport/MOODLE/Vivado_projects/RISCV_VHDL/rtl/sim/cpu/tb_cpu.vhd
Note: [INST] Addr=00000064, Word=25, Instuction=00000D13, Mnemonic=addi x26, x0, 00000000
Time: 465 ns  Iteration: 0  Process: /tb_cpu/monitor  File: /media/nisitha/My_Passport/MOODLE/Vivado_projects/RISCV_VHDL/rtl/sim/cpu/tb_cpu.vhd
Note: [INST] Addr=00000068, Word=26, Instuction=00000D93, Mnemonic=addi x27, x0, 00000000
Time: 475 ns  Iteration: 0  Process: /tb_cpu/monitor  File: /media/nisitha/My_Passport/MOODLE/Vivado_projects/RISCV_VHDL/rtl/sim/cpu/tb_cpu.vhd
Note: [INST] Addr=0000006C, Word=27, Instuction=00000E13, Mnemonic=addi x28, x0, 00000000
Time: 485 ns  Iteration: 0  Process: /tb_cpu/monitor  File: /media/nisitha/My_Passport/MOODLE/Vivado_projects/RISCV_VHDL/rtl/sim/cpu/tb_cpu.vhd
Note: [INST] Addr=00000070, Word=28, Instuction=00000E93, Mnemonic=addi x29, x0, 00000000
Time: 495 ns  Iteration: 0  Process: /tb_cpu/monitor  File: /media/nisitha/My_Passport/MOODLE/Vivado_projects/RISCV_VHDL/rtl/sim/cpu/tb_cpu.vhd
Note: [INST] Addr=00000074, Word=29, Instuction=00000F13, Mnemonic=addi x30, x0, 00000000
Time: 505 ns  Iteration: 0  Process: /tb_cpu/monitor  File: /media/nisitha/My_Passport/MOODLE/Vivado_projects/RISCV_VHDL/rtl/sim/cpu/tb_cpu.vhd
Note: [INST] Addr=00000078, Word=30, Instuction=00000F93, Mnemonic=addi x31, x0, 00000000
Time: 515 ns  Iteration: 0  Process: /tb_cpu/monitor  File: /media/nisitha/My_Passport/MOODLE/Vivado_projects/RISCV_VHDL/rtl/sim/cpu/tb_cpu.vhd
Note: [INST] Addr=0000007C, Word=31, Instuction=01000297, Mnemonic=auipc x5, 01000000
Time: 525 ns  Iteration: 0  Process: /tb_cpu/monitor  File: /media/nisitha/My_Passport/MOODLE/Vivado_projects/RISCV_VHDL/rtl/sim/cpu/tb_cpu.vhd
Note: [REGS] x5=0100007C 
Time: 525 ns  Iteration: 0  Process: /tb_cpu/monitor  File: /media/nisitha/My_Passport/MOODLE/Vivado_projects/RISCV_VHDL/rtl/sim/cpu/tb_cpu.vhd
Note: [INST] Addr=00000080, Word=32, Instuction=F8428293, Mnemonic=addi x5, x5, FFFFFF84
Time: 535 ns  Iteration: 0  Process: /tb_cpu/monitor  File: /media/nisitha/My_Passport/MOODLE/Vivado_projects/RISCV_VHDL/rtl/sim/cpu/tb_cpu.vhd
Note: [REGS] x5=01000000 
Time: 535 ns  Iteration: 0  Process: /tb_cpu/monitor  File: /media/nisitha/My_Passport/MOODLE/Vivado_projects/RISCV_VHDL/rtl/sim/cpu/tb_cpu.vhd
Note: [INST] Addr=00000084, Word=33, Instuction=02000317, Mnemonic=auipc x6, 02000000
Time: 545 ns  Iteration: 0  Process: /tb_cpu/monitor  File: /media/nisitha/My_Passport/MOODLE/Vivado_projects/RISCV_VHDL/rtl/sim/cpu/tb_cpu.vhd
Note: [REGS] x5=01000000 x6=02000084 
Time: 545 ns  Iteration: 0  Process: /tb_cpu/monitor  File: /media/nisitha/My_Passport/MOODLE/Vivado_projects/RISCV_VHDL/rtl/sim/cpu/tb_cpu.vhd
Note: [INST] Addr=00000088, Word=34, Instuction=F7C30313, Mnemonic=addi x6, x6, FFFFFF7C
Time: 555 ns  Iteration: 0  Process: /tb_cpu/monitor  File: /media/nisitha/My_Passport/MOODLE/Vivado_projects/RISCV_VHDL/rtl/sim/cpu/tb_cpu.vhd
Note: [REGS] x5=01000000 x6=02000000 
Time: 555 ns  Iteration: 0  Process: /tb_cpu/monitor  File: /media/nisitha/My_Passport/MOODLE/Vivado_projects/RISCV_VHDL/rtl/sim/cpu/tb_cpu.vhd
Note: [INST] Addr=0000008C, Word=35, Instuction=02000397, Mnemonic=auipc x7, 02000000
Time: 565 ns  Iteration: 0  Process: /tb_cpu/monitor  File: /media/nisitha/My_Passport/MOODLE/Vivado_projects/RISCV_VHDL/rtl/sim/cpu/tb_cpu.vhd
Note: [REGS] x5=01000000 x6=02000000 x7=0200008C 
Time: 565 ns  Iteration: 0  Process: /tb_cpu/monitor  File: /media/nisitha/My_Passport/MOODLE/Vivado_projects/RISCV_VHDL/rtl/sim/cpu/tb_cpu.vhd
Note: [INST] Addr=00000090, Word=36, Instuction=F7438393, Mnemonic=addi x7, x7, FFFFFF74
Time: 575 ns  Iteration: 0  Process: /tb_cpu/monitor  File: /media/nisitha/My_Passport/MOODLE/Vivado_projects/RISCV_VHDL/rtl/sim/cpu/tb_cpu.vhd
Note: [REGS] x5=01000000 x6=02000000 x7=02000000 
Time: 575 ns  Iteration: 0  Process: /tb_cpu/monitor  File: /media/nisitha/My_Passport/MOODLE/Vivado_projects/RISCV_VHDL/rtl/sim/cpu/tb_cpu.vhd
Note: [INST] Addr=00000094, Word=37, Instuction=00730C63, Mnemonic=beq x6, x7, 00000018
Time: 585 ns  Iteration: 0  Process: /tb_cpu/monitor  File: /media/nisitha/My_Passport/MOODLE/Vivado_projects/RISCV_VHDL/rtl/sim/cpu/tb_cpu.vhd
Note: [REGS] x5=01000000 x6=02000000 x7=02000000 
Time: 585 ns  Iteration: 0  Process: /tb_cpu/monitor  File: /media/nisitha/My_Passport/MOODLE/Vivado_projects/RISCV_VHDL/rtl/sim/cpu/tb_cpu.vhd
Note: [INST] Addr=000000AC, Word=43, Instuction=02000297, Mnemonic=auipc x5, 02000000
Time: 595 ns  Iteration: 0  Process: /tb_cpu/monitor  File: /media/nisitha/My_Passport/MOODLE/Vivado_projects/RISCV_VHDL/rtl/sim/cpu/tb_cpu.vhd
Note: [REGS] x5=020000AC x6=02000000 x7=02000000 
Time: 595 ns  Iteration: 0  Process: /tb_cpu/monitor  File: /media/nisitha/My_Passport/MOODLE/Vivado_projects/RISCV_VHDL/rtl/sim/cpu/tb_cpu.vhd
Note: [INST] Addr=000000B0, Word=44, Instuction=F5428293, Mnemonic=addi x5, x5, FFFFFF54
Time: 605 ns  Iteration: 0  Process: /tb_cpu/monitor  File: /media/nisitha/My_Passport/MOODLE/Vivado_projects/RISCV_VHDL/rtl/sim/cpu/tb_cpu.vhd
Note: [REGS] x5=02000000 x6=02000000 x7=02000000 
Time: 605 ns  Iteration: 0  Process: /tb_cpu/monitor  File: /media/nisitha/My_Passport/MOODLE/Vivado_projects/RISCV_VHDL/rtl/sim/cpu/tb_cpu.vhd
Note: [INST] Addr=000000B4, Word=45, Instuction=02000317, Mnemonic=auipc x6, 02000000
Time: 615 ns  Iteration: 0  Process: /tb_cpu/monitor  File: /media/nisitha/My_Passport/MOODLE/Vivado_projects/RISCV_VHDL/rtl/sim/cpu/tb_cpu.vhd
Note: [REGS] x5=02000000 x6=020000B4 x7=02000000 
Time: 615 ns  Iteration: 0  Process: /tb_cpu/monitor  File: /media/nisitha/My_Passport/MOODLE/Vivado_projects/RISCV_VHDL/rtl/sim/cpu/tb_cpu.vhd
Note: [INST] Addr=000000B8, Word=46, Instuction=F4C30313, Mnemonic=addi x6, x6, FFFFFF4C
Time: 625 ns  Iteration: 0  Process: /tb_cpu/monitor  File: /media/nisitha/My_Passport/MOODLE/Vivado_projects/RISCV_VHDL/rtl/sim/cpu/tb_cpu.vhd
Note: [REGS] x5=02000000 x6=02000000 x7=02000000 
Time: 625 ns  Iteration: 0  Process: /tb_cpu/monitor  File: /media/nisitha/My_Passport/MOODLE/Vivado_projects/RISCV_VHDL/rtl/sim/cpu/tb_cpu.vhd
Note: [INST] Addr=000000BC, Word=47, Instuction=00000393, Mnemonic=addi x7, x0, 00000000
Time: 635 ns  Iteration: 0  Process: /tb_cpu/monitor  File: /media/nisitha/My_Passport/MOODLE/Vivado_projects/RISCV_VHDL/rtl/sim/cpu/tb_cpu.vhd
Note: [REGS] x5=02000000 x6=02000000 
Time: 635 ns  Iteration: 0  Process: /tb_cpu/monitor  File: /media/nisitha/My_Passport/MOODLE/Vivado_projects/RISCV_VHDL/rtl/sim/cpu/tb_cpu.vhd
Note: [INST] Addr=000000C0, Word=48, Instuction=00628863, Mnemonic=beq x5, x6, 00000010
Time: 645 ns  Iteration: 0  Process: /tb_cpu/monitor  File: /media/nisitha/My_Passport/MOODLE/Vivado_projects/RISCV_VHDL/rtl/sim/cpu/tb_cpu.vhd
Note: [REGS] x5=02000000 x6=02000000 
Time: 645 ns  Iteration: 0  Process: /tb_cpu/monitor  File: /media/nisitha/My_Passport/MOODLE/Vivado_projects/RISCV_VHDL/rtl/sim/cpu/tb_cpu.vhd
Note: [INST] Addr=000000D0, Word=52, Instuction=00200193, Mnemonic=addi x3, x0, 00000002
Time: 655 ns  Iteration: 0  Process: /tb_cpu/monitor  File: /media/nisitha/My_Passport/MOODLE/Vivado_projects/RISCV_VHDL/rtl/sim/cpu/tb_cpu.vhd
Note: [REGS] x3=00000002 x5=02000000 x6=02000000 
Time: 655 ns  Iteration: 0  Process: /tb_cpu/monitor  File: /media/nisitha/My_Passport/MOODLE/Vivado_projects/RISCV_VHDL/rtl/sim/cpu/tb_cpu.vhd
Note: [INST] Addr=000000D4, Word=53, Instuction=00000593, Mnemonic=addi x11, x0, 00000000
Time: 665 ns  Iteration: 0  Process: /tb_cpu/monitor  File: /media/nisitha/My_Passport/MOODLE/Vivado_projects/RISCV_VHDL/rtl/sim/cpu/tb_cpu.vhd
Note: [REGS] x3=00000002 x5=02000000 x6=02000000 
Time: 665 ns  Iteration: 0  Process: /tb_cpu/monitor  File: /media/nisitha/My_Passport/MOODLE/Vivado_projects/RISCV_VHDL/rtl/sim/cpu/tb_cpu.vhd
Note: [INST] Addr=000000D8, Word=54, Instuction=00000613, Mnemonic=addi x12, x0, 00000000
Time: 675 ns  Iteration: 0  Process: /tb_cpu/monitor  File: /media/nisitha/My_Passport/MOODLE/Vivado_projects/RISCV_VHDL/rtl/sim/cpu/tb_cpu.vhd
Note: [REGS] x3=00000002 x5=02000000 x6=02000000 
Time: 675 ns  Iteration: 0  Process: /tb_cpu/monitor  File: /media/nisitha/My_Passport/MOODLE/Vivado_projects/RISCV_VHDL/rtl/sim/cpu/tb_cpu.vhd
Note: [INST] Addr=000000DC, Word=55, Instuction=00C58733, Mnemonic=add x14, x11, x12
Time: 685 ns  Iteration: 0  Process: /tb_cpu/monitor  File: /media/nisitha/My_Passport/MOODLE/Vivado_projects/RISCV_VHDL/rtl/sim/cpu/tb_cpu.vhd
Note: [REGS] x3=00000002 x5=02000000 x6=02000000 
Time: 685 ns  Iteration: 0  Process: /tb_cpu/monitor  File: /media/nisitha/My_Passport/MOODLE/Vivado_projects/RISCV_VHDL/rtl/sim/cpu/tb_cpu.vhd
Note: [INST] Addr=000000E0, Word=56, Instuction=00000393, Mnemonic=addi x7, x0, 00000000
Time: 695 ns  Iteration: 0  Process: /tb_cpu/monitor  File: /media/nisitha/My_Passport/MOODLE/Vivado_projects/RISCV_VHDL/rtl/sim/cpu/tb_cpu.vhd
Note: [REGS] x3=00000002 x5=02000000 x6=02000000 
Time: 695 ns  Iteration: 0  Process: /tb_cpu/monitor  File: /media/nisitha/My_Passport/MOODLE/Vivado_projects/RISCV_VHDL/rtl/sim/cpu/tb_cpu.vhd
Note: [INST] Addr=000000E4, Word=57, Instuction=4C771663, Mnemonic=bne x14, x7, 000004CC
Time: 705 ns  Iteration: 0  Process: /tb_cpu/monitor  File: /media/nisitha/My_Passport/MOODLE/Vivado_projects/RISCV_VHDL/rtl/sim/cpu/tb_cpu.vhd
Note: [REGS] x3=00000002 x5=02000000 x6=02000000 
Time: 705 ns  Iteration: 0  Process: /tb_cpu/monitor  File: /media/nisitha/My_Passport/MOODLE/Vivado_projects/RISCV_VHDL/rtl/sim/cpu/tb_cpu.vhd
Note: [INST] Addr=000000E8, Word=58, Instuction=00300193, Mnemonic=addi x3, x0, 00000003
Time: 715 ns  Iteration: 0  Process: /tb_cpu/monitor  File: /media/nisitha/My_Passport/MOODLE/Vivado_projects/RISCV_VHDL/rtl/sim/cpu/tb_cpu.vhd
Note: [REGS] x3=00000003 x5=02000000 x6=02000000 
Time: 715 ns  Iteration: 0  Process: /tb_cpu/monitor  File: /media/nisitha/My_Passport/MOODLE/Vivado_projects/RISCV_VHDL/rtl/sim/cpu/tb_cpu.vhd
Note: [INST] Addr=000000EC, Word=59, Instuction=00100593, Mnemonic=addi x11, x0, 00000001
Time: 725 ns  Iteration: 0  Process: /tb_cpu/monitor  File: /media/nisitha/My_Passport/MOODLE/Vivado_projects/RISCV_VHDL/rtl/sim/cpu/tb_cpu.vhd
Note: [REGS] x3=00000003 x5=02000000 x6=02000000 x11=00000001 
Time: 725 ns  Iteration: 0  Process: /tb_cpu/monitor  File: /media/nisitha/My_Passport/MOODLE/Vivado_projects/RISCV_VHDL/rtl/sim/cpu/tb_cpu.vhd
Note: [INST] Addr=000000F0, Word=60, Instuction=00100613, Mnemonic=addi x12, x0, 00000001
Time: 735 ns  Iteration: 0  Process: /tb_cpu/monitor  File: /media/nisitha/My_Passport/MOODLE/Vivado_projects/RISCV_VHDL/rtl/sim/cpu/tb_cpu.vhd
Note: [REGS] x3=00000003 x5=02000000 x6=02000000 x11=00000001 x12=00000001 
Time: 735 ns  Iteration: 0  Process: /tb_cpu/monitor  File: /media/nisitha/My_Passport/MOODLE/Vivado_projects/RISCV_VHDL/rtl/sim/cpu/tb_cpu.vhd
Note: [INST] Addr=000000F4, Word=61, Instuction=00C58733, Mnemonic=add x14, x11, x12
Time: 745 ns  Iteration: 0  Process: /tb_cpu/monitor  File: /media/nisitha/My_Passport/MOODLE/Vivado_projects/RISCV_VHDL/rtl/sim/cpu/tb_cpu.vhd
Note: [REGS] x3=00000003 x5=02000000 x6=02000000 x11=00000001 x12=00000001 x14=00000002 
Time: 745 ns  Iteration: 0  Process: /tb_cpu/monitor  File: /media/nisitha/My_Passport/MOODLE/Vivado_projects/RISCV_VHDL/rtl/sim/cpu/tb_cpu.vhd
Note: [INST] Addr=000000F8, Word=62, Instuction=00200393, Mnemonic=addi x7, x0, 00000002
Time: 755 ns  Iteration: 0  Process: /tb_cpu/monitor  File: /media/nisitha/My_Passport/MOODLE/Vivado_projects/RISCV_VHDL/rtl/sim/cpu/tb_cpu.vhd
Note: [REGS] x3=00000003 x5=02000000 x6=02000000 x7=00000002 x11=00000001 x12=00000001 x14=00000002 
Time: 755 ns  Iteration: 0  Process: /tb_cpu/monitor  File: /media/nisitha/My_Passport/MOODLE/Vivado_projects/RISCV_VHDL/rtl/sim/cpu/tb_cpu.vhd
Note: [INST] Addr=000000FC, Word=63, Instuction=4A771A63, Mnemonic=bne x14, x7, 000004B4
Time: 765 ns  Iteration: 0  Process: /tb_cpu/monitor  File: /media/nisitha/My_Passport/MOODLE/Vivado_projects/RISCV_VHDL/rtl/sim/cpu/tb_cpu.vhd
Note: [REGS] x3=00000003 x5=02000000 x6=02000000 x7=00000002 x11=00000001 x12=00000001 x14=00000002 
Time: 765 ns  Iteration: 0  Process: /tb_cpu/monitor  File: /media/nisitha/My_Passport/MOODLE/Vivado_projects/RISCV_VHDL/rtl/sim/cpu/tb_cpu.vhd
Note: [INST] Addr=00000100, Word=64, Instuction=00400193, Mnemonic=addi x3, x0, 00000004
Time: 775 ns  Iteration: 0  Process: /tb_cpu/monitor  File: /media/nisitha/My_Passport/MOODLE/Vivado_projects/RISCV_VHDL/rtl/sim/cpu/tb_cpu.vhd
Note: [REGS] x3=00000004 x5=02000000 x6=02000000 x7=00000002 x11=00000001 x12=00000001 x14=00000002 
Time: 775 ns  Iteration: 0  Process: /tb_cpu/monitor  File: /media/nisitha/My_Passport/MOODLE/Vivado_projects/RISCV_VHDL/rtl/sim/cpu/tb_cpu.vhd
Note: [INST] Addr=00000104, Word=65, Instuction=00300593, Mnemonic=addi x11, x0, 00000003
Time: 785 ns  Iteration: 0  Process: /tb_cpu/monitor  File: /media/nisitha/My_Passport/MOODLE/Vivado_projects/RISCV_VHDL/rtl/sim/cpu/tb_cpu.vhd
Note: [REGS] x3=00000004 x5=02000000 x6=02000000 x7=00000002 x11=00000003 x12=00000001 x14=00000002 
Time: 785 ns  Iteration: 0  Process: /tb_cpu/monitor  File: /media/nisitha/My_Passport/MOODLE/Vivado_projects/RISCV_VHDL/rtl/sim/cpu/tb_cpu.vhd
Note: [INST] Addr=00000108, Word=66, Instuction=00700613, Mnemonic=addi x12, x0, 00000007
Time: 795 ns  Iteration: 0  Process: /tb_cpu/monitor  File: /media/nisitha/My_Passport/MOODLE/Vivado_projects/RISCV_VHDL/rtl/sim/cpu/tb_cpu.vhd
Note: [REGS] x3=00000004 x5=02000000 x6=02000000 x7=00000002 x11=00000003 x12=00000007 x14=00000002 
Time: 795 ns  Iteration: 0  Process: /tb_cpu/monitor  File: /media/nisitha/My_Passport/MOODLE/Vivado_projects/RISCV_VHDL/rtl/sim/cpu/tb_cpu.vhd
Note: [INST] Addr=0000010C, Word=67, Instuction=00C58733, Mnemonic=add x14, x11, x12
Time: 805 ns  Iteration: 0  Process: /tb_cpu/monitor  File: /media/nisitha/My_Passport/MOODLE/Vivado_projects/RISCV_VHDL/rtl/sim/cpu/tb_cpu.vhd
Note: [REGS] x3=00000004 x5=02000000 x6=02000000 x7=00000002 x11=00000003 x12=00000007 x14=0000000A 
Time: 805 ns  Iteration: 0  Process: /tb_cpu/monitor  File: /media/nisitha/My_Passport/MOODLE/Vivado_projects/RISCV_VHDL/rtl/sim/cpu/tb_cpu.vhd
Note: [INST] Addr=00000110, Word=68, Instuction=00A00393, Mnemonic=addi x7, x0, 0000000A
Time: 815 ns  Iteration: 0  Process: /tb_cpu/monitor  File: /media/nisitha/My_Passport/MOODLE/Vivado_projects/RISCV_VHDL/rtl/sim/cpu/tb_cpu.vhd
Note: [REGS] x3=00000004 x5=02000000 x6=02000000 x7=0000000A x11=00000003 x12=00000007 x14=0000000A 
Time: 815 ns  Iteration: 0  Process: /tb_cpu/monitor  File: /media/nisitha/My_Passport/MOODLE/Vivado_projects/RISCV_VHDL/rtl/sim/cpu/tb_cpu.vhd
Note: [INST] Addr=00000114, Word=69, Instuction=48771E63, Mnemonic=bne x14, x7, 0000049C
Time: 825 ns  Iteration: 0  Process: /tb_cpu/monitor  File: /media/nisitha/My_Passport/MOODLE/Vivado_projects/RISCV_VHDL/rtl/sim/cpu/tb_cpu.vhd
Note: [REGS] x3=00000004 x5=02000000 x6=02000000 x7=0000000A x11=00000003 x12=00000007 x14=0000000A 
Time: 825 ns  Iteration: 0  Process: /tb_cpu/monitor  File: /media/nisitha/My_Passport/MOODLE/Vivado_projects/RISCV_VHDL/rtl/sim/cpu/tb_cpu.vhd
Note: [INST] Addr=00000118, Word=70, Instuction=00500193, Mnemonic=addi x3, x0, 00000005
Time: 835 ns  Iteration: 0  Process: /tb_cpu/monitor  File: /media/nisitha/My_Passport/MOODLE/Vivado_projects/RISCV_VHDL/rtl/sim/cpu/tb_cpu.vhd
Note: [REGS] x3=00000005 x5=02000000 x6=02000000 x7=0000000A x11=00000003 x12=00000007 x14=0000000A 
Time: 835 ns  Iteration: 0  Process: /tb_cpu/monitor  File: /media/nisitha/My_Passport/MOODLE/Vivado_projects/RISCV_VHDL/rtl/sim/cpu/tb_cpu.vhd
Note: [INST] Addr=0000011C, Word=71, Instuction=00000593, Mnemonic=addi x11, x0, 00000000
Time: 845 ns  Iteration: 0  Process: /tb_cpu/monitor  File: /media/nisitha/My_Passport/MOODLE/Vivado_projects/RISCV_VHDL/rtl/sim/cpu/tb_cpu.vhd
Note: [REGS] x3=00000005 x5=02000000 x6=02000000 x7=0000000A x12=00000007 x14=0000000A 
Time: 845 ns  Iteration: 0  Process: /tb_cpu/monitor  File: /media/nisitha/My_Passport/MOODLE/Vivado_projects/RISCV_VHDL/rtl/sim/cpu/tb_cpu.vhd
Note: [INST] Addr=00000120, Word=72, Instuction=FFFF8637, Mnemonic=lui x12, FFFF8000
Time: 855 ns  Iteration: 0  Process: /tb_cpu/monitor  File: /media/nisitha/My_Passport/MOODLE/Vivado_projects/RISCV_VHDL/rtl/sim/cpu/tb_cpu.vhd
Note: [REGS] x3=00000005 x5=02000000 x6=02000000 x7=0000000A x12=FFFF8000 x14=0000000A 
Time: 855 ns  Iteration: 0  Process: /tb_cpu/monitor  File: /media/nisitha/My_Passport/MOODLE/Vivado_projects/RISCV_VHDL/rtl/sim/cpu/tb_cpu.vhd
Note: [INST] Addr=00000124, Word=73, Instuction=00C58733, Mnemonic=add x14, x11, x12
Time: 865 ns  Iteration: 0  Process: /tb_cpu/monitor  File: /media/nisitha/My_Passport/MOODLE/Vivado_projects/RISCV_VHDL/rtl/sim/cpu/tb_cpu.vhd
Note: [REGS] x3=00000005 x5=02000000 x6=02000000 x7=0000000A x12=FFFF8000 x14=FFFF8000 
Time: 865 ns  Iteration: 0  Process: /tb_cpu/monitor  File: /media/nisitha/My_Passport/MOODLE/Vivado_projects/RISCV_VHDL/rtl/sim/cpu/tb_cpu.vhd
Note: [INST] Addr=00000128, Word=74, Instuction=FFFF83B7, Mnemonic=lui x7, FFFF8000
Time: 875 ns  Iteration: 0  Process: /tb_cpu/monitor  File: /media/nisitha/My_Passport/MOODLE/Vivado_projects/RISCV_VHDL/rtl/sim/cpu/tb_cpu.vhd
Note: [REGS] x3=00000005 x5=02000000 x6=02000000 x7=FFFF8000 x12=FFFF8000 x14=FFFF8000 
Time: 875 ns  Iteration: 0  Process: /tb_cpu/monitor  File: /media/nisitha/My_Passport/MOODLE/Vivado_projects/RISCV_VHDL/rtl/sim/cpu/tb_cpu.vhd
Note: [INST] Addr=0000012C, Word=75, Instuction=48771263, Mnemonic=bne x14, x7, 00000484
Time: 885 ns  Iteration: 0  Process: /tb_cpu/monitor  File: /media/nisitha/My_Passport/MOODLE/Vivado_projects/RISCV_VHDL/rtl/sim/cpu/tb_cpu.vhd
Note: [REGS] x3=00000005 x5=02000000 x6=02000000 x7=FFFF8000 x12=FFFF8000 x14=FFFF8000 
Time: 885 ns  Iteration: 0  Process: /tb_cpu/monitor  File: /media/nisitha/My_Passport/MOODLE/Vivado_projects/RISCV_VHDL/rtl/sim/cpu/tb_cpu.vhd
Note: [INST] Addr=00000130, Word=76, Instuction=00600193, Mnemonic=addi x3, x0, 00000006
Time: 895 ns  Iteration: 0  Process: /tb_cpu/monitor  File: /media/nisitha/My_Passport/MOODLE/Vivado_projects/RISCV_VHDL/rtl/sim/cpu/tb_cpu.vhd
Note: [REGS] x3=00000006 x5=02000000 x6=02000000 x7=FFFF8000 x12=FFFF8000 x14=FFFF8000 
Time: 895 ns  Iteration: 0  Process: /tb_cpu/monitor  File: /media/nisitha/My_Passport/MOODLE/Vivado_projects/RISCV_VHDL/rtl/sim/cpu/tb_cpu.vhd
Note: [INST] Addr=00000134, Word=77, Instuction=800005B7, Mnemonic=lui x11, 80000000
Time: 905 ns  Iteration: 0  Process: /tb_cpu/monitor  File: /media/nisitha/My_Passport/MOODLE/Vivado_projects/RISCV_VHDL/rtl/sim/cpu/tb_cpu.vhd
Note: [REGS] x3=00000006 x5=02000000 x6=02000000 x7=FFFF8000 x11=80000000 x12=FFFF8000 x14=FFFF8000 
Time: 905 ns  Iteration: 0  Process: /tb_cpu/monitor  File: /media/nisitha/My_Passport/MOODLE/Vivado_projects/RISCV_VHDL/rtl/sim/cpu/tb_cpu.vhd
Note: [INST] Addr=00000138, Word=78, Instuction=00000613, Mnemonic=addi x12, x0, 00000000
Time: 915 ns  Iteration: 0  Process: /tb_cpu/monitor  File: /media/nisitha/My_Passport/MOODLE/Vivado_projects/RISCV_VHDL/rtl/sim/cpu/tb_cpu.vhd
Note: [REGS] x3=00000006 x5=02000000 x6=02000000 x7=FFFF8000 x11=80000000 x14=FFFF8000 
Time: 915 ns  Iteration: 0  Process: /tb_cpu/monitor  File: /media/nisitha/My_Passport/MOODLE/Vivado_projects/RISCV_VHDL/rtl/sim/cpu/tb_cpu.vhd
Note: [INST] Addr=0000013C, Word=79, Instuction=00C58733, Mnemonic=add x14, x11, x12
Time: 925 ns  Iteration: 0  Process: /tb_cpu/monitor  File: /media/nisitha/My_Passport/MOODLE/Vivado_projects/RISCV_VHDL/rtl/sim/cpu/tb_cpu.vhd
Note: [REGS] x3=00000006 x5=02000000 x6=02000000 x7=FFFF8000 x11=80000000 x14=80000000 
Time: 925 ns  Iteration: 0  Process: /tb_cpu/monitor  File: /media/nisitha/My_Passport/MOODLE/Vivado_projects/RISCV_VHDL/rtl/sim/cpu/tb_cpu.vhd
Note: [INST] Addr=00000140, Word=80, Instuction=800003B7, Mnemonic=lui x7, 80000000
Time: 935 ns  Iteration: 0  Process: /tb_cpu/monitor  File: /media/nisitha/My_Passport/MOODLE/Vivado_projects/RISCV_VHDL/rtl/sim/cpu/tb_cpu.vhd
Note: [REGS] x3=00000006 x5=02000000 x6=02000000 x7=80000000 x11=80000000 x14=80000000 
Time: 935 ns  Iteration: 0  Process: /tb_cpu/monitor  File: /media/nisitha/My_Passport/MOODLE/Vivado_projects/RISCV_VHDL/rtl/sim/cpu/tb_cpu.vhd
Note: [INST] Addr=00000144, Word=81, Instuction=46771663, Mnemonic=bne x14, x7, 0000046C
Time: 945 ns  Iteration: 0  Process: /tb_cpu/monitor  File: /media/nisitha/My_Passport/MOODLE/Vivado_projects/RISCV_VHDL/rtl/sim/cpu/tb_cpu.vhd
Note: [REGS] x3=00000006 x5=02000000 x6=02000000 x7=80000000 x11=80000000 x14=80000000 
Time: 945 ns  Iteration: 0  Process: /tb_cpu/monitor  File: /media/nisitha/My_Passport/MOODLE/Vivado_projects/RISCV_VHDL/rtl/sim/cpu/tb_cpu.vhd
Note: [INST] Addr=00000148, Word=82, Instuction=00700193, Mnemonic=addi x3, x0, 00000007
Time: 955 ns  Iteration: 0  Process: /tb_cpu/monitor  File: /media/nisitha/My_Passport/MOODLE/Vivado_projects/RISCV_VHDL/rtl/sim/cpu/tb_cpu.vhd
Note: [REGS] x3=00000007 x5=02000000 x6=02000000 x7=80000000 x11=80000000 x14=80000000 
Time: 955 ns  Iteration: 0  Process: /tb_cpu/monitor  File: /media/nisitha/My_Passport/MOODLE/Vivado_projects/RISCV_VHDL/rtl/sim/cpu/tb_cpu.vhd
Note: [INST] Addr=0000014C, Word=83, Instuction=800005B7, Mnemonic=lui x11, 80000000
Time: 965 ns  Iteration: 0  Process: /tb_cpu/monitor  File: /media/nisitha/My_Passport/MOODLE/Vivado_projects/RISCV_VHDL/rtl/sim/cpu/tb_cpu.vhd
Note: [REGS] x3=00000007 x5=02000000 x6=02000000 x7=80000000 x11=80000000 x14=80000000 
Time: 965 ns  Iteration: 0  Process: /tb_cpu/monitor  File: /media/nisitha/My_Passport/MOODLE/Vivado_projects/RISCV_VHDL/rtl/sim/cpu/tb_cpu.vhd
Note: [INST] Addr=00000150, Word=84, Instuction=FFFF8637, Mnemonic=lui x12, FFFF8000
Time: 975 ns  Iteration: 0  Process: /tb_cpu/monitor  File: /media/nisitha/My_Passport/MOODLE/Vivado_projects/RISCV_VHDL/rtl/sim/cpu/tb_cpu.vhd
Note: [REGS] x3=00000007 x5=02000000 x6=02000000 x7=80000000 x11=80000000 x12=FFFF8000 x14=80000000 
Time: 975 ns  Iteration: 0  Process: /tb_cpu/monitor  File: /media/nisitha/My_Passport/MOODLE/Vivado_projects/RISCV_VHDL/rtl/sim/cpu/tb_cpu.vhd
Note: [INST] Addr=00000154, Word=85, Instuction=00C58733, Mnemonic=add x14, x11, x12
Time: 985 ns  Iteration: 0  Process: /tb_cpu/monitor  File: /media/nisitha/My_Passport/MOODLE/Vivado_projects/RISCV_VHDL/rtl/sim/cpu/tb_cpu.vhd
Note: [REGS] x3=00000007 x5=02000000 x6=02000000 x7=80000000 x11=80000000 x12=FFFF8000 x14=7FFF8000 
Time: 985 ns  Iteration: 0  Process: /tb_cpu/monitor  File: /media/nisitha/My_Passport/MOODLE/Vivado_projects/RISCV_VHDL/rtl/sim/cpu/tb_cpu.vhd
Note: [INST] Addr=00000158, Word=86, Instuction=7FFF83B7, Mnemonic=lui x7, 7FFF8000
Time: 995 ns  Iteration: 0  Process: /tb_cpu/monitor  File: /media/nisitha/My_Passport/MOODLE/Vivado_projects/RISCV_VHDL/rtl/sim/cpu/tb_cpu.vhd
Note: [REGS] x3=00000007 x5=02000000 x6=02000000 x7=7FFF8000 x11=80000000 x12=FFFF8000 x14=7FFF8000 
Time: 995 ns  Iteration: 0  Process: /tb_cpu/monitor  File: /media/nisitha/My_Passport/MOODLE/Vivado_projects/RISCV_VHDL/rtl/sim/cpu/tb_cpu.vhd
Note: [INST] Addr=0000015C, Word=87, Instuction=44771A63, Mnemonic=bne x14, x7, 00000454
Time: 1005 ns  Iteration: 0  Process: /tb_cpu/monitor  File: /media/nisitha/My_Passport/MOODLE/Vivado_projects/RISCV_VHDL/rtl/sim/cpu/tb_cpu.vhd
Note: [REGS] x3=00000007 x5=02000000 x6=02000000 x7=7FFF8000 x11=80000000 x12=FFFF8000 x14=7FFF8000 
Time: 1005 ns  Iteration: 0  Process: /tb_cpu/monitor  File: /media/nisitha/My_Passport/MOODLE/Vivado_projects/RISCV_VHDL/rtl/sim/cpu/tb_cpu.vhd
Note: [INST] Addr=00000160, Word=88, Instuction=00800193, Mnemonic=addi x3, x0, 00000008
Time: 1015 ns  Iteration: 0  Process: /tb_cpu/monitor  File: /media/nisitha/My_Passport/MOODLE/Vivado_projects/RISCV_VHDL/rtl/sim/cpu/tb_cpu.vhd
Note: [REGS] x3=00000008 x5=02000000 x6=02000000 x7=7FFF8000 x11=80000000 x12=FFFF8000 x14=7FFF8000 
Time: 1015 ns  Iteration: 0  Process: /tb_cpu/monitor  File: /media/nisitha/My_Passport/MOODLE/Vivado_projects/RISCV_VHDL/rtl/sim/cpu/tb_cpu.vhd
Note: [INST] Addr=00000164, Word=89, Instuction=00000593, Mnemonic=addi x11, x0, 00000000
Time: 1025 ns  Iteration: 0  Process: /tb_cpu/monitor  File: /media/nisitha/My_Passport/MOODLE/Vivado_projects/RISCV_VHDL/rtl/sim/cpu/tb_cpu.vhd
Note: [REGS] x3=00000008 x5=02000000 x6=02000000 x7=7FFF8000 x12=FFFF8000 x14=7FFF8000 
Time: 1025 ns  Iteration: 0  Process: /tb_cpu/monitor  File: /media/nisitha/My_Passport/MOODLE/Vivado_projects/RISCV_VHDL/rtl/sim/cpu/tb_cpu.vhd
Note: [INST] Addr=00000168, Word=90, Instuction=00008637, Mnemonic=lui x12, 00008000
Time: 1035 ns  Iteration: 0  Process: /tb_cpu/monitor  File: /media/nisitha/My_Passport/MOODLE/Vivado_projects/RISCV_VHDL/rtl/sim/cpu/tb_cpu.vhd
Note: [REGS] x3=00000008 x5=02000000 x6=02000000 x7=7FFF8000 x12=00008000 x14=7FFF8000 
Time: 1035 ns  Iteration: 0  Process: /tb_cpu/monitor  File: /media/nisitha/My_Passport/MOODLE/Vivado_projects/RISCV_VHDL/rtl/sim/cpu/tb_cpu.vhd
Note: [INST] Addr=0000016C, Word=91, Instuction=FFF60613, Mnemonic=addi x12, x12, FFFFFFFF
Time: 1045 ns  Iteration: 0  Process: /tb_cpu/monitor  File: /media/nisitha/My_Passport/MOODLE/Vivado_projects/RISCV_VHDL/rtl/sim/cpu/tb_cpu.vhd
Note: [REGS] x3=00000008 x5=02000000 x6=02000000 x7=7FFF8000 x12=00007FFF x14=7FFF8000 
Time: 1045 ns  Iteration: 0  Process: /tb_cpu/monitor  File: /media/nisitha/My_Passport/MOODLE/Vivado_projects/RISCV_VHDL/rtl/sim/cpu/tb_cpu.vhd
Note: [INST] Addr=00000170, Word=92, Instuction=00C58733, Mnemonic=add x14, x11, x12
Time: 1055 ns  Iteration: 0  Process: /tb_cpu/monitor  File: /media/nisitha/My_Passport/MOODLE/Vivado_projects/RISCV_VHDL/rtl/sim/cpu/tb_cpu.vhd
Note: [REGS] x3=00000008 x5=02000000 x6=02000000 x7=7FFF8000 x12=00007FFF x14=00007FFF 
Time: 1055 ns  Iteration: 0  Process: /tb_cpu/monitor  File: /media/nisitha/My_Passport/MOODLE/Vivado_projects/RISCV_VHDL/rtl/sim/cpu/tb_cpu.vhd
Note: [INST] Addr=00000174, Word=93, Instuction=000083B7, Mnemonic=lui x7, 00008000
Time: 1065 ns  Iteration: 0  Process: /tb_cpu/monitor  File: /media/nisitha/My_Passport/MOODLE/Vivado_projects/RISCV_VHDL/rtl/sim/cpu/tb_cpu.vhd
Note: [REGS] x3=00000008 x5=02000000 x6=02000000 x7=00008000 x12=00007FFF x14=00007FFF 
Time: 1065 ns  Iteration: 0  Process: /tb_cpu/monitor  File: /media/nisitha/My_Passport/MOODLE/Vivado_projects/RISCV_VHDL/rtl/sim/cpu/tb_cpu.vhd
Note: [INST] Addr=00000178, Word=94, Instuction=FFF38393, Mnemonic=addi x7, x7, FFFFFFFF
Time: 1075 ns  Iteration: 0  Process: /tb_cpu/monitor  File: /media/nisitha/My_Passport/MOODLE/Vivado_projects/RISCV_VHDL/rtl/sim/cpu/tb_cpu.vhd
Note: [REGS] x3=00000008 x5=02000000 x6=02000000 x7=00007FFF x12=00007FFF x14=00007FFF 
Time: 1075 ns  Iteration: 0  Process: /tb_cpu/monitor  File: /media/nisitha/My_Passport/MOODLE/Vivado_projects/RISCV_VHDL/rtl/sim/cpu/tb_cpu.vhd
Note: [INST] Addr=0000017C, Word=95, Instuction=42771A63, Mnemonic=bne x14, x7, 00000434
Time: 1085 ns  Iteration: 0  Process: /tb_cpu/monitor  File: /media/nisitha/My_Passport/MOODLE/Vivado_projects/RISCV_VHDL/rtl/sim/cpu/tb_cpu.vhd
Note: [REGS] x3=00000008 x5=02000000 x6=02000000 x7=00007FFF x12=00007FFF x14=00007FFF 
Time: 1085 ns  Iteration: 0  Process: /tb_cpu/monitor  File: /media/nisitha/My_Passport/MOODLE/Vivado_projects/RISCV_VHDL/rtl/sim/cpu/tb_cpu.vhd
Note: [INST] Addr=00000180, Word=96, Instuction=00900193, Mnemonic=addi x3, x0, 00000009
Time: 1095 ns  Iteration: 0  Process: /tb_cpu/monitor  File: /media/nisitha/My_Passport/MOODLE/Vivado_projects/RISCV_VHDL/rtl/sim/cpu/tb_cpu.vhd
Note: [REGS] x3=00000009 x5=02000000 x6=02000000 x7=00007FFF x12=00007FFF x14=00007FFF 
Time: 1095 ns  Iteration: 0  Process: /tb_cpu/monitor  File: /media/nisitha/My_Passport/MOODLE/Vivado_projects/RISCV_VHDL/rtl/sim/cpu/tb_cpu.vhd
Note: [INST] Addr=00000184, Word=97, Instuction=800005B7, Mnemonic=lui x11, 80000000
Time: 1105 ns  Iteration: 0  Process: /tb_cpu/monitor  File: /media/nisitha/My_Passport/MOODLE/Vivado_projects/RISCV_VHDL/rtl/sim/cpu/tb_cpu.vhd
Note: [REGS] x3=00000009 x5=02000000 x6=02000000 x7=00007FFF x11=80000000 x12=00007FFF x14=00007FFF 
Time: 1105 ns  Iteration: 0  Process: /tb_cpu/monitor  File: /media/nisitha/My_Passport/MOODLE/Vivado_projects/RISCV_VHDL/rtl/sim/cpu/tb_cpu.vhd
Note: [INST] Addr=00000188, Word=98, Instuction=FFF58593, Mnemonic=addi x11, x11, FFFFFFFF
Time: 1115 ns  Iteration: 0  Process: /tb_cpu/monitor  File: /media/nisitha/My_Passport/MOODLE/Vivado_projects/RISCV_VHDL/rtl/sim/cpu/tb_cpu.vhd
Note: [REGS] x3=00000009 x5=02000000 x6=02000000 x7=00007FFF x11=7FFFFFFF x12=00007FFF x14=00007FFF 
Time: 1115 ns  Iteration: 0  Process: /tb_cpu/monitor  File: /media/nisitha/My_Passport/MOODLE/Vivado_projects/RISCV_VHDL/rtl/sim/cpu/tb_cpu.vhd
Note: [INST] Addr=0000018C, Word=99, Instuction=00000613, Mnemonic=addi x12, x0, 00000000
Time: 1125 ns  Iteration: 0  Process: /tb_cpu/monitor  File: /media/nisitha/My_Passport/MOODLE/Vivado_projects/RISCV_VHDL/rtl/sim/cpu/tb_cpu.vhd
Note: [REGS] x3=00000009 x5=02000000 x6=02000000 x7=00007FFF x11=7FFFFFFF x14=00007FFF 
Time: 1125 ns  Iteration: 0  Process: /tb_cpu/monitor  File: /media/nisitha/My_Passport/MOODLE/Vivado_projects/RISCV_VHDL/rtl/sim/cpu/tb_cpu.vhd
Note: [INST] Addr=00000190, Word=100, Instuction=00C58733, Mnemonic=add x14, x11, x12
Time: 1135 ns  Iteration: 0  Process: /tb_cpu/monitor  File: /media/nisitha/My_Passport/MOODLE/Vivado_projects/RISCV_VHDL/rtl/sim/cpu/tb_cpu.vhd
Note: [REGS] x3=00000009 x5=02000000 x6=02000000 x7=00007FFF x11=7FFFFFFF x14=7FFFFFFF 
Time: 1135 ns  Iteration: 0  Process: /tb_cpu/monitor  File: /media/nisitha/My_Passport/MOODLE/Vivado_projects/RISCV_VHDL/rtl/sim/cpu/tb_cpu.vhd
Note: [INST] Addr=00000194, Word=101, Instuction=800003B7, Mnemonic=lui x7, 80000000
Time: 1145 ns  Iteration: 0  Process: /tb_cpu/monitor  File: /media/nisitha/My_Passport/MOODLE/Vivado_projects/RISCV_VHDL/rtl/sim/cpu/tb_cpu.vhd
Note: [REGS] x3=00000009 x5=02000000 x6=02000000 x7=80000000 x11=7FFFFFFF x14=7FFFFFFF 
Time: 1145 ns  Iteration: 0  Process: /tb_cpu/monitor  File: /media/nisitha/My_Passport/MOODLE/Vivado_projects/RISCV_VHDL/rtl/sim/cpu/tb_cpu.vhd
Note: [INST] Addr=00000198, Word=102, Instuction=FFF38393, Mnemonic=addi x7, x7, FFFFFFFF
Time: 1155 ns  Iteration: 0  Process: /tb_cpu/monitor  File: /media/nisitha/My_Passport/MOODLE/Vivado_projects/RISCV_VHDL/rtl/sim/cpu/tb_cpu.vhd
Note: [REGS] x3=00000009 x5=02000000 x6=02000000 x7=7FFFFFFF x11=7FFFFFFF x14=7FFFFFFF 
Time: 1155 ns  Iteration: 0  Process: /tb_cpu/monitor  File: /media/nisitha/My_Passport/MOODLE/Vivado_projects/RISCV_VHDL/rtl/sim/cpu/tb_cpu.vhd
Note: [INST] Addr=0000019C, Word=103, Instuction=40771A63, Mnemonic=bne x14, x7, 00000414
Time: 1165 ns  Iteration: 0  Process: /tb_cpu/monitor  File: /media/nisitha/My_Passport/MOODLE/Vivado_projects/RISCV_VHDL/rtl/sim/cpu/tb_cpu.vhd
Note: [REGS] x3=00000009 x5=02000000 x6=02000000 x7=7FFFFFFF x11=7FFFFFFF x14=7FFFFFFF 
Time: 1165 ns  Iteration: 0  Process: /tb_cpu/monitor  File: /media/nisitha/My_Passport/MOODLE/Vivado_projects/RISCV_VHDL/rtl/sim/cpu/tb_cpu.vhd
Note: [INST] Addr=000001A0, Word=104, Instuction=00A00193, Mnemonic=addi x3, x0, 0000000A
Time: 1175 ns  Iteration: 0  Process: /tb_cpu/monitor  File: /media/nisitha/My_Passport/MOODLE/Vivado_projects/RISCV_VHDL/rtl/sim/cpu/tb_cpu.vhd
Note: [REGS] x3=0000000A x5=02000000 x6=02000000 x7=7FFFFFFF x11=7FFFFFFF x14=7FFFFFFF 
Time: 1175 ns  Iteration: 0  Process: /tb_cpu/monitor  File: /media/nisitha/My_Passport/MOODLE/Vivado_projects/RISCV_VHDL/rtl/sim/cpu/tb_cpu.vhd
Note: [INST] Addr=000001A4, Word=105, Instuction=800005B7, Mnemonic=lui x11, 80000000
Time: 1185 ns  Iteration: 0  Process: /tb_cpu/monitor  File: /media/nisitha/My_Passport/MOODLE/Vivado_projects/RISCV_VHDL/rtl/sim/cpu/tb_cpu.vhd
Note: [REGS] x3=0000000A x5=02000000 x6=02000000 x7=7FFFFFFF x11=80000000 x14=7FFFFFFF 
Time: 1185 ns  Iteration: 0  Process: /tb_cpu/monitor  File: /media/nisitha/My_Passport/MOODLE/Vivado_projects/RISCV_VHDL/rtl/sim/cpu/tb_cpu.vhd
Note: [INST] Addr=000001A8, Word=106, Instuction=FFF58593, Mnemonic=addi x11, x11, FFFFFFFF
Time: 1195 ns  Iteration: 0  Process: /tb_cpu/monitor  File: /media/nisitha/My_Passport/MOODLE/Vivado_projects/RISCV_VHDL/rtl/sim/cpu/tb_cpu.vhd
Note: [REGS] x3=0000000A x5=02000000 x6=02000000 x7=7FFFFFFF x11=7FFFFFFF x14=7FFFFFFF 
Time: 1195 ns  Iteration: 0  Process: /tb_cpu/monitor  File: /media/nisitha/My_Passport/MOODLE/Vivado_projects/RISCV_VHDL/rtl/sim/cpu/tb_cpu.vhd
Note: [INST] Addr=000001AC, Word=107, Instuction=00008637, Mnemonic=lui x12, 00008000
Time: 1205 ns  Iteration: 0  Process: /tb_cpu/monitor  File: /media/nisitha/My_Passport/MOODLE/Vivado_projects/RISCV_VHDL/rtl/sim/cpu/tb_cpu.vhd
Note: [REGS] x3=0000000A x5=02000000 x6=02000000 x7=7FFFFFFF x11=7FFFFFFF x12=00008000 x14=7FFFFFFF 
Time: 1205 ns  Iteration: 0  Process: /tb_cpu/monitor  File: /media/nisitha/My_Passport/MOODLE/Vivado_projects/RISCV_VHDL/rtl/sim/cpu/tb_cpu.vhd
Note: [INST] Addr=000001B0, Word=108, Instuction=FFF60613, Mnemonic=addi x12, x12, FFFFFFFF
Time: 1215 ns  Iteration: 0  Process: /tb_cpu/monitor  File: /media/nisitha/My_Passport/MOODLE/Vivado_projects/RISCV_VHDL/rtl/sim/cpu/tb_cpu.vhd
Note: [REGS] x3=0000000A x5=02000000 x6=02000000 x7=7FFFFFFF x11=7FFFFFFF x12=00007FFF x14=7FFFFFFF 
Time: 1215 ns  Iteration: 0  Process: /tb_cpu/monitor  File: /media/nisitha/My_Passport/MOODLE/Vivado_projects/RISCV_VHDL/rtl/sim/cpu/tb_cpu.vhd
Note: [INST] Addr=000001B4, Word=109, Instuction=00C58733, Mnemonic=add x14, x11, x12
Time: 1225 ns  Iteration: 0  Process: /tb_cpu/monitor  File: /media/nisitha/My_Passport/MOODLE/Vivado_projects/RISCV_VHDL/rtl/sim/cpu/tb_cpu.vhd
Note: [REGS] x3=0000000A x5=02000000 x6=02000000 x7=7FFFFFFF x11=7FFFFFFF x12=00007FFF x14=80007FFE 
Time: 1225 ns  Iteration: 0  Process: /tb_cpu/monitor  File: /media/nisitha/My_Passport/MOODLE/Vivado_projects/RISCV_VHDL/rtl/sim/cpu/tb_cpu.vhd
Note: [INST] Addr=000001B8, Word=110, Instuction=800083B7, Mnemonic=lui x7, 80008000
Time: 1235 ns  Iteration: 0  Process: /tb_cpu/monitor  File: /media/nisitha/My_Passport/MOODLE/Vivado_projects/RISCV_VHDL/rtl/sim/cpu/tb_cpu.vhd
Note: [REGS] x3=0000000A x5=02000000 x6=02000000 x7=80008000 x11=7FFFFFFF x12=00007FFF x14=80007FFE 
Time: 1235 ns  Iteration: 0  Process: /tb_cpu/monitor  File: /media/nisitha/My_Passport/MOODLE/Vivado_projects/RISCV_VHDL/rtl/sim/cpu/tb_cpu.vhd
Note: [INST] Addr=000001BC, Word=111, Instuction=FFE38393, Mnemonic=addi x7, x7, FFFFFFFE
Time: 1245 ns  Iteration: 0  Process: /tb_cpu/monitor  File: /media/nisitha/My_Passport/MOODLE/Vivado_projects/RISCV_VHDL/rtl/sim/cpu/tb_cpu.vhd
Note: [REGS] x3=0000000A x5=02000000 x6=02000000 x7=80007FFE x11=7FFFFFFF x12=00007FFF x14=80007FFE 
Time: 1245 ns  Iteration: 0  Process: /tb_cpu/monitor  File: /media/nisitha/My_Passport/MOODLE/Vivado_projects/RISCV_VHDL/rtl/sim/cpu/tb_cpu.vhd
Note: [INST] Addr=000001C0, Word=112, Instuction=3E771863, Mnemonic=bne x14, x7, 000003F0
Time: 1255 ns  Iteration: 0  Process: /tb_cpu/monitor  File: /media/nisitha/My_Passport/MOODLE/Vivado_projects/RISCV_VHDL/rtl/sim/cpu/tb_cpu.vhd
Note: [REGS] x3=0000000A x5=02000000 x6=02000000 x7=80007FFE x11=7FFFFFFF x12=00007FFF x14=80007FFE 
Time: 1255 ns  Iteration: 0  Process: /tb_cpu/monitor  File: /media/nisitha/My_Passport/MOODLE/Vivado_projects/RISCV_VHDL/rtl/sim/cpu/tb_cpu.vhd
Note: [INST] Addr=000001C4, Word=113, Instuction=00B00193, Mnemonic=addi x3, x0, 0000000B
Time: 1265 ns  Iteration: 0  Process: /tb_cpu/monitor  File: /media/nisitha/My_Passport/MOODLE/Vivado_projects/RISCV_VHDL/rtl/sim/cpu/tb_cpu.vhd
Note: [REGS] x3=0000000B x5=02000000 x6=02000000 x7=80007FFE x11=7FFFFFFF x12=00007FFF x14=80007FFE 
Time: 1265 ns  Iteration: 0  Process: /tb_cpu/monitor  File: /media/nisitha/My_Passport/MOODLE/Vivado_projects/RISCV_VHDL/rtl/sim/cpu/tb_cpu.vhd
Note: [INST] Addr=000001C8, Word=114, Instuction=800005B7, Mnemonic=lui x11, 80000000
Time: 1275 ns  Iteration: 0  Process: /tb_cpu/monitor  File: /media/nisitha/My_Passport/MOODLE/Vivado_projects/RISCV_VHDL/rtl/sim/cpu/tb_cpu.vhd
Note: [REGS] x3=0000000B x5=02000000 x6=02000000 x7=80007FFE x11=80000000 x12=00007FFF x14=80007FFE 
Time: 1275 ns  Iteration: 0  Process: /tb_cpu/monitor  File: /media/nisitha/My_Passport/MOODLE/Vivado_projects/RISCV_VHDL/rtl/sim/cpu/tb_cpu.vhd
Note: [INST] Addr=000001CC, Word=115, Instuction=00008637, Mnemonic=lui x12, 00008000
Time: 1285 ns  Iteration: 0  Process: /tb_cpu/monitor  File: /media/nisitha/My_Passport/MOODLE/Vivado_projects/RISCV_VHDL/rtl/sim/cpu/tb_cpu.vhd
Note: [REGS] x3=0000000B x5=02000000 x6=02000000 x7=80007FFE x11=80000000 x12=00008000 x14=80007FFE 
Time: 1285 ns  Iteration: 0  Process: /tb_cpu/monitor  File: /media/nisitha/My_Passport/MOODLE/Vivado_projects/RISCV_VHDL/rtl/sim/cpu/tb_cpu.vhd
Note: [INST] Addr=000001D0, Word=116, Instuction=FFF60613, Mnemonic=addi x12, x12, FFFFFFFF
Time: 1295 ns  Iteration: 0  Process: /tb_cpu/monitor  File: /media/nisitha/My_Passport/MOODLE/Vivado_projects/RISCV_VHDL/rtl/sim/cpu/tb_cpu.vhd
Note: [REGS] x3=0000000B x5=02000000 x6=02000000 x7=80007FFE x11=80000000 x12=00007FFF x14=80007FFE 
Time: 1295 ns  Iteration: 0  Process: /tb_cpu/monitor  File: /media/nisitha/My_Passport/MOODLE/Vivado_projects/RISCV_VHDL/rtl/sim/cpu/tb_cpu.vhd
Note: [INST] Addr=000001D4, Word=117, Instuction=00C58733, Mnemonic=add x14, x11, x12
Time: 1305 ns  Iteration: 0  Process: /tb_cpu/monitor  File: /media/nisitha/My_Passport/MOODLE/Vivado_projects/RISCV_VHDL/rtl/sim/cpu/tb_cpu.vhd
Note: [REGS] x3=0000000B x5=02000000 x6=02000000 x7=80007FFE x11=80000000 x12=00007FFF x14=80007FFF 
Time: 1305 ns  Iteration: 0  Process: /tb_cpu/monitor  File: /media/nisitha/My_Passport/MOODLE/Vivado_projects/RISCV_VHDL/rtl/sim/cpu/tb_cpu.vhd
Note: [INST] Addr=000001D8, Word=118, Instuction=800083B7, Mnemonic=lui x7, 80008000
Time: 1315 ns  Iteration: 0  Process: /tb_cpu/monitor  File: /media/nisitha/My_Passport/MOODLE/Vivado_projects/RISCV_VHDL/rtl/sim/cpu/tb_cpu.vhd
Note: [REGS] x3=0000000B x5=02000000 x6=02000000 x7=80008000 x11=80000000 x12=00007FFF x14=80007FFF 
Time: 1315 ns  Iteration: 0  Process: /tb_cpu/monitor  File: /media/nisitha/My_Passport/MOODLE/Vivado_projects/RISCV_VHDL/rtl/sim/cpu/tb_cpu.vhd
Note: [INST] Addr=000001DC, Word=119, Instuction=FFF38393, Mnemonic=addi x7, x7, FFFFFFFF
Time: 1325 ns  Iteration: 0  Process: /tb_cpu/monitor  File: /media/nisitha/My_Passport/MOODLE/Vivado_projects/RISCV_VHDL/rtl/sim/cpu/tb_cpu.vhd
Note: [REGS] x3=0000000B x5=02000000 x6=02000000 x7=80007FFF x11=80000000 x12=00007FFF x14=80007FFF 
Time: 1325 ns  Iteration: 0  Process: /tb_cpu/monitor  File: /media/nisitha/My_Passport/MOODLE/Vivado_projects/RISCV_VHDL/rtl/sim/cpu/tb_cpu.vhd
Note: [INST] Addr=000001E0, Word=120, Instuction=3C771863, Mnemonic=bne x14, x7, 000003D0
Time: 1335 ns  Iteration: 0  Process: /tb_cpu/monitor  File: /media/nisitha/My_Passport/MOODLE/Vivado_projects/RISCV_VHDL/rtl/sim/cpu/tb_cpu.vhd
Note: [REGS] x3=0000000B x5=02000000 x6=02000000 x7=80007FFF x11=80000000 x12=00007FFF x14=80007FFF 
Time: 1335 ns  Iteration: 0  Process: /tb_cpu/monitor  File: /media/nisitha/My_Passport/MOODLE/Vivado_projects/RISCV_VHDL/rtl/sim/cpu/tb_cpu.vhd
Note: [INST] Addr=000001E4, Word=121, Instuction=00C00193, Mnemonic=addi x3, x0, 0000000C
Time: 1345 ns  Iteration: 0  Process: /tb_cpu/monitor  File: /media/nisitha/My_Passport/MOODLE/Vivado_projects/RISCV_VHDL/rtl/sim/cpu/tb_cpu.vhd
Note: [REGS] x3=0000000C x5=02000000 x6=02000000 x7=80007FFF x11=80000000 x12=00007FFF x14=80007FFF 
Time: 1345 ns  Iteration: 0  Process: /tb_cpu/monitor  File: /media/nisitha/My_Passport/MOODLE/Vivado_projects/RISCV_VHDL/rtl/sim/cpu/tb_cpu.vhd
Note: [INST] Addr=000001E8, Word=122, Instuction=800005B7, Mnemonic=lui x11, 80000000
Time: 1355 ns  Iteration: 0  Process: /tb_cpu/monitor  File: /media/nisitha/My_Passport/MOODLE/Vivado_projects/RISCV_VHDL/rtl/sim/cpu/tb_cpu.vhd
Note: [REGS] x3=0000000C x5=02000000 x6=02000000 x7=80007FFF x11=80000000 x12=00007FFF x14=80007FFF 
Time: 1355 ns  Iteration: 0  Process: /tb_cpu/monitor  File: /media/nisitha/My_Passport/MOODLE/Vivado_projects/RISCV_VHDL/rtl/sim/cpu/tb_cpu.vhd
Note: [INST] Addr=000001EC, Word=123, Instuction=FFF58593, Mnemonic=addi x11, x11, FFFFFFFF
Time: 1365 ns  Iteration: 0  Process: /tb_cpu/monitor  File: /media/nisitha/My_Passport/MOODLE/Vivado_projects/RISCV_VHDL/rtl/sim/cpu/tb_cpu.vhd
Note: [REGS] x3=0000000C x5=02000000 x6=02000000 x7=80007FFF x11=7FFFFFFF x12=00007FFF x14=80007FFF 
Time: 1365 ns  Iteration: 0  Process: /tb_cpu/monitor  File: /media/nisitha/My_Passport/MOODLE/Vivado_projects/RISCV_VHDL/rtl/sim/cpu/tb_cpu.vhd
Note: [INST] Addr=000001F0, Word=124, Instuction=FFFF8637, Mnemonic=lui x12, FFFF8000
Time: 1375 ns  Iteration: 0  Process: /tb_cpu/monitor  File: /media/nisitha/My_Passport/MOODLE/Vivado_projects/RISCV_VHDL/rtl/sim/cpu/tb_cpu.vhd
Note: [REGS] x3=0000000C x5=02000000 x6=02000000 x7=80007FFF x11=7FFFFFFF x12=FFFF8000 x14=80007FFF 
Time: 1375 ns  Iteration: 0  Process: /tb_cpu/monitor  File: /media/nisitha/My_Passport/MOODLE/Vivado_projects/RISCV_VHDL/rtl/sim/cpu/tb_cpu.vhd
Note: [INST] Addr=000001F4, Word=125, Instuction=00C58733, Mnemonic=add x14, x11, x12
Time: 1385 ns  Iteration: 0  Process: /tb_cpu/monitor  File: /media/nisitha/My_Passport/MOODLE/Vivado_projects/RISCV_VHDL/rtl/sim/cpu/tb_cpu.vhd
Note: [REGS] x3=0000000C x5=02000000 x6=02000000 x7=80007FFF x11=7FFFFFFF x12=FFFF8000 x14=7FFF7FFF 
Time: 1385 ns  Iteration: 0  Process: /tb_cpu/monitor  File: /media/nisitha/My_Passport/MOODLE/Vivado_projects/RISCV_VHDL/rtl/sim/cpu/tb_cpu.vhd
Note: [INST] Addr=000001F8, Word=126, Instuction=7FFF83B7, Mnemonic=lui x7, 7FFF8000
Time: 1395 ns  Iteration: 0  Process: /tb_cpu/monitor  File: /media/nisitha/My_Passport/MOODLE/Vivado_projects/RISCV_VHDL/rtl/sim/cpu/tb_cpu.vhd
Note: [REGS] x3=0000000C x5=02000000 x6=02000000 x7=7FFF8000 x11=7FFFFFFF x12=FFFF8000 x14=7FFF7FFF 
Time: 1395 ns  Iteration: 0  Process: /tb_cpu/monitor  File: /media/nisitha/My_Passport/MOODLE/Vivado_projects/RISCV_VHDL/rtl/sim/cpu/tb_cpu.vhd
Note: [INST] Addr=000001FC, Word=127, Instuction=FFF38393, Mnemonic=addi x7, x7, FFFFFFFF
Time: 1405 ns  Iteration: 0  Process: /tb_cpu/monitor  File: /media/nisitha/My_Passport/MOODLE/Vivado_projects/RISCV_VHDL/rtl/sim/cpu/tb_cpu.vhd
Note: [REGS] x3=0000000C x5=02000000 x6=02000000 x7=7FFF7FFF x11=7FFFFFFF x12=FFFF8000 x14=7FFF7FFF 
Time: 1405 ns  Iteration: 0  Process: /tb_cpu/monitor  File: /media/nisitha/My_Passport/MOODLE/Vivado_projects/RISCV_VHDL/rtl/sim/cpu/tb_cpu.vhd
Note: [INST] Addr=00000200, Word=128, Instuction=3A771863, Mnemonic=bne x14, x7, 000003B0
Time: 1415 ns  Iteration: 0  Process: /tb_cpu/monitor  File: /media/nisitha/My_Passport/MOODLE/Vivado_projects/RISCV_VHDL/rtl/sim/cpu/tb_cpu.vhd
Note: [REGS] x3=0000000C x5=02000000 x6=02000000 x7=7FFF7FFF x11=7FFFFFFF x12=FFFF8000 x14=7FFF7FFF 
Time: 1415 ns  Iteration: 0  Process: /tb_cpu/monitor  File: /media/nisitha/My_Passport/MOODLE/Vivado_projects/RISCV_VHDL/rtl/sim/cpu/tb_cpu.vhd
Note: [INST] Addr=00000204, Word=129, Instuction=00D00193, Mnemonic=addi x3, x0, 0000000D
Time: 1425 ns  Iteration: 0  Process: /tb_cpu/monitor  File: /media/nisitha/My_Passport/MOODLE/Vivado_projects/RISCV_VHDL/rtl/sim/cpu/tb_cpu.vhd
Note: [REGS] x3=0000000D x5=02000000 x6=02000000 x7=7FFF7FFF x11=7FFFFFFF x12=FFFF8000 x14=7FFF7FFF 
Time: 1425 ns  Iteration: 0  Process: /tb_cpu/monitor  File: /media/nisitha/My_Passport/MOODLE/Vivado_projects/RISCV_VHDL/rtl/sim/cpu/tb_cpu.vhd
Note: [INST] Addr=00000208, Word=130, Instuction=00000593, Mnemonic=addi x11, x0, 00000000
Time: 1435 ns  Iteration: 0  Process: /tb_cpu/monitor  File: /media/nisitha/My_Passport/MOODLE/Vivado_projects/RISCV_VHDL/rtl/sim/cpu/tb_cpu.vhd
Note: [REGS] x3=0000000D x5=02000000 x6=02000000 x7=7FFF7FFF x12=FFFF8000 x14=7FFF7FFF 
Time: 1435 ns  Iteration: 0  Process: /tb_cpu/monitor  File: /media/nisitha/My_Passport/MOODLE/Vivado_projects/RISCV_VHDL/rtl/sim/cpu/tb_cpu.vhd
Note: [INST] Addr=0000020C, Word=131, Instuction=FFF00613, Mnemonic=addi x12, x0, FFFFFFFF
Time: 1445 ns  Iteration: 0  Process: /tb_cpu/monitor  File: /media/nisitha/My_Passport/MOODLE/Vivado_projects/RISCV_VHDL/rtl/sim/cpu/tb_cpu.vhd
Note: [REGS] x3=0000000D x5=02000000 x6=02000000 x7=7FFF7FFF x12=FFFFFFFF x14=7FFF7FFF 
Time: 1445 ns  Iteration: 0  Process: /tb_cpu/monitor  File: /media/nisitha/My_Passport/MOODLE/Vivado_projects/RISCV_VHDL/rtl/sim/cpu/tb_cpu.vhd
Note: [INST] Addr=00000210, Word=132, Instuction=00C58733, Mnemonic=add x14, x11, x12
Time: 1455 ns  Iteration: 0  Process: /tb_cpu/monitor  File: /media/nisitha/My_Passport/MOODLE/Vivado_projects/RISCV_VHDL/rtl/sim/cpu/tb_cpu.vhd
Note: [REGS] x3=0000000D x5=02000000 x6=02000000 x7=7FFF7FFF x12=FFFFFFFF x14=FFFFFFFF 
Time: 1455 ns  Iteration: 0  Process: /tb_cpu/monitor  File: /media/nisitha/My_Passport/MOODLE/Vivado_projects/RISCV_VHDL/rtl/sim/cpu/tb_cpu.vhd
Note: [INST] Addr=00000214, Word=133, Instuction=FFF00393, Mnemonic=addi x7, x0, FFFFFFFF
Time: 1465 ns  Iteration: 0  Process: /tb_cpu/monitor  File: /media/nisitha/My_Passport/MOODLE/Vivado_projects/RISCV_VHDL/rtl/sim/cpu/tb_cpu.vhd
Note: [REGS] x3=0000000D x5=02000000 x6=02000000 x7=FFFFFFFF x12=FFFFFFFF x14=FFFFFFFF 
Time: 1465 ns  Iteration: 0  Process: /tb_cpu/monitor  File: /media/nisitha/My_Passport/MOODLE/Vivado_projects/RISCV_VHDL/rtl/sim/cpu/tb_cpu.vhd
Note: [INST] Addr=00000218, Word=134, Instuction=38771C63, Mnemonic=bne x14, x7, 00000398
Time: 1475 ns  Iteration: 0  Process: /tb_cpu/monitor  File: /media/nisitha/My_Passport/MOODLE/Vivado_projects/RISCV_VHDL/rtl/sim/cpu/tb_cpu.vhd
Note: [REGS] x3=0000000D x5=02000000 x6=02000000 x7=FFFFFFFF x12=FFFFFFFF x14=FFFFFFFF 
Time: 1475 ns  Iteration: 0  Process: /tb_cpu/monitor  File: /media/nisitha/My_Passport/MOODLE/Vivado_projects/RISCV_VHDL/rtl/sim/cpu/tb_cpu.vhd
Note: [INST] Addr=0000021C, Word=135, Instuction=00E00193, Mnemonic=addi x3, x0, 0000000E
Time: 1485 ns  Iteration: 0  Process: /tb_cpu/monitor  File: /media/nisitha/My_Passport/MOODLE/Vivado_projects/RISCV_VHDL/rtl/sim/cpu/tb_cpu.vhd
Note: [REGS] x3=0000000E x5=02000000 x6=02000000 x7=FFFFFFFF x12=FFFFFFFF x14=FFFFFFFF 
Time: 1485 ns  Iteration: 0  Process: /tb_cpu/monitor  File: /media/nisitha/My_Passport/MOODLE/Vivado_projects/RISCV_VHDL/rtl/sim/cpu/tb_cpu.vhd
Note: [INST] Addr=00000220, Word=136, Instuction=FFF00593, Mnemonic=addi x11, x0, FFFFFFFF
Time: 1495 ns  Iteration: 0  Process: /tb_cpu/monitor  File: /media/nisitha/My_Passport/MOODLE/Vivado_projects/RISCV_VHDL/rtl/sim/cpu/tb_cpu.vhd
Note: [REGS] x3=0000000E x5=02000000 x6=02000000 x7=FFFFFFFF x11=FFFFFFFF x12=FFFFFFFF x14=FFFFFFFF 
Time: 1495 ns  Iteration: 0  Process: /tb_cpu/monitor  File: /media/nisitha/My_Passport/MOODLE/Vivado_projects/RISCV_VHDL/rtl/sim/cpu/tb_cpu.vhd
Note: [INST] Addr=00000224, Word=137, Instuction=00100613, Mnemonic=addi x12, x0, 00000001
Time: 1505 ns  Iteration: 0  Process: /tb_cpu/monitor  File: /media/nisitha/My_Passport/MOODLE/Vivado_projects/RISCV_VHDL/rtl/sim/cpu/tb_cpu.vhd
Note: [REGS] x3=0000000E x5=02000000 x6=02000000 x7=FFFFFFFF x11=FFFFFFFF x12=00000001 x14=FFFFFFFF 
Time: 1505 ns  Iteration: 0  Process: /tb_cpu/monitor  File: /media/nisitha/My_Passport/MOODLE/Vivado_projects/RISCV_VHDL/rtl/sim/cpu/tb_cpu.vhd
Note: [INST] Addr=00000228, Word=138, Instuction=00C58733, Mnemonic=add x14, x11, x12
Time: 1515 ns  Iteration: 0  Process: /tb_cpu/monitor  File: /media/nisitha/My_Passport/MOODLE/Vivado_projects/RISCV_VHDL/rtl/sim/cpu/tb_cpu.vhd
Note: [REGS] x3=0000000E x5=02000000 x6=02000000 x7=FFFFFFFF x11=FFFFFFFF x12=00000001 
Time: 1515 ns  Iteration: 0  Process: /tb_cpu/monitor  File: /media/nisitha/My_Passport/MOODLE/Vivado_projects/RISCV_VHDL/rtl/sim/cpu/tb_cpu.vhd
Note: [INST] Addr=0000022C, Word=139, Instuction=00000393, Mnemonic=addi x7, x0, 00000000
Time: 1525 ns  Iteration: 0  Process: /tb_cpu/monitor  File: /media/nisitha/My_Passport/MOODLE/Vivado_projects/RISCV_VHDL/rtl/sim/cpu/tb_cpu.vhd
Note: [REGS] x3=0000000E x5=02000000 x6=02000000 x11=FFFFFFFF x12=00000001 
Time: 1525 ns  Iteration: 0  Process: /tb_cpu/monitor  File: /media/nisitha/My_Passport/MOODLE/Vivado_projects/RISCV_VHDL/rtl/sim/cpu/tb_cpu.vhd
Note: [INST] Addr=00000230, Word=140, Instuction=38771063, Mnemonic=bne x14, x7, 00000380
Time: 1535 ns  Iteration: 0  Process: /tb_cpu/monitor  File: /media/nisitha/My_Passport/MOODLE/Vivado_projects/RISCV_VHDL/rtl/sim/cpu/tb_cpu.vhd
Note: [REGS] x3=0000000E x5=02000000 x6=02000000 x11=FFFFFFFF x12=00000001 
Time: 1535 ns  Iteration: 0  Process: /tb_cpu/monitor  File: /media/nisitha/My_Passport/MOODLE/Vivado_projects/RISCV_VHDL/rtl/sim/cpu/tb_cpu.vhd
Note: [INST] Addr=00000234, Word=141, Instuction=00F00193, Mnemonic=addi x3, x0, 0000000F
Time: 1545 ns  Iteration: 0  Process: /tb_cpu/monitor  File: /media/nisitha/My_Passport/MOODLE/Vivado_projects/RISCV_VHDL/rtl/sim/cpu/tb_cpu.vhd
Note: [REGS] x3=0000000F x5=02000000 x6=02000000 x11=FFFFFFFF x12=00000001 
Time: 1545 ns  Iteration: 0  Process: /tb_cpu/monitor  File: /media/nisitha/My_Passport/MOODLE/Vivado_projects/RISCV_VHDL/rtl/sim/cpu/tb_cpu.vhd
Note: [INST] Addr=00000238, Word=142, Instuction=FFF00593, Mnemonic=addi x11, x0, FFFFFFFF
Time: 1555 ns  Iteration: 0  Process: /tb_cpu/monitor  File: /media/nisitha/My_Passport/MOODLE/Vivado_projects/RISCV_VHDL/rtl/sim/cpu/tb_cpu.vhd
Note: [REGS] x3=0000000F x5=02000000 x6=02000000 x11=FFFFFFFF x12=00000001 
Time: 1555 ns  Iteration: 0  Process: /tb_cpu/monitor  File: /media/nisitha/My_Passport/MOODLE/Vivado_projects/RISCV_VHDL/rtl/sim/cpu/tb_cpu.vhd
Note: [INST] Addr=0000023C, Word=143, Instuction=FFF00613, Mnemonic=addi x12, x0, FFFFFFFF
Time: 1565 ns  Iteration: 0  Process: /tb_cpu/monitor  File: /media/nisitha/My_Passport/MOODLE/Vivado_projects/RISCV_VHDL/rtl/sim/cpu/tb_cpu.vhd
Note: [REGS] x3=0000000F x5=02000000 x6=02000000 x11=FFFFFFFF x12=FFFFFFFF 
Time: 1565 ns  Iteration: 0  Process: /tb_cpu/monitor  File: /media/nisitha/My_Passport/MOODLE/Vivado_projects/RISCV_VHDL/rtl/sim/cpu/tb_cpu.vhd
Note: [INST] Addr=00000240, Word=144, Instuction=00C58733, Mnemonic=add x14, x11, x12
Time: 1575 ns  Iteration: 0  Process: /tb_cpu/monitor  File: /media/nisitha/My_Passport/MOODLE/Vivado_projects/RISCV_VHDL/rtl/sim/cpu/tb_cpu.vhd
Note: [REGS] x3=0000000F x5=02000000 x6=02000000 x11=FFFFFFFF x12=FFFFFFFF x14=FFFFFFFE 
Time: 1575 ns  Iteration: 0  Process: /tb_cpu/monitor  File: /media/nisitha/My_Passport/MOODLE/Vivado_projects/RISCV_VHDL/rtl/sim/cpu/tb_cpu.vhd
Note: [INST] Addr=00000244, Word=145, Instuction=FFE00393, Mnemonic=addi x7, x0, FFFFFFFE
Time: 1585 ns  Iteration: 0  Process: /tb_cpu/monitor  File: /media/nisitha/My_Passport/MOODLE/Vivado_projects/RISCV_VHDL/rtl/sim/cpu/tb_cpu.vhd
Note: [REGS] x3=0000000F x5=02000000 x6=02000000 x7=FFFFFFFE x11=FFFFFFFF x12=FFFFFFFF x14=FFFFFFFE 
Time: 1585 ns  Iteration: 0  Process: /tb_cpu/monitor  File: /media/nisitha/My_Passport/MOODLE/Vivado_projects/RISCV_VHDL/rtl/sim/cpu/tb_cpu.vhd
Note: [INST] Addr=00000248, Word=146, Instuction=36771463, Mnemonic=bne x14, x7, 00000368
Time: 1595 ns  Iteration: 0  Process: /tb_cpu/monitor  File: /media/nisitha/My_Passport/MOODLE/Vivado_projects/RISCV_VHDL/rtl/sim/cpu/tb_cpu.vhd
Note: [REGS] x3=0000000F x5=02000000 x6=02000000 x7=FFFFFFFE x11=FFFFFFFF x12=FFFFFFFF x14=FFFFFFFE 
Time: 1595 ns  Iteration: 0  Process: /tb_cpu/monitor  File: /media/nisitha/My_Passport/MOODLE/Vivado_projects/RISCV_VHDL/rtl/sim/cpu/tb_cpu.vhd
Note: [INST] Addr=0000024C, Word=147, Instuction=01000193, Mnemonic=addi x3, x0, 00000010
Time: 1605 ns  Iteration: 0  Process: /tb_cpu/monitor  File: /media/nisitha/My_Passport/MOODLE/Vivado_projects/RISCV_VHDL/rtl/sim/cpu/tb_cpu.vhd
Note: [REGS] x3=00000010 x5=02000000 x6=02000000 x7=FFFFFFFE x11=FFFFFFFF x12=FFFFFFFF x14=FFFFFFFE 
Time: 1605 ns  Iteration: 0  Process: /tb_cpu/monitor  File: /media/nisitha/My_Passport/MOODLE/Vivado_projects/RISCV_VHDL/rtl/sim/cpu/tb_cpu.vhd
Note: [INST] Addr=00000250, Word=148, Instuction=00100593, Mnemonic=addi x11, x0, 00000001
Time: 1615 ns  Iteration: 0  Process: /tb_cpu/monitor  File: /media/nisitha/My_Passport/MOODLE/Vivado_projects/RISCV_VHDL/rtl/sim/cpu/tb_cpu.vhd
Note: [REGS] x3=00000010 x5=02000000 x6=02000000 x7=FFFFFFFE x11=00000001 x12=FFFFFFFF x14=FFFFFFFE 
Time: 1615 ns  Iteration: 0  Process: /tb_cpu/monitor  File: /media/nisitha/My_Passport/MOODLE/Vivado_projects/RISCV_VHDL/rtl/sim/cpu/tb_cpu.vhd
Note: [INST] Addr=00000254, Word=149, Instuction=80000637, Mnemonic=lui x12, 80000000
Time: 1625 ns  Iteration: 0  Process: /tb_cpu/monitor  File: /media/nisitha/My_Passport/MOODLE/Vivado_projects/RISCV_VHDL/rtl/sim/cpu/tb_cpu.vhd
Note: [REGS] x3=00000010 x5=02000000 x6=02000000 x7=FFFFFFFE x11=00000001 x12=80000000 x14=FFFFFFFE 
Time: 1625 ns  Iteration: 0  Process: /tb_cpu/monitor  File: /media/nisitha/My_Passport/MOODLE/Vivado_projects/RISCV_VHDL/rtl/sim/cpu/tb_cpu.vhd
Note: [INST] Addr=00000258, Word=150, Instuction=FFF60613, Mnemonic=addi x12, x12, FFFFFFFF
Time: 1635 ns  Iteration: 0  Process: /tb_cpu/monitor  File: /media/nisitha/My_Passport/MOODLE/Vivado_projects/RISCV_VHDL/rtl/sim/cpu/tb_cpu.vhd
Note: [REGS] x3=00000010 x5=02000000 x6=02000000 x7=FFFFFFFE x11=00000001 x12=7FFFFFFF x14=FFFFFFFE 
Time: 1635 ns  Iteration: 0  Process: /tb_cpu/monitor  File: /media/nisitha/My_Passport/MOODLE/Vivado_projects/RISCV_VHDL/rtl/sim/cpu/tb_cpu.vhd
Note: [INST] Addr=0000025C, Word=151, Instuction=00C58733, Mnemonic=add x14, x11, x12
Time: 1645 ns  Iteration: 0  Process: /tb_cpu/monitor  File: /media/nisitha/My_Passport/MOODLE/Vivado_projects/RISCV_VHDL/rtl/sim/cpu/tb_cpu.vhd
Note: [REGS] x3=00000010 x5=02000000 x6=02000000 x7=FFFFFFFE x11=00000001 x12=7FFFFFFF x14=80000000 
Time: 1645 ns  Iteration: 0  Process: /tb_cpu/monitor  File: /media/nisitha/My_Passport/MOODLE/Vivado_projects/RISCV_VHDL/rtl/sim/cpu/tb_cpu.vhd
Note: [INST] Addr=00000260, Word=152, Instuction=800003B7, Mnemonic=lui x7, 80000000
Time: 1655 ns  Iteration: 0  Process: /tb_cpu/monitor  File: /media/nisitha/My_Passport/MOODLE/Vivado_projects/RISCV_VHDL/rtl/sim/cpu/tb_cpu.vhd
Note: [REGS] x3=00000010 x5=02000000 x6=02000000 x7=80000000 x11=00000001 x12=7FFFFFFF x14=80000000 
Time: 1655 ns  Iteration: 0  Process: /tb_cpu/monitor  File: /media/nisitha/My_Passport/MOODLE/Vivado_projects/RISCV_VHDL/rtl/sim/cpu/tb_cpu.vhd
Note: [INST] Addr=00000264, Word=153, Instuction=34771663, Mnemonic=bne x14, x7, 0000034C
Time: 1665 ns  Iteration: 0  Process: /tb_cpu/monitor  File: /media/nisitha/My_Passport/MOODLE/Vivado_projects/RISCV_VHDL/rtl/sim/cpu/tb_cpu.vhd
Note: [REGS] x3=00000010 x5=02000000 x6=02000000 x7=80000000 x11=00000001 x12=7FFFFFFF x14=80000000 
Time: 1665 ns  Iteration: 0  Process: /tb_cpu/monitor  File: /media/nisitha/My_Passport/MOODLE/Vivado_projects/RISCV_VHDL/rtl/sim/cpu/tb_cpu.vhd
Note: [INST] Addr=00000268, Word=154, Instuction=01100193, Mnemonic=addi x3, x0, 00000011
Time: 1675 ns  Iteration: 0  Process: /tb_cpu/monitor  File: /media/nisitha/My_Passport/MOODLE/Vivado_projects/RISCV_VHDL/rtl/sim/cpu/tb_cpu.vhd
Note: [REGS] x3=00000011 x5=02000000 x6=02000000 x7=80000000 x11=00000001 x12=7FFFFFFF x14=80000000 
Time: 1675 ns  Iteration: 0  Process: /tb_cpu/monitor  File: /media/nisitha/My_Passport/MOODLE/Vivado_projects/RISCV_VHDL/rtl/sim/cpu/tb_cpu.vhd
Note: [INST] Addr=0000026C, Word=155, Instuction=00D00593, Mnemonic=addi x11, x0, 0000000D
Time: 1685 ns  Iteration: 0  Process: /tb_cpu/monitor  File: /media/nisitha/My_Passport/MOODLE/Vivado_projects/RISCV_VHDL/rtl/sim/cpu/tb_cpu.vhd
Note: [REGS] x3=00000011 x5=02000000 x6=02000000 x7=80000000 x11=0000000D x12=7FFFFFFF x14=80000000 
Time: 1685 ns  Iteration: 0  Process: /tb_cpu/monitor  File: /media/nisitha/My_Passport/MOODLE/Vivado_projects/RISCV_VHDL/rtl/sim/cpu/tb_cpu.vhd
Note: [INST] Addr=00000270, Word=156, Instuction=00B00613, Mnemonic=addi x12, x0, 0000000B
Time: 1695 ns  Iteration: 0  Process: /tb_cpu/monitor  File: /media/nisitha/My_Passport/MOODLE/Vivado_projects/RISCV_VHDL/rtl/sim/cpu/tb_cpu.vhd
Note: [REGS] x3=00000011 x5=02000000 x6=02000000 x7=80000000 x11=0000000D x12=0000000B x14=80000000 
Time: 1695 ns  Iteration: 0  Process: /tb_cpu/monitor  File: /media/nisitha/My_Passport/MOODLE/Vivado_projects/RISCV_VHDL/rtl/sim/cpu/tb_cpu.vhd
Note: [INST] Addr=00000274, Word=157, Instuction=00C585B3, Mnemonic=add x11, x11, x12
Time: 1705 ns  Iteration: 0  Process: /tb_cpu/monitor  File: /media/nisitha/My_Passport/MOODLE/Vivado_projects/RISCV_VHDL/rtl/sim/cpu/tb_cpu.vhd
Note: [REGS] x3=00000011 x5=02000000 x6=02000000 x7=80000000 x11=00000018 x12=0000000B x14=80000000 
Time: 1705 ns  Iteration: 0  Process: /tb_cpu/monitor  File: /media/nisitha/My_Passport/MOODLE/Vivado_projects/RISCV_VHDL/rtl/sim/cpu/tb_cpu.vhd
Note: [INST] Addr=00000278, Word=158, Instuction=01800393, Mnemonic=addi x7, x0, 00000018
Time: 1715 ns  Iteration: 0  Process: /tb_cpu/monitor  File: /media/nisitha/My_Passport/MOODLE/Vivado_projects/RISCV_VHDL/rtl/sim/cpu/tb_cpu.vhd
Note: [REGS] x3=00000011 x5=02000000 x6=02000000 x7=00000018 x11=00000018 x12=0000000B x14=80000000 
Time: 1715 ns  Iteration: 0  Process: /tb_cpu/monitor  File: /media/nisitha/My_Passport/MOODLE/Vivado_projects/RISCV_VHDL/rtl/sim/cpu/tb_cpu.vhd
Note: [INST] Addr=0000027C, Word=159, Instuction=32759A63, Mnemonic=bne x11, x7, 00000334
Time: 1725 ns  Iteration: 0  Process: /tb_cpu/monitor  File: /media/nisitha/My_Passport/MOODLE/Vivado_projects/RISCV_VHDL/rtl/sim/cpu/tb_cpu.vhd
Note: [REGS] x3=00000011 x5=02000000 x6=02000000 x7=00000018 x11=00000018 x12=0000000B x14=80000000 
Time: 1725 ns  Iteration: 0  Process: /tb_cpu/monitor  File: /media/nisitha/My_Passport/MOODLE/Vivado_projects/RISCV_VHDL/rtl/sim/cpu/tb_cpu.vhd
Note: [INST] Addr=00000280, Word=160, Instuction=01200193, Mnemonic=addi x3, x0, 00000012
Time: 1735 ns  Iteration: 0  Process: /tb_cpu/monitor  File: /media/nisitha/My_Passport/MOODLE/Vivado_projects/RISCV_VHDL/rtl/sim/cpu/tb_cpu.vhd
Note: [REGS] x3=00000012 x5=02000000 x6=02000000 x7=00000018 x11=00000018 x12=0000000B x14=80000000 
Time: 1735 ns  Iteration: 0  Process: /tb_cpu/monitor  File: /media/nisitha/My_Passport/MOODLE/Vivado_projects/RISCV_VHDL/rtl/sim/cpu/tb_cpu.vhd
Note: [INST] Addr=00000284, Word=161, Instuction=00E00593, Mnemonic=addi x11, x0, 0000000E
Time: 1745 ns  Iteration: 0  Process: /tb_cpu/monitor  File: /media/nisitha/My_Passport/MOODLE/Vivado_projects/RISCV_VHDL/rtl/sim/cpu/tb_cpu.vhd
Note: [REGS] x3=00000012 x5=02000000 x6=02000000 x7=00000018 x11=0000000E x12=0000000B x14=80000000 
Time: 1745 ns  Iteration: 0  Process: /tb_cpu/monitor  File: /media/nisitha/My_Passport/MOODLE/Vivado_projects/RISCV_VHDL/rtl/sim/cpu/tb_cpu.vhd
Note: [INST] Addr=00000288, Word=162, Instuction=00B00613, Mnemonic=addi x12, x0, 0000000B
Time: 1755 ns  Iteration: 0  Process: /tb_cpu/monitor  File: /media/nisitha/My_Passport/MOODLE/Vivado_projects/RISCV_VHDL/rtl/sim/cpu/tb_cpu.vhd
Note: [REGS] x3=00000012 x5=02000000 x6=02000000 x7=00000018 x11=0000000E x12=0000000B x14=80000000 
Time: 1755 ns  Iteration: 0  Process: /tb_cpu/monitor  File: /media/nisitha/My_Passport/MOODLE/Vivado_projects/RISCV_VHDL/rtl/sim/cpu/tb_cpu.vhd
Note: [INST] Addr=0000028C, Word=163, Instuction=00C58633, Mnemonic=add x12, x11, x12
Time: 1765 ns  Iteration: 0  Process: /tb_cpu/monitor  File: /media/nisitha/My_Passport/MOODLE/Vivado_projects/RISCV_VHDL/rtl/sim/cpu/tb_cpu.vhd
Note: [REGS] x3=00000012 x5=02000000 x6=02000000 x7=00000018 x11=0000000E x12=00000019 x14=80000000 
Time: 1765 ns  Iteration: 0  Process: /tb_cpu/monitor  File: /media/nisitha/My_Passport/MOODLE/Vivado_projects/RISCV_VHDL/rtl/sim/cpu/tb_cpu.vhd
Note: [INST] Addr=00000290, Word=164, Instuction=01900393, Mnemonic=addi x7, x0, 00000019
Time: 1775 ns  Iteration: 0  Process: /tb_cpu/monitor  File: /media/nisitha/My_Passport/MOODLE/Vivado_projects/RISCV_VHDL/rtl/sim/cpu/tb_cpu.vhd
Note: [REGS] x3=00000012 x5=02000000 x6=02000000 x7=00000019 x11=0000000E x12=00000019 x14=80000000 
Time: 1775 ns  Iteration: 0  Process: /tb_cpu/monitor  File: /media/nisitha/My_Passport/MOODLE/Vivado_projects/RISCV_VHDL/rtl/sim/cpu/tb_cpu.vhd
Note: [INST] Addr=00000294, Word=165, Instuction=30761E63, Mnemonic=bne x12, x7, 0000031C
Time: 1785 ns  Iteration: 0  Process: /tb_cpu/monitor  File: /media/nisitha/My_Passport/MOODLE/Vivado_projects/RISCV_VHDL/rtl/sim/cpu/tb_cpu.vhd
Note: [REGS] x3=00000012 x5=02000000 x6=02000000 x7=00000019 x11=0000000E x12=00000019 x14=80000000 
Time: 1785 ns  Iteration: 0  Process: /tb_cpu/monitor  File: /media/nisitha/My_Passport/MOODLE/Vivado_projects/RISCV_VHDL/rtl/sim/cpu/tb_cpu.vhd
Note: [INST] Addr=00000298, Word=166, Instuction=01300193, Mnemonic=addi x3, x0, 00000013
Time: 1795 ns  Iteration: 0  Process: /tb_cpu/monitor  File: /media/nisitha/My_Passport/MOODLE/Vivado_projects/RISCV_VHDL/rtl/sim/cpu/tb_cpu.vhd
Note: [REGS] x3=00000013 x5=02000000 x6=02000000 x7=00000019 x11=0000000E x12=00000019 x14=80000000 
Time: 1795 ns  Iteration: 0  Process: /tb_cpu/monitor  File: /media/nisitha/My_Passport/MOODLE/Vivado_projects/RISCV_VHDL/rtl/sim/cpu/tb_cpu.vhd
Note: [INST] Addr=0000029C, Word=167, Instuction=00D00593, Mnemonic=addi x11, x0, 0000000D
Time: 1805 ns  Iteration: 0  Process: /tb_cpu/monitor  File: /media/nisitha/My_Passport/MOODLE/Vivado_projects/RISCV_VHDL/rtl/sim/cpu/tb_cpu.vhd
Note: [REGS] x3=00000013 x5=02000000 x6=02000000 x7=00000019 x11=0000000D x12=00000019 x14=80000000 
Time: 1805 ns  Iteration: 0  Process: /tb_cpu/monitor  File: /media/nisitha/My_Passport/MOODLE/Vivado_projects/RISCV_VHDL/rtl/sim/cpu/tb_cpu.vhd
Note: [INST] Addr=000002A0, Word=168, Instuction=00B585B3, Mnemonic=add x11, x11, x11
Time: 1815 ns  Iteration: 0  Process: /tb_cpu/monitor  File: /media/nisitha/My_Passport/MOODLE/Vivado_projects/RISCV_VHDL/rtl/sim/cpu/tb_cpu.vhd
Note: [REGS] x3=00000013 x5=02000000 x6=02000000 x7=00000019 x11=0000001A x12=00000019 x14=80000000 
Time: 1815 ns  Iteration: 0  Process: /tb_cpu/monitor  File: /media/nisitha/My_Passport/MOODLE/Vivado_projects/RISCV_VHDL/rtl/sim/cpu/tb_cpu.vhd
Note: [INST] Addr=000002A4, Word=169, Instuction=01A00393, Mnemonic=addi x7, x0, 0000001A
Time: 1825 ns  Iteration: 0  Process: /tb_cpu/monitor  File: /media/nisitha/My_Passport/MOODLE/Vivado_projects/RISCV_VHDL/rtl/sim/cpu/tb_cpu.vhd
Note: [REGS] x3=00000013 x5=02000000 x6=02000000 x7=0000001A x11=0000001A x12=00000019 x14=80000000 
Time: 1825 ns  Iteration: 0  Process: /tb_cpu/monitor  File: /media/nisitha/My_Passport/MOODLE/Vivado_projects/RISCV_VHDL/rtl/sim/cpu/tb_cpu.vhd
Note: [INST] Addr=000002A8, Word=170, Instuction=30759463, Mnemonic=bne x11, x7, 00000308
Time: 1835 ns  Iteration: 0  Process: /tb_cpu/monitor  File: /media/nisitha/My_Passport/MOODLE/Vivado_projects/RISCV_VHDL/rtl/sim/cpu/tb_cpu.vhd
Note: [REGS] x3=00000013 x5=02000000 x6=02000000 x7=0000001A x11=0000001A x12=00000019 x14=80000000 
Time: 1835 ns  Iteration: 0  Process: /tb_cpu/monitor  File: /media/nisitha/My_Passport/MOODLE/Vivado_projects/RISCV_VHDL/rtl/sim/cpu/tb_cpu.vhd
Note: [INST] Addr=000002AC, Word=171, Instuction=01400193, Mnemonic=addi x3, x0, 00000014
Time: 1845 ns  Iteration: 0  Process: /tb_cpu/monitor  File: /media/nisitha/My_Passport/MOODLE/Vivado_projects/RISCV_VHDL/rtl/sim/cpu/tb_cpu.vhd
Note: [REGS] x3=00000014 x5=02000000 x6=02000000 x7=0000001A x11=0000001A x12=00000019 x14=80000000 
Time: 1845 ns  Iteration: 0  Process: /tb_cpu/monitor  File: /media/nisitha/My_Passport/MOODLE/Vivado_projects/RISCV_VHDL/rtl/sim/cpu/tb_cpu.vhd
Note: [INST] Addr=000002B0, Word=172, Instuction=00000213, Mnemonic=addi x4, x0, 00000000
Time: 1855 ns  Iteration: 0  Process: /tb_cpu/monitor  File: /media/nisitha/My_Passport/MOODLE/Vivado_projects/RISCV_VHDL/rtl/sim/cpu/tb_cpu.vhd
Note: [REGS] x3=00000014 x5=02000000 x6=02000000 x7=0000001A x11=0000001A x12=00000019 x14=80000000 
Time: 1855 ns  Iteration: 0  Process: /tb_cpu/monitor  File: /media/nisitha/My_Passport/MOODLE/Vivado_projects/RISCV_VHDL/rtl/sim/cpu/tb_cpu.vhd
Note: [INST] Addr=000002B4, Word=173, Instuction=00D00093, Mnemonic=addi x1, x0, 0000000D
Time: 1865 ns  Iteration: 0  Process: /tb_cpu/monitor  File: /media/nisitha/My_Passport/MOODLE/Vivado_projects/RISCV_VHDL/rtl/sim/cpu/tb_cpu.vhd
Note: [REGS] x1=0000000D x3=00000014 x5=02000000 x6=02000000 x7=0000001A x11=0000001A x12=00000019 x14=80000000 
Time: 1865 ns  Iteration: 0  Process: /tb_cpu/monitor  File: /media/nisitha/My_Passport/MOODLE/Vivado_projects/RISCV_VHDL/rtl/sim/cpu/tb_cpu.vhd
Note: [INST] Addr=000002B8, Word=174, Instuction=00B00113, Mnemonic=addi x2, x0, 0000000B
Time: 1875 ns  Iteration: 0  Process: /tb_cpu/monitor  File: /media/nisitha/My_Passport/MOODLE/Vivado_projects/RISCV_VHDL/rtl/sim/cpu/tb_cpu.vhd
Note: [REGS] x1=0000000D x2=0000000B x3=00000014 x5=02000000 x6=02000000 x7=0000001A x11=0000001A x12=00000019 x14=80000000 
Time: 1875 ns  Iteration: 0  Process: /tb_cpu/monitor  File: /media/nisitha/My_Passport/MOODLE/Vivado_projects/RISCV_VHDL/rtl/sim/cpu/tb_cpu.vhd
Note: [INST] Addr=000002BC, Word=175, Instuction=00208733, Mnemonic=add x14, x1, x2
Time: 1885 ns  Iteration: 0  Process: /tb_cpu/monitor  File: /media/nisitha/My_Passport/MOODLE/Vivado_projects/RISCV_VHDL/rtl/sim/cpu/tb_cpu.vhd
Note: [REGS] x1=0000000D x2=0000000B x3=00000014 x5=02000000 x6=02000000 x7=0000001A x11=0000001A x12=00000019 x14=00000018 
Time: 1885 ns  Iteration: 0  Process: /tb_cpu/monitor  File: /media/nisitha/My_Passport/MOODLE/Vivado_projects/RISCV_VHDL/rtl/sim/cpu/tb_cpu.vhd
Note: [INST] Addr=000002C0, Word=176, Instuction=00070313, Mnemonic=addi x6, x14, 00000000
Time: 1895 ns  Iteration: 0  Process: /tb_cpu/monitor  File: /media/nisitha/My_Passport/MOODLE/Vivado_projects/RISCV_VHDL/rtl/sim/cpu/tb_cpu.vhd
Note: [REGS] x1=0000000D x2=0000000B x3=00000014 x5=02000000 x6=00000018 x7=0000001A x11=0000001A x12=00000019 x14=00000018 
Time: 1895 ns  Iteration: 0  Process: /tb_cpu/monitor  File: /media/nisitha/My_Passport/MOODLE/Vivado_projects/RISCV_VHDL/rtl/sim/cpu/tb_cpu.vhd
Note: [INST] Addr=000002C4, Word=177, Instuction=00120213, Mnemonic=addi x4, x4, 00000001
Time: 1905 ns  Iteration: 0  Process: /tb_cpu/monitor  File: /media/nisitha/My_Passport/MOODLE/Vivado_projects/RISCV_VHDL/rtl/sim/cpu/tb_cpu.vhd
Note: [REGS] x1=0000000D x2=0000000B x3=00000014 x4=00000001 x5=02000000 x6=00000018 x7=0000001A x11=0000001A x12=00000019 x14=00000018 
Time: 1905 ns  Iteration: 0  Process: /tb_cpu/monitor  File: /media/nisitha/My_Passport/MOODLE/Vivado_projects/RISCV_VHDL/rtl/sim/cpu/tb_cpu.vhd
Note: [INST] Addr=000002C8, Word=178, Instuction=00200293, Mnemonic=addi x5, x0, 00000002
Time: 1915 ns  Iteration: 0  Process: /tb_cpu/monitor  File: /media/nisitha/My_Passport/MOODLE/Vivado_projects/RISCV_VHDL/rtl/sim/cpu/tb_cpu.vhd
Note: [REGS] x1=0000000D x2=0000000B x3=00000014 x4=00000001 x5=00000002 x6=00000018 x7=0000001A x11=0000001A x12=00000019 x14=00000018 
Time: 1915 ns  Iteration: 0  Process: /tb_cpu/monitor  File: /media/nisitha/My_Passport/MOODLE/Vivado_projects/RISCV_VHDL/rtl/sim/cpu/tb_cpu.vhd
Note: [INST] Addr=000002CC, Word=179, Instuction=FE5214E3, Mnemonic=bne x4, x5, FFFFFFE8
Time: 1925 ns  Iteration: 0  Process: /tb_cpu/monitor  File: /media/nisitha/My_Passport/MOODLE/Vivado_projects/RISCV_VHDL/rtl/sim/cpu/tb_cpu.vhd
Note: [REGS] x1=0000000D x2=0000000B x3=00000014 x4=00000001 x5=00000002 x6=00000018 x7=0000001A x11=0000001A x12=00000019 x14=00000018 
Time: 1925 ns  Iteration: 0  Process: /tb_cpu/monitor  File: /media/nisitha/My_Passport/MOODLE/Vivado_projects/RISCV_VHDL/rtl/sim/cpu/tb_cpu.vhd
Note: [INST] Addr=000002B4, Word=173, Instuction=00D00093, Mnemonic=addi x1, x0, 0000000D
Time: 1935 ns  Iteration: 0  Process: /tb_cpu/monitor  File: /media/nisitha/My_Passport/MOODLE/Vivado_projects/RISCV_VHDL/rtl/sim/cpu/tb_cpu.vhd
Note: [REGS] x1=0000000D x2=0000000B x3=00000014 x4=00000001 x5=00000002 x6=00000018 x7=0000001A x11=0000001A x12=00000019 x14=00000018 
Time: 1935 ns  Iteration: 0  Process: /tb_cpu/monitor  File: /media/nisitha/My_Passport/MOODLE/Vivado_projects/RISCV_VHDL/rtl/sim/cpu/tb_cpu.vhd
Note: [INST] Addr=000002B8, Word=174, Instuction=00B00113, Mnemonic=addi x2, x0, 0000000B
Time: 1945 ns  Iteration: 0  Process: /tb_cpu/monitor  File: /media/nisitha/My_Passport/MOODLE/Vivado_projects/RISCV_VHDL/rtl/sim/cpu/tb_cpu.vhd
Note: [REGS] x1=0000000D x2=0000000B x3=00000014 x4=00000001 x5=00000002 x6=00000018 x7=0000001A x11=0000001A x12=00000019 x14=00000018 
Time: 1945 ns  Iteration: 0  Process: /tb_cpu/monitor  File: /media/nisitha/My_Passport/MOODLE/Vivado_projects/RISCV_VHDL/rtl/sim/cpu/tb_cpu.vhd
Note: [INST] Addr=000002BC, Word=175, Instuction=00208733, Mnemonic=add x14, x1, x2
Time: 1955 ns  Iteration: 0  Process: /tb_cpu/monitor  File: /media/nisitha/My_Passport/MOODLE/Vivado_projects/RISCV_VHDL/rtl/sim/cpu/tb_cpu.vhd
Note: [REGS] x1=0000000D x2=0000000B x3=00000014 x4=00000001 x5=00000002 x6=00000018 x7=0000001A x11=0000001A x12=00000019 x14=00000018 
Time: 1955 ns  Iteration: 0  Process: /tb_cpu/monitor  File: /media/nisitha/My_Passport/MOODLE/Vivado_projects/RISCV_VHDL/rtl/sim/cpu/tb_cpu.vhd
Note: [INST] Addr=000002C0, Word=176, Instuction=00070313, Mnemonic=addi x6, x14, 00000000
Time: 1965 ns  Iteration: 0  Process: /tb_cpu/monitor  File: /media/nisitha/My_Passport/MOODLE/Vivado_projects/RISCV_VHDL/rtl/sim/cpu/tb_cpu.vhd
Note: [REGS] x1=0000000D x2=0000000B x3=00000014 x4=00000001 x5=00000002 x6=00000018 x7=0000001A x11=0000001A x12=00000019 x14=00000018 
Time: 1965 ns  Iteration: 0  Process: /tb_cpu/monitor  File: /media/nisitha/My_Passport/MOODLE/Vivado_projects/RISCV_VHDL/rtl/sim/cpu/tb_cpu.vhd
Note: [INST] Addr=000002C4, Word=177, Instuction=00120213, Mnemonic=addi x4, x4, 00000001
Time: 1975 ns  Iteration: 0  Process: /tb_cpu/monitor  File: /media/nisitha/My_Passport/MOODLE/Vivado_projects/RISCV_VHDL/rtl/sim/cpu/tb_cpu.vhd
Note: [REGS] x1=0000000D x2=0000000B x3=00000014 x4=00000002 x5=00000002 x6=00000018 x7=0000001A x11=0000001A x12=00000019 x14=00000018 
Time: 1975 ns  Iteration: 0  Process: /tb_cpu/monitor  File: /media/nisitha/My_Passport/MOODLE/Vivado_projects/RISCV_VHDL/rtl/sim/cpu/tb_cpu.vhd
Note: [INST] Addr=000002C8, Word=178, Instuction=00200293, Mnemonic=addi x5, x0, 00000002
Time: 1985 ns  Iteration: 0  Process: /tb_cpu/monitor  File: /media/nisitha/My_Passport/MOODLE/Vivado_projects/RISCV_VHDL/rtl/sim/cpu/tb_cpu.vhd
Note: [REGS] x1=0000000D x2=0000000B x3=00000014 x4=00000002 x5=00000002 x6=00000018 x7=0000001A x11=0000001A x12=00000019 x14=00000018 
Time: 1985 ns  Iteration: 0  Process: /tb_cpu/monitor  File: /media/nisitha/My_Passport/MOODLE/Vivado_projects/RISCV_VHDL/rtl/sim/cpu/tb_cpu.vhd
Note: [INST] Addr=000002CC, Word=179, Instuction=FE5214E3, Mnemonic=bne x4, x5, FFFFFFE8
Time: 1995 ns  Iteration: 0  Process: /tb_cpu/monitor  File: /media/nisitha/My_Passport/MOODLE/Vivado_projects/RISCV_VHDL/rtl/sim/cpu/tb_cpu.vhd
Note: [REGS] x1=0000000D x2=0000000B x3=00000014 x4=00000002 x5=00000002 x6=00000018 x7=0000001A x11=0000001A x12=00000019 x14=00000018 
Time: 1995 ns  Iteration: 0  Process: /tb_cpu/monitor  File: /media/nisitha/My_Passport/MOODLE/Vivado_projects/RISCV_VHDL/rtl/sim/cpu/tb_cpu.vhd
Note: [INST] Addr=000002D0, Word=180, Instuction=01800393, Mnemonic=addi x7, x0, 00000018
Time: 2005 ns  Iteration: 0  Process: /tb_cpu/monitor  File: /media/nisitha/My_Passport/MOODLE/Vivado_projects/RISCV_VHDL/rtl/sim/cpu/tb_cpu.vhd
Note: [REGS] x1=0000000D x2=0000000B x3=00000014 x4=00000002 x5=00000002 x6=00000018 x7=00000018 x11=0000001A x12=00000019 x14=00000018 
Time: 2005 ns  Iteration: 0  Process: /tb_cpu/monitor  File: /media/nisitha/My_Passport/MOODLE/Vivado_projects/RISCV_VHDL/rtl/sim/cpu/tb_cpu.vhd
Note: [INST] Addr=000002D4, Word=181, Instuction=2C731E63, Mnemonic=bne x6, x7, 000002DC
Time: 2015 ns  Iteration: 0  Process: /tb_cpu/monitor  File: /media/nisitha/My_Passport/MOODLE/Vivado_projects/RISCV_VHDL/rtl/sim/cpu/tb_cpu.vhd
Note: [REGS] x1=0000000D x2=0000000B x3=00000014 x4=00000002 x5=00000002 x6=00000018 x7=00000018 x11=0000001A x12=00000019 x14=00000018 
Time: 2015 ns  Iteration: 0  Process: /tb_cpu/monitor  File: /media/nisitha/My_Passport/MOODLE/Vivado_projects/RISCV_VHDL/rtl/sim/cpu/tb_cpu.vhd
Note: [INST] Addr=000002D8, Word=182, Instuction=01500193, Mnemonic=addi x3, x0, 00000015
Time: 2025 ns  Iteration: 0  Process: /tb_cpu/monitor  File: /media/nisitha/My_Passport/MOODLE/Vivado_projects/RISCV_VHDL/rtl/sim/cpu/tb_cpu.vhd
Note: [REGS] x1=0000000D x2=0000000B x3=00000015 x4=00000002 x5=00000002 x6=00000018 x7=00000018 x11=0000001A x12=00000019 x14=00000018 
Time: 2025 ns  Iteration: 0  Process: /tb_cpu/monitor  File: /media/nisitha/My_Passport/MOODLE/Vivado_projects/RISCV_VHDL/rtl/sim/cpu/tb_cpu.vhd
Note: [INST] Addr=000002DC, Word=183, Instuction=00000213, Mnemonic=addi x4, x0, 00000000
Time: 2035 ns  Iteration: 0  Process: /tb_cpu/monitor  File: /media/nisitha/My_Passport/MOODLE/Vivado_projects/RISCV_VHDL/rtl/sim/cpu/tb_cpu.vhd
Note: [REGS] x1=0000000D x2=0000000B x3=00000015 x5=00000002 x6=00000018 x7=00000018 x11=0000001A x12=00000019 x14=00000018 
Time: 2035 ns  Iteration: 0  Process: /tb_cpu/monitor  File: /media/nisitha/My_Passport/MOODLE/Vivado_projects/RISCV_VHDL/rtl/sim/cpu/tb_cpu.vhd
Note: [INST] Addr=000002E0, Word=184, Instuction=00E00093, Mnemonic=addi x1, x0, 0000000E
Time: 2045 ns  Iteration: 0  Process: /tb_cpu/monitor  File: /media/nisitha/My_Passport/MOODLE/Vivado_projects/RISCV_VHDL/rtl/sim/cpu/tb_cpu.vhd
Note: [REGS] x1=0000000E x2=0000000B x3=00000015 x5=00000002 x6=00000018 x7=00000018 x11=0000001A x12=00000019 x14=00000018 
Time: 2045 ns  Iteration: 0  Process: /tb_cpu/monitor  File: /media/nisitha/My_Passport/MOODLE/Vivado_projects/RISCV_VHDL/rtl/sim/cpu/tb_cpu.vhd
Note: [INST] Addr=000002E4, Word=185, Instuction=00B00113, Mnemonic=addi x2, x0, 0000000B
Time: 2055 ns  Iteration: 0  Process: /tb_cpu/monitor  File: /media/nisitha/My_Passport/MOODLE/Vivado_projects/RISCV_VHDL/rtl/sim/cpu/tb_cpu.vhd
Note: [REGS] x1=0000000E x2=0000000B x3=00000015 x5=00000002 x6=00000018 x7=00000018 x11=0000001A x12=00000019 x14=00000018 
Time: 2055 ns  Iteration: 0  Process: /tb_cpu/monitor  File: /media/nisitha/My_Passport/MOODLE/Vivado_projects/RISCV_VHDL/rtl/sim/cpu/tb_cpu.vhd
Note: [INST] Addr=000002E8, Word=186, Instuction=00208733, Mnemonic=add x14, x1, x2
Time: 2065 ns  Iteration: 0  Process: /tb_cpu/monitor  File: /media/nisitha/My_Passport/MOODLE/Vivado_projects/RISCV_VHDL/rtl/sim/cpu/tb_cpu.vhd
Note: [REGS] x1=0000000E x2=0000000B x3=00000015 x5=00000002 x6=00000018 x7=00000018 x11=0000001A x12=00000019 x14=00000019 
Time: 2065 ns  Iteration: 0  Process: /tb_cpu/monitor  File: /media/nisitha/My_Passport/MOODLE/Vivado_projects/RISCV_VHDL/rtl/sim/cpu/tb_cpu.vhd
Note: [INST] Addr=000002EC, Word=187, Instuction=00000013, Mnemonic=addi x0, x0, 00000000
Time: 2075 ns  Iteration: 0  Process: /tb_cpu/monitor  File: /media/nisitha/My_Passport/MOODLE/Vivado_projects/RISCV_VHDL/rtl/sim/cpu/tb_cpu.vhd
Note: [REGS] x1=0000000E x2=0000000B x3=00000015 x5=00000002 x6=00000018 x7=00000018 x11=0000001A x12=00000019 x14=00000019 
Time: 2075 ns  Iteration: 0  Process: /tb_cpu/monitor  File: /media/nisitha/My_Passport/MOODLE/Vivado_projects/RISCV_VHDL/rtl/sim/cpu/tb_cpu.vhd
Note: [INST] Addr=000002F0, Word=188, Instuction=00070313, Mnemonic=addi x6, x14, 00000000
Time: 2085 ns  Iteration: 0  Process: /tb_cpu/monitor  File: /media/nisitha/My_Passport/MOODLE/Vivado_projects/RISCV_VHDL/rtl/sim/cpu/tb_cpu.vhd
Note: [REGS] x1=0000000E x2=0000000B x3=00000015 x5=00000002 x6=00000019 x7=00000018 x11=0000001A x12=00000019 x14=00000019 
Time: 2085 ns  Iteration: 0  Process: /tb_cpu/monitor  File: /media/nisitha/My_Passport/MOODLE/Vivado_projects/RISCV_VHDL/rtl/sim/cpu/tb_cpu.vhd
Note: [INST] Addr=000002F4, Word=189, Instuction=00120213, Mnemonic=addi x4, x4, 00000001
Time: 2095 ns  Iteration: 0  Process: /tb_cpu/monitor  File: /media/nisitha/My_Passport/MOODLE/Vivado_projects/RISCV_VHDL/rtl/sim/cpu/tb_cpu.vhd
Note: [REGS] x1=0000000E x2=0000000B x3=00000015 x4=00000001 x5=00000002 x6=00000019 x7=00000018 x11=0000001A x12=00000019 x14=00000019 
Time: 2095 ns  Iteration: 0  Process: /tb_cpu/monitor  File: /media/nisitha/My_Passport/MOODLE/Vivado_projects/RISCV_VHDL/rtl/sim/cpu/tb_cpu.vhd
Note: [INST] Addr=000002F8, Word=190, Instuction=00200293, Mnemonic=addi x5, x0, 00000002
Time: 2105 ns  Iteration: 0  Process: /tb_cpu/monitor  File: /media/nisitha/My_Passport/MOODLE/Vivado_projects/RISCV_VHDL/rtl/sim/cpu/tb_cpu.vhd
Note: [REGS] x1=0000000E x2=0000000B x3=00000015 x4=00000001 x5=00000002 x6=00000019 x7=00000018 x11=0000001A x12=00000019 x14=00000019 
Time: 2105 ns  Iteration: 0  Process: /tb_cpu/monitor  File: /media/nisitha/My_Passport/MOODLE/Vivado_projects/RISCV_VHDL/rtl/sim/cpu/tb_cpu.vhd
Note: [INST] Addr=000002FC, Word=191, Instuction=FE5212E3, Mnemonic=bne x4, x5, FFFFFFE4
Time: 2115 ns  Iteration: 0  Process: /tb_cpu/monitor  File: /media/nisitha/My_Passport/MOODLE/Vivado_projects/RISCV_VHDL/rtl/sim/cpu/tb_cpu.vhd
Note: [REGS] x1=0000000E x2=0000000B x3=00000015 x4=00000001 x5=00000002 x6=00000019 x7=00000018 x11=0000001A x12=00000019 x14=00000019 
Time: 2115 ns  Iteration: 0  Process: /tb_cpu/monitor  File: /media/nisitha/My_Passport/MOODLE/Vivado_projects/RISCV_VHDL/rtl/sim/cpu/tb_cpu.vhd
Note: [INST] Addr=000002E0, Word=184, Instuction=00E00093, Mnemonic=addi x1, x0, 0000000E
Time: 2125 ns  Iteration: 0  Process: /tb_cpu/monitor  File: /media/nisitha/My_Passport/MOODLE/Vivado_projects/RISCV_VHDL/rtl/sim/cpu/tb_cpu.vhd
Note: [REGS] x1=0000000E x2=0000000B x3=00000015 x4=00000001 x5=00000002 x6=00000019 x7=00000018 x11=0000001A x12=00000019 x14=00000019 
Time: 2125 ns  Iteration: 0  Process: /tb_cpu/monitor  File: /media/nisitha/My_Passport/MOODLE/Vivado_projects/RISCV_VHDL/rtl/sim/cpu/tb_cpu.vhd
Note: [INST] Addr=000002E4, Word=185, Instuction=00B00113, Mnemonic=addi x2, x0, 0000000B
Time: 2135 ns  Iteration: 0  Process: /tb_cpu/monitor  File: /media/nisitha/My_Passport/MOODLE/Vivado_projects/RISCV_VHDL/rtl/sim/cpu/tb_cpu.vhd
Note: [REGS] x1=0000000E x2=0000000B x3=00000015 x4=00000001 x5=00000002 x6=00000019 x7=00000018 x11=0000001A x12=00000019 x14=00000019 
Time: 2135 ns  Iteration: 0  Process: /tb_cpu/monitor  File: /media/nisitha/My_Passport/MOODLE/Vivado_projects/RISCV_VHDL/rtl/sim/cpu/tb_cpu.vhd
Note: [INST] Addr=000002E8, Word=186, Instuction=00208733, Mnemonic=add x14, x1, x2
Time: 2145 ns  Iteration: 0  Process: /tb_cpu/monitor  File: /media/nisitha/My_Passport/MOODLE/Vivado_projects/RISCV_VHDL/rtl/sim/cpu/tb_cpu.vhd
Note: [REGS] x1=0000000E x2=0000000B x3=00000015 x4=00000001 x5=00000002 x6=00000019 x7=00000018 x11=0000001A x12=00000019 x14=00000019 
Time: 2145 ns  Iteration: 0  Process: /tb_cpu/monitor  File: /media/nisitha/My_Passport/MOODLE/Vivado_projects/RISCV_VHDL/rtl/sim/cpu/tb_cpu.vhd
Note: [INST] Addr=000002EC, Word=187, Instuction=00000013, Mnemonic=addi x0, x0, 00000000
Time: 2155 ns  Iteration: 0  Process: /tb_cpu/monitor  File: /media/nisitha/My_Passport/MOODLE/Vivado_projects/RISCV_VHDL/rtl/sim/cpu/tb_cpu.vhd
Note: [REGS] x1=0000000E x2=0000000B x3=00000015 x4=00000001 x5=00000002 x6=00000019 x7=00000018 x11=0000001A x12=00000019 x14=00000019 
Time: 2155 ns  Iteration: 0  Process: /tb_cpu/monitor  File: /media/nisitha/My_Passport/MOODLE/Vivado_projects/RISCV_VHDL/rtl/sim/cpu/tb_cpu.vhd
Note: [INST] Addr=000002F0, Word=188, Instuction=00070313, Mnemonic=addi x6, x14, 00000000
Time: 2165 ns  Iteration: 0  Process: /tb_cpu/monitor  File: /media/nisitha/My_Passport/MOODLE/Vivado_projects/RISCV_VHDL/rtl/sim/cpu/tb_cpu.vhd
Note: [REGS] x1=0000000E x2=0000000B x3=00000015 x4=00000001 x5=00000002 x6=00000019 x7=00000018 x11=0000001A x12=00000019 x14=00000019 
Time: 2165 ns  Iteration: 0  Process: /tb_cpu/monitor  File: /media/nisitha/My_Passport/MOODLE/Vivado_projects/RISCV_VHDL/rtl/sim/cpu/tb_cpu.vhd
Note: [INST] Addr=000002F4, Word=189, Instuction=00120213, Mnemonic=addi x4, x4, 00000001
Time: 2175 ns  Iteration: 0  Process: /tb_cpu/monitor  File: /media/nisitha/My_Passport/MOODLE/Vivado_projects/RISCV_VHDL/rtl/sim/cpu/tb_cpu.vhd
Note: [REGS] x1=0000000E x2=0000000B x3=00000015 x4=00000002 x5=00000002 x6=00000019 x7=00000018 x11=0000001A x12=00000019 x14=00000019 
Time: 2175 ns  Iteration: 0  Process: /tb_cpu/monitor  File: /media/nisitha/My_Passport/MOODLE/Vivado_projects/RISCV_VHDL/rtl/sim/cpu/tb_cpu.vhd
Note: [INST] Addr=000002F8, Word=190, Instuction=00200293, Mnemonic=addi x5, x0, 00000002
Time: 2185 ns  Iteration: 0  Process: /tb_cpu/monitor  File: /media/nisitha/My_Passport/MOODLE/Vivado_projects/RISCV_VHDL/rtl/sim/cpu/tb_cpu.vhd
Note: [REGS] x1=0000000E x2=0000000B x3=00000015 x4=00000002 x5=00000002 x6=00000019 x7=00000018 x11=0000001A x12=00000019 x14=00000019 
Time: 2185 ns  Iteration: 0  Process: /tb_cpu/monitor  File: /media/nisitha/My_Passport/MOODLE/Vivado_projects/RISCV_VHDL/rtl/sim/cpu/tb_cpu.vhd
Note: [INST] Addr=000002FC, Word=191, Instuction=FE5212E3, Mnemonic=bne x4, x5, FFFFFFE4
Time: 2195 ns  Iteration: 0  Process: /tb_cpu/monitor  File: /media/nisitha/My_Passport/MOODLE/Vivado_projects/RISCV_VHDL/rtl/sim/cpu/tb_cpu.vhd
Note: [REGS] x1=0000000E x2=0000000B x3=00000015 x4=00000002 x5=00000002 x6=00000019 x7=00000018 x11=0000001A x12=00000019 x14=00000019 
Time: 2195 ns  Iteration: 0  Process: /tb_cpu/monitor  File: /media/nisitha/My_Passport/MOODLE/Vivado_projects/RISCV_VHDL/rtl/sim/cpu/tb_cpu.vhd
Note: [INST] Addr=00000300, Word=192, Instuction=01900393, Mnemonic=addi x7, x0, 00000019
Time: 2205 ns  Iteration: 0  Process: /tb_cpu/monitor  File: /media/nisitha/My_Passport/MOODLE/Vivado_projects/RISCV_VHDL/rtl/sim/cpu/tb_cpu.vhd
Note: [REGS] x1=0000000E x2=0000000B x3=00000015 x4=00000002 x5=00000002 x6=00000019 x7=00000019 x11=0000001A x12=00000019 x14=00000019 
Time: 2205 ns  Iteration: 0  Process: /tb_cpu/monitor  File: /media/nisitha/My_Passport/MOODLE/Vivado_projects/RISCV_VHDL/rtl/sim/cpu/tb_cpu.vhd
Note: [INST] Addr=00000304, Word=193, Instuction=2A731663, Mnemonic=bne x6, x7, 000002AC
Time: 2215 ns  Iteration: 0  Process: /tb_cpu/monitor  File: /media/nisitha/My_Passport/MOODLE/Vivado_projects/RISCV_VHDL/rtl/sim/cpu/tb_cpu.vhd
Note: [REGS] x1=0000000E x2=0000000B x3=00000015 x4=00000002 x5=00000002 x6=00000019 x7=00000019 x11=0000001A x12=00000019 x14=00000019 
Time: 2215 ns  Iteration: 0  Process: /tb_cpu/monitor  File: /media/nisitha/My_Passport/MOODLE/Vivado_projects/RISCV_VHDL/rtl/sim/cpu/tb_cpu.vhd
Note: [INST] Addr=00000308, Word=194, Instuction=01600193, Mnemonic=addi x3, x0, 00000016
Time: 2225 ns  Iteration: 0  Process: /tb_cpu/monitor  File: /media/nisitha/My_Passport/MOODLE/Vivado_projects/RISCV_VHDL/rtl/sim/cpu/tb_cpu.vhd
Note: [REGS] x1=0000000E x2=0000000B x3=00000016 x4=00000002 x5=00000002 x6=00000019 x7=00000019 x11=0000001A x12=00000019 x14=00000019 
Time: 2225 ns  Iteration: 0  Process: /tb_cpu/monitor  File: /media/nisitha/My_Passport/MOODLE/Vivado_projects/RISCV_VHDL/rtl/sim/cpu/tb_cpu.vhd
Note: [INST] Addr=0000030C, Word=195, Instuction=00000213, Mnemonic=addi x4, x0, 00000000
Time: 2235 ns  Iteration: 0  Process: /tb_cpu/monitor  File: /media/nisitha/My_Passport/MOODLE/Vivado_projects/RISCV_VHDL/rtl/sim/cpu/tb_cpu.vhd
Note: [REGS] x1=0000000E x2=0000000B x3=00000016 x5=00000002 x6=00000019 x7=00000019 x11=0000001A x12=00000019 x14=00000019 
Time: 2235 ns  Iteration: 0  Process: /tb_cpu/monitor  File: /media/nisitha/My_Passport/MOODLE/Vivado_projects/RISCV_VHDL/rtl/sim/cpu/tb_cpu.vhd
Note: [INST] Addr=00000310, Word=196, Instuction=00F00093, Mnemonic=addi x1, x0, 0000000F
Time: 2245 ns  Iteration: 0  Process: /tb_cpu/monitor  File: /media/nisitha/My_Passport/MOODLE/Vivado_projects/RISCV_VHDL/rtl/sim/cpu/tb_cpu.vhd
Note: [REGS] x1=0000000F x2=0000000B x3=00000016 x5=00000002 x6=00000019 x7=00000019 x11=0000001A x12=00000019 x14=00000019 
Time: 2245 ns  Iteration: 0  Process: /tb_cpu/monitor  File: /media/nisitha/My_Passport/MOODLE/Vivado_projects/RISCV_VHDL/rtl/sim/cpu/tb_cpu.vhd
Note: [INST] Addr=00000314, Word=197, Instuction=00B00113, Mnemonic=addi x2, x0, 0000000B
Time: 2255 ns  Iteration: 0  Process: /tb_cpu/monitor  File: /media/nisitha/My_Passport/MOODLE/Vivado_projects/RISCV_VHDL/rtl/sim/cpu/tb_cpu.vhd
Note: [REGS] x1=0000000F x2=0000000B x3=00000016 x5=00000002 x6=00000019 x7=00000019 x11=0000001A x12=00000019 x14=00000019 
Time: 2255 ns  Iteration: 0  Process: /tb_cpu/monitor  File: /media/nisitha/My_Passport/MOODLE/Vivado_projects/RISCV_VHDL/rtl/sim/cpu/tb_cpu.vhd
Note: [INST] Addr=00000318, Word=198, Instuction=00208733, Mnemonic=add x14, x1, x2
Time: 2265 ns  Iteration: 0  Process: /tb_cpu/monitor  File: /media/nisitha/My_Passport/MOODLE/Vivado_projects/RISCV_VHDL/rtl/sim/cpu/tb_cpu.vhd
Note: [REGS] x1=0000000F x2=0000000B x3=00000016 x5=00000002 x6=00000019 x7=00000019 x11=0000001A x12=00000019 x14=0000001A 
Time: 2265 ns  Iteration: 0  Process: /tb_cpu/monitor  File: /media/nisitha/My_Passport/MOODLE/Vivado_projects/RISCV_VHDL/rtl/sim/cpu/tb_cpu.vhd
Note: [INST] Addr=0000031C, Word=199, Instuction=00000013, Mnemonic=addi x0, x0, 00000000
Time: 2275 ns  Iteration: 0  Process: /tb_cpu/monitor  File: /media/nisitha/My_Passport/MOODLE/Vivado_projects/RISCV_VHDL/rtl/sim/cpu/tb_cpu.vhd
Note: [REGS] x1=0000000F x2=0000000B x3=00000016 x5=00000002 x6=00000019 x7=00000019 x11=0000001A x12=00000019 x14=0000001A 
Time: 2275 ns  Iteration: 0  Process: /tb_cpu/monitor  File: /media/nisitha/My_Passport/MOODLE/Vivado_projects/RISCV_VHDL/rtl/sim/cpu/tb_cpu.vhd
Note: [INST] Addr=00000320, Word=200, Instuction=00000013, Mnemonic=addi x0, x0, 00000000
Time: 2285 ns  Iteration: 0  Process: /tb_cpu/monitor  File: /media/nisitha/My_Passport/MOODLE/Vivado_projects/RISCV_VHDL/rtl/sim/cpu/tb_cpu.vhd
Note: [REGS] x1=0000000F x2=0000000B x3=00000016 x5=00000002 x6=00000019 x7=00000019 x11=0000001A x12=00000019 x14=0000001A 
Time: 2285 ns  Iteration: 0  Process: /tb_cpu/monitor  File: /media/nisitha/My_Passport/MOODLE/Vivado_projects/RISCV_VHDL/rtl/sim/cpu/tb_cpu.vhd
Note: [INST] Addr=00000324, Word=201, Instuction=00070313, Mnemonic=addi x6, x14, 00000000
Time: 2295 ns  Iteration: 0  Process: /tb_cpu/monitor  File: /media/nisitha/My_Passport/MOODLE/Vivado_projects/RISCV_VHDL/rtl/sim/cpu/tb_cpu.vhd
Note: [REGS] x1=0000000F x2=0000000B x3=00000016 x5=00000002 x6=0000001A x7=00000019 x11=0000001A x12=00000019 x14=0000001A 
Time: 2295 ns  Iteration: 0  Process: /tb_cpu/monitor  File: /media/nisitha/My_Passport/MOODLE/Vivado_projects/RISCV_VHDL/rtl/sim/cpu/tb_cpu.vhd
Note: [INST] Addr=00000328, Word=202, Instuction=00120213, Mnemonic=addi x4, x4, 00000001
Time: 2305 ns  Iteration: 0  Process: /tb_cpu/monitor  File: /media/nisitha/My_Passport/MOODLE/Vivado_projects/RISCV_VHDL/rtl/sim/cpu/tb_cpu.vhd
Note: [REGS] x1=0000000F x2=0000000B x3=00000016 x4=00000001 x5=00000002 x6=0000001A x7=00000019 x11=0000001A x12=00000019 x14=0000001A 
Time: 2305 ns  Iteration: 0  Process: /tb_cpu/monitor  File: /media/nisitha/My_Passport/MOODLE/Vivado_projects/RISCV_VHDL/rtl/sim/cpu/tb_cpu.vhd
Note: [INST] Addr=0000032C, Word=203, Instuction=00200293, Mnemonic=addi x5, x0, 00000002
Time: 2315 ns  Iteration: 0  Process: /tb_cpu/monitor  File: /media/nisitha/My_Passport/MOODLE/Vivado_projects/RISCV_VHDL/rtl/sim/cpu/tb_cpu.vhd
Note: [REGS] x1=0000000F x2=0000000B x3=00000016 x4=00000001 x5=00000002 x6=0000001A x7=00000019 x11=0000001A x12=00000019 x14=0000001A 
Time: 2315 ns  Iteration: 0  Process: /tb_cpu/monitor  File: /media/nisitha/My_Passport/MOODLE/Vivado_projects/RISCV_VHDL/rtl/sim/cpu/tb_cpu.vhd
Note: [INST] Addr=00000330, Word=204, Instuction=FE5210E3, Mnemonic=bne x4, x5, FFFFFFE0
Time: 2325 ns  Iteration: 0  Process: /tb_cpu/monitor  File: /media/nisitha/My_Passport/MOODLE/Vivado_projects/RISCV_VHDL/rtl/sim/cpu/tb_cpu.vhd
Note: [REGS] x1=0000000F x2=0000000B x3=00000016 x4=00000001 x5=00000002 x6=0000001A x7=00000019 x11=0000001A x12=00000019 x14=0000001A 
Time: 2325 ns  Iteration: 0  Process: /tb_cpu/monitor  File: /media/nisitha/My_Passport/MOODLE/Vivado_projects/RISCV_VHDL/rtl/sim/cpu/tb_cpu.vhd
Note: [INST] Addr=00000310, Word=196, Instuction=00F00093, Mnemonic=addi x1, x0, 0000000F
Time: 2335 ns  Iteration: 0  Process: /tb_cpu/monitor  File: /media/nisitha/My_Passport/MOODLE/Vivado_projects/RISCV_VHDL/rtl/sim/cpu/tb_cpu.vhd
Note: [REGS] x1=0000000F x2=0000000B x3=00000016 x4=00000001 x5=00000002 x6=0000001A x7=00000019 x11=0000001A x12=00000019 x14=0000001A 
Time: 2335 ns  Iteration: 0  Process: /tb_cpu/monitor  File: /media/nisitha/My_Passport/MOODLE/Vivado_projects/RISCV_VHDL/rtl/sim/cpu/tb_cpu.vhd
Note: [INST] Addr=00000314, Word=197, Instuction=00B00113, Mnemonic=addi x2, x0, 0000000B
Time: 2345 ns  Iteration: 0  Process: /tb_cpu/monitor  File: /media/nisitha/My_Passport/MOODLE/Vivado_projects/RISCV_VHDL/rtl/sim/cpu/tb_cpu.vhd
Note: [REGS] x1=0000000F x2=0000000B x3=00000016 x4=00000001 x5=00000002 x6=0000001A x7=00000019 x11=0000001A x12=00000019 x14=0000001A 
Time: 2345 ns  Iteration: 0  Process: /tb_cpu/monitor  File: /media/nisitha/My_Passport/MOODLE/Vivado_projects/RISCV_VHDL/rtl/sim/cpu/tb_cpu.vhd
Note: [INST] Addr=00000318, Word=198, Instuction=00208733, Mnemonic=add x14, x1, x2
Time: 2355 ns  Iteration: 0  Process: /tb_cpu/monitor  File: /media/nisitha/My_Passport/MOODLE/Vivado_projects/RISCV_VHDL/rtl/sim/cpu/tb_cpu.vhd
Note: [REGS] x1=0000000F x2=0000000B x3=00000016 x4=00000001 x5=00000002 x6=0000001A x7=00000019 x11=0000001A x12=00000019 x14=0000001A 
Time: 2355 ns  Iteration: 0  Process: /tb_cpu/monitor  File: /media/nisitha/My_Passport/MOODLE/Vivado_projects/RISCV_VHDL/rtl/sim/cpu/tb_cpu.vhd
Note: [INST] Addr=0000031C, Word=199, Instuction=00000013, Mnemonic=addi x0, x0, 00000000
Time: 2365 ns  Iteration: 0  Process: /tb_cpu/monitor  File: /media/nisitha/My_Passport/MOODLE/Vivado_projects/RISCV_VHDL/rtl/sim/cpu/tb_cpu.vhd
Note: [REGS] x1=0000000F x2=0000000B x3=00000016 x4=00000001 x5=00000002 x6=0000001A x7=00000019 x11=0000001A x12=00000019 x14=0000001A 
Time: 2365 ns  Iteration: 0  Process: /tb_cpu/monitor  File: /media/nisitha/My_Passport/MOODLE/Vivado_projects/RISCV_VHDL/rtl/sim/cpu/tb_cpu.vhd
Note: [INST] Addr=00000320, Word=200, Instuction=00000013, Mnemonic=addi x0, x0, 00000000
Time: 2375 ns  Iteration: 0  Process: /tb_cpu/monitor  File: /media/nisitha/My_Passport/MOODLE/Vivado_projects/RISCV_VHDL/rtl/sim/cpu/tb_cpu.vhd
Note: [REGS] x1=0000000F x2=0000000B x3=00000016 x4=00000001 x5=00000002 x6=0000001A x7=00000019 x11=0000001A x12=00000019 x14=0000001A 
Time: 2375 ns  Iteration: 0  Process: /tb_cpu/monitor  File: /media/nisitha/My_Passport/MOODLE/Vivado_projects/RISCV_VHDL/rtl/sim/cpu/tb_cpu.vhd
Note: [INST] Addr=00000324, Word=201, Instuction=00070313, Mnemonic=addi x6, x14, 00000000
Time: 2385 ns  Iteration: 0  Process: /tb_cpu/monitor  File: /media/nisitha/My_Passport/MOODLE/Vivado_projects/RISCV_VHDL/rtl/sim/cpu/tb_cpu.vhd
Note: [REGS] x1=0000000F x2=0000000B x3=00000016 x4=00000001 x5=00000002 x6=0000001A x7=00000019 x11=0000001A x12=00000019 x14=0000001A 
Time: 2385 ns  Iteration: 0  Process: /tb_cpu/monitor  File: /media/nisitha/My_Passport/MOODLE/Vivado_projects/RISCV_VHDL/rtl/sim/cpu/tb_cpu.vhd
Note: [INST] Addr=00000328, Word=202, Instuction=00120213, Mnemonic=addi x4, x4, 00000001
Time: 2395 ns  Iteration: 0  Process: /tb_cpu/monitor  File: /media/nisitha/My_Passport/MOODLE/Vivado_projects/RISCV_VHDL/rtl/sim/cpu/tb_cpu.vhd
Note: [REGS] x1=0000000F x2=0000000B x3=00000016 x4=00000002 x5=00000002 x6=0000001A x7=00000019 x11=0000001A x12=00000019 x14=0000001A 
Time: 2395 ns  Iteration: 0  Process: /tb_cpu/monitor  File: /media/nisitha/My_Passport/MOODLE/Vivado_projects/RISCV_VHDL/rtl/sim/cpu/tb_cpu.vhd
Note: [INST] Addr=0000032C, Word=203, Instuction=00200293, Mnemonic=addi x5, x0, 00000002
Time: 2405 ns  Iteration: 0  Process: /tb_cpu/monitor  File: /media/nisitha/My_Passport/MOODLE/Vivado_projects/RISCV_VHDL/rtl/sim/cpu/tb_cpu.vhd
Note: [REGS] x1=0000000F x2=0000000B x3=00000016 x4=00000002 x5=00000002 x6=0000001A x7=00000019 x11=0000001A x12=00000019 x14=0000001A 
Time: 2405 ns  Iteration: 0  Process: /tb_cpu/monitor  File: /media/nisitha/My_Passport/MOODLE/Vivado_projects/RISCV_VHDL/rtl/sim/cpu/tb_cpu.vhd
Note: [INST] Addr=00000330, Word=204, Instuction=FE5210E3, Mnemonic=bne x4, x5, FFFFFFE0
Time: 2415 ns  Iteration: 0  Process: /tb_cpu/monitor  File: /media/nisitha/My_Passport/MOODLE/Vivado_projects/RISCV_VHDL/rtl/sim/cpu/tb_cpu.vhd
Note: [REGS] x1=0000000F x2=0000000B x3=00000016 x4=00000002 x5=00000002 x6=0000001A x7=00000019 x11=0000001A x12=00000019 x14=0000001A 
Time: 2415 ns  Iteration: 0  Process: /tb_cpu/monitor  File: /media/nisitha/My_Passport/MOODLE/Vivado_projects/RISCV_VHDL/rtl/sim/cpu/tb_cpu.vhd
Note: [INST] Addr=00000334, Word=205, Instuction=01A00393, Mnemonic=addi x7, x0, 0000001A
Time: 2425 ns  Iteration: 0  Process: /tb_cpu/monitor  File: /media/nisitha/My_Passport/MOODLE/Vivado_projects/RISCV_VHDL/rtl/sim/cpu/tb_cpu.vhd
Note: [REGS] x1=0000000F x2=0000000B x3=00000016 x4=00000002 x5=00000002 x6=0000001A x7=0000001A x11=0000001A x12=00000019 x14=0000001A 
Time: 2425 ns  Iteration: 0  Process: /tb_cpu/monitor  File: /media/nisitha/My_Passport/MOODLE/Vivado_projects/RISCV_VHDL/rtl/sim/cpu/tb_cpu.vhd
Note: [INST] Addr=00000338, Word=206, Instuction=26731C63, Mnemonic=bne x6, x7, 00000278
Time: 2435 ns  Iteration: 0  Process: /tb_cpu/monitor  File: /media/nisitha/My_Passport/MOODLE/Vivado_projects/RISCV_VHDL/rtl/sim/cpu/tb_cpu.vhd
Note: [REGS] x1=0000000F x2=0000000B x3=00000016 x4=00000002 x5=00000002 x6=0000001A x7=0000001A x11=0000001A x12=00000019 x14=0000001A 
Time: 2435 ns  Iteration: 0  Process: /tb_cpu/monitor  File: /media/nisitha/My_Passport/MOODLE/Vivado_projects/RISCV_VHDL/rtl/sim/cpu/tb_cpu.vhd
Note: [INST] Addr=0000033C, Word=207, Instuction=01700193, Mnemonic=addi x3, x0, 00000017
Time: 2445 ns  Iteration: 0  Process: /tb_cpu/monitor  File: /media/nisitha/My_Passport/MOODLE/Vivado_projects/RISCV_VHDL/rtl/sim/cpu/tb_cpu.vhd
Note: [REGS] x1=0000000F x2=0000000B x3=00000017 x4=00000002 x5=00000002 x6=0000001A x7=0000001A x11=0000001A x12=00000019 x14=0000001A 
Time: 2445 ns  Iteration: 0  Process: /tb_cpu/monitor  File: /media/nisitha/My_Passport/MOODLE/Vivado_projects/RISCV_VHDL/rtl/sim/cpu/tb_cpu.vhd
Note: [INST] Addr=00000340, Word=208, Instuction=00000213, Mnemonic=addi x4, x0, 00000000
Time: 2455 ns  Iteration: 0  Process: /tb_cpu/monitor  File: /media/nisitha/My_Passport/MOODLE/Vivado_projects/RISCV_VHDL/rtl/sim/cpu/tb_cpu.vhd
Note: [REGS] x1=0000000F x2=0000000B x3=00000017 x5=00000002 x6=0000001A x7=0000001A x11=0000001A x12=00000019 x14=0000001A 
Time: 2455 ns  Iteration: 0  Process: /tb_cpu/monitor  File: /media/nisitha/My_Passport/MOODLE/Vivado_projects/RISCV_VHDL/rtl/sim/cpu/tb_cpu.vhd
Note: [INST] Addr=00000344, Word=209, Instuction=00D00093, Mnemonic=addi x1, x0, 0000000D
Time: 2465 ns  Iteration: 0  Process: /tb_cpu/monitor  File: /media/nisitha/My_Passport/MOODLE/Vivado_projects/RISCV_VHDL/rtl/sim/cpu/tb_cpu.vhd
Note: [REGS] x1=0000000D x2=0000000B x3=00000017 x5=00000002 x6=0000001A x7=0000001A x11=0000001A x12=00000019 x14=0000001A 
Time: 2465 ns  Iteration: 0  Process: /tb_cpu/monitor  File: /media/nisitha/My_Passport/MOODLE/Vivado_projects/RISCV_VHDL/rtl/sim/cpu/tb_cpu.vhd
Note: [INST] Addr=00000348, Word=210, Instuction=00B00113, Mnemonic=addi x2, x0, 0000000B
Time: 2475 ns  Iteration: 0  Process: /tb_cpu/monitor  File: /media/nisitha/My_Passport/MOODLE/Vivado_projects/RISCV_VHDL/rtl/sim/cpu/tb_cpu.vhd
Note: [REGS] x1=0000000D x2=0000000B x3=00000017 x5=00000002 x6=0000001A x7=0000001A x11=0000001A x12=00000019 x14=0000001A 
Time: 2475 ns  Iteration: 0  Process: /tb_cpu/monitor  File: /media/nisitha/My_Passport/MOODLE/Vivado_projects/RISCV_VHDL/rtl/sim/cpu/tb_cpu.vhd
Note: [INST] Addr=0000034C, Word=211, Instuction=00208733, Mnemonic=add x14, x1, x2
Time: 2485 ns  Iteration: 0  Process: /tb_cpu/monitor  File: /media/nisitha/My_Passport/MOODLE/Vivado_projects/RISCV_VHDL/rtl/sim/cpu/tb_cpu.vhd
Note: [REGS] x1=0000000D x2=0000000B x3=00000017 x5=00000002 x6=0000001A x7=0000001A x11=0000001A x12=00000019 x14=00000018 
Time: 2485 ns  Iteration: 0  Process: /tb_cpu/monitor  File: /media/nisitha/My_Passport/MOODLE/Vivado_projects/RISCV_VHDL/rtl/sim/cpu/tb_cpu.vhd
Note: [INST] Addr=00000350, Word=212, Instuction=00120213, Mnemonic=addi x4, x4, 00000001
Time: 2495 ns  Iteration: 0  Process: /tb_cpu/monitor  File: /media/nisitha/My_Passport/MOODLE/Vivado_projects/RISCV_VHDL/rtl/sim/cpu/tb_cpu.vhd
Note: [REGS] x1=0000000D x2=0000000B x3=00000017 x4=00000001 x5=00000002 x6=0000001A x7=0000001A x11=0000001A x12=00000019 x14=00000018 
Time: 2495 ns  Iteration: 0  Process: /tb_cpu/monitor  File: /media/nisitha/My_Passport/MOODLE/Vivado_projects/RISCV_VHDL/rtl/sim/cpu/tb_cpu.vhd
Note: [INST] Addr=00000354, Word=213, Instuction=00200293, Mnemonic=addi x5, x0, 00000002
Time: 2505 ns  Iteration: 0  Process: /tb_cpu/monitor  File: /media/nisitha/My_Passport/MOODLE/Vivado_projects/RISCV_VHDL/rtl/sim/cpu/tb_cpu.vhd
Note: [REGS] x1=0000000D x2=0000000B x3=00000017 x4=00000001 x5=00000002 x6=0000001A x7=0000001A x11=0000001A x12=00000019 x14=00000018 
Time: 2505 ns  Iteration: 0  Process: /tb_cpu/monitor  File: /media/nisitha/My_Passport/MOODLE/Vivado_projects/RISCV_VHDL/rtl/sim/cpu/tb_cpu.vhd
Note: [INST] Addr=00000358, Word=214, Instuction=FE5216E3, Mnemonic=bne x4, x5, FFFFFFEC
Time: 2515 ns  Iteration: 0  Process: /tb_cpu/monitor  File: /media/nisitha/My_Passport/MOODLE/Vivado_projects/RISCV_VHDL/rtl/sim/cpu/tb_cpu.vhd
Note: [REGS] x1=0000000D x2=0000000B x3=00000017 x4=00000001 x5=00000002 x6=0000001A x7=0000001A x11=0000001A x12=00000019 x14=00000018 
Time: 2515 ns  Iteration: 0  Process: /tb_cpu/monitor  File: /media/nisitha/My_Passport/MOODLE/Vivado_projects/RISCV_VHDL/rtl/sim/cpu/tb_cpu.vhd
Note: [INST] Addr=00000344, Word=209, Instuction=00D00093, Mnemonic=addi x1, x0, 0000000D
Time: 2525 ns  Iteration: 0  Process: /tb_cpu/monitor  File: /media/nisitha/My_Passport/MOODLE/Vivado_projects/RISCV_VHDL/rtl/sim/cpu/tb_cpu.vhd
Note: [REGS] x1=0000000D x2=0000000B x3=00000017 x4=00000001 x5=00000002 x6=0000001A x7=0000001A x11=0000001A x12=00000019 x14=00000018 
Time: 2525 ns  Iteration: 0  Process: /tb_cpu/monitor  File: /media/nisitha/My_Passport/MOODLE/Vivado_projects/RISCV_VHDL/rtl/sim/cpu/tb_cpu.vhd
Note: [INST] Addr=00000348, Word=210, Instuction=00B00113, Mnemonic=addi x2, x0, 0000000B
Time: 2535 ns  Iteration: 0  Process: /tb_cpu/monitor  File: /media/nisitha/My_Passport/MOODLE/Vivado_projects/RISCV_VHDL/rtl/sim/cpu/tb_cpu.vhd
Note: [REGS] x1=0000000D x2=0000000B x3=00000017 x4=00000001 x5=00000002 x6=0000001A x7=0000001A x11=0000001A x12=00000019 x14=00000018 
Time: 2535 ns  Iteration: 0  Process: /tb_cpu/monitor  File: /media/nisitha/My_Passport/MOODLE/Vivado_projects/RISCV_VHDL/rtl/sim/cpu/tb_cpu.vhd
Note: [INST] Addr=0000034C, Word=211, Instuction=00208733, Mnemonic=add x14, x1, x2
Time: 2545 ns  Iteration: 0  Process: /tb_cpu/monitor  File: /media/nisitha/My_Passport/MOODLE/Vivado_projects/RISCV_VHDL/rtl/sim/cpu/tb_cpu.vhd
Note: [REGS] x1=0000000D x2=0000000B x3=00000017 x4=00000001 x5=00000002 x6=0000001A x7=0000001A x11=0000001A x12=00000019 x14=00000018 
Time: 2545 ns  Iteration: 0  Process: /tb_cpu/monitor  File: /media/nisitha/My_Passport/MOODLE/Vivado_projects/RISCV_VHDL/rtl/sim/cpu/tb_cpu.vhd
Note: [INST] Addr=00000350, Word=212, Instuction=00120213, Mnemonic=addi x4, x4, 00000001
Time: 2555 ns  Iteration: 0  Process: /tb_cpu/monitor  File: /media/nisitha/My_Passport/MOODLE/Vivado_projects/RISCV_VHDL/rtl/sim/cpu/tb_cpu.vhd
Note: [REGS] x1=0000000D x2=0000000B x3=00000017 x4=00000002 x5=00000002 x6=0000001A x7=0000001A x11=0000001A x12=00000019 x14=00000018 
Time: 2555 ns  Iteration: 0  Process: /tb_cpu/monitor  File: /media/nisitha/My_Passport/MOODLE/Vivado_projects/RISCV_VHDL/rtl/sim/cpu/tb_cpu.vhd
Note: [INST] Addr=00000354, Word=213, Instuction=00200293, Mnemonic=addi x5, x0, 00000002
Time: 2565 ns  Iteration: 0  Process: /tb_cpu/monitor  File: /media/nisitha/My_Passport/MOODLE/Vivado_projects/RISCV_VHDL/rtl/sim/cpu/tb_cpu.vhd
Note: [REGS] x1=0000000D x2=0000000B x3=00000017 x4=00000002 x5=00000002 x6=0000001A x7=0000001A x11=0000001A x12=00000019 x14=00000018 
Time: 2565 ns  Iteration: 0  Process: /tb_cpu/monitor  File: /media/nisitha/My_Passport/MOODLE/Vivado_projects/RISCV_VHDL/rtl/sim/cpu/tb_cpu.vhd
Note: [INST] Addr=00000358, Word=214, Instuction=FE5216E3, Mnemonic=bne x4, x5, FFFFFFEC
Time: 2575 ns  Iteration: 0  Process: /tb_cpu/monitor  File: /media/nisitha/My_Passport/MOODLE/Vivado_projects/RISCV_VHDL/rtl/sim/cpu/tb_cpu.vhd
Note: [REGS] x1=0000000D x2=0000000B x3=00000017 x4=00000002 x5=00000002 x6=0000001A x7=0000001A x11=0000001A x12=00000019 x14=00000018 
Time: 2575 ns  Iteration: 0  Process: /tb_cpu/monitor  File: /media/nisitha/My_Passport/MOODLE/Vivado_projects/RISCV_VHDL/rtl/sim/cpu/tb_cpu.vhd
Note: [INST] Addr=0000035C, Word=215, Instuction=01800393, Mnemonic=addi x7, x0, 00000018
Time: 2585 ns  Iteration: 0  Process: /tb_cpu/monitor  File: /media/nisitha/My_Passport/MOODLE/Vivado_projects/RISCV_VHDL/rtl/sim/cpu/tb_cpu.vhd
Note: [REGS] x1=0000000D x2=0000000B x3=00000017 x4=00000002 x5=00000002 x6=0000001A x7=00000018 x11=0000001A x12=00000019 x14=00000018 
Time: 2585 ns  Iteration: 0  Process: /tb_cpu/monitor  File: /media/nisitha/My_Passport/MOODLE/Vivado_projects/RISCV_VHDL/rtl/sim/cpu/tb_cpu.vhd
Note: [INST] Addr=00000360, Word=216, Instuction=24771863, Mnemonic=bne x14, x7, 00000250
Time: 2595 ns  Iteration: 0  Process: /tb_cpu/monitor  File: /media/nisitha/My_Passport/MOODLE/Vivado_projects/RISCV_VHDL/rtl/sim/cpu/tb_cpu.vhd
Note: [REGS] x1=0000000D x2=0000000B x3=00000017 x4=00000002 x5=00000002 x6=0000001A x7=00000018 x11=0000001A x12=00000019 x14=00000018 
Time: 2595 ns  Iteration: 0  Process: /tb_cpu/monitor  File: /media/nisitha/My_Passport/MOODLE/Vivado_projects/RISCV_VHDL/rtl/sim/cpu/tb_cpu.vhd
Note: [INST] Addr=00000364, Word=217, Instuction=01800193, Mnemonic=addi x3, x0, 00000018
Time: 2605 ns  Iteration: 0  Process: /tb_cpu/monitor  File: /media/nisitha/My_Passport/MOODLE/Vivado_projects/RISCV_VHDL/rtl/sim/cpu/tb_cpu.vhd
Note: [REGS] x1=0000000D x2=0000000B x3=00000018 x4=00000002 x5=00000002 x6=0000001A x7=00000018 x11=0000001A x12=00000019 x14=00000018 
Time: 2605 ns  Iteration: 0  Process: /tb_cpu/monitor  File: /media/nisitha/My_Passport/MOODLE/Vivado_projects/RISCV_VHDL/rtl/sim/cpu/tb_cpu.vhd
Note: [INST] Addr=00000368, Word=218, Instuction=00000213, Mnemonic=addi x4, x0, 00000000
Time: 2615 ns  Iteration: 0  Process: /tb_cpu/monitor  File: /media/nisitha/My_Passport/MOODLE/Vivado_projects/RISCV_VHDL/rtl/sim/cpu/tb_cpu.vhd
Note: [REGS] x1=0000000D x2=0000000B x3=00000018 x5=00000002 x6=0000001A x7=00000018 x11=0000001A x12=00000019 x14=00000018 
Time: 2615 ns  Iteration: 0  Process: /tb_cpu/monitor  File: /media/nisitha/My_Passport/MOODLE/Vivado_projects/RISCV_VHDL/rtl/sim/cpu/tb_cpu.vhd
Note: [INST] Addr=0000036C, Word=219, Instuction=00E00093, Mnemonic=addi x1, x0, 0000000E
Time: 2625 ns  Iteration: 0  Process: /tb_cpu/monitor  File: /media/nisitha/My_Passport/MOODLE/Vivado_projects/RISCV_VHDL/rtl/sim/cpu/tb_cpu.vhd
Note: [REGS] x1=0000000E x2=0000000B x3=00000018 x5=00000002 x6=0000001A x7=00000018 x11=0000001A x12=00000019 x14=00000018 
Time: 2625 ns  Iteration: 0  Process: /tb_cpu/monitor  File: /media/nisitha/My_Passport/MOODLE/Vivado_projects/RISCV_VHDL/rtl/sim/cpu/tb_cpu.vhd
Note: [INST] Addr=00000370, Word=220, Instuction=00B00113, Mnemonic=addi x2, x0, 0000000B
Time: 2635 ns  Iteration: 0  Process: /tb_cpu/monitor  File: /media/nisitha/My_Passport/MOODLE/Vivado_projects/RISCV_VHDL/rtl/sim/cpu/tb_cpu.vhd
Note: [REGS] x1=0000000E x2=0000000B x3=00000018 x5=00000002 x6=0000001A x7=00000018 x11=0000001A x12=00000019 x14=00000018 
Time: 2635 ns  Iteration: 0  Process: /tb_cpu/monitor  File: /media/nisitha/My_Passport/MOODLE/Vivado_projects/RISCV_VHDL/rtl/sim/cpu/tb_cpu.vhd
Note: [INST] Addr=00000374, Word=221, Instuction=00000013, Mnemonic=addi x0, x0, 00000000
Time: 2645 ns  Iteration: 0  Process: /tb_cpu/monitor  File: /media/nisitha/My_Passport/MOODLE/Vivado_projects/RISCV_VHDL/rtl/sim/cpu/tb_cpu.vhd
Note: [REGS] x1=0000000E x2=0000000B x3=00000018 x5=00000002 x6=0000001A x7=00000018 x11=0000001A x12=00000019 x14=00000018 
Time: 2645 ns  Iteration: 0  Process: /tb_cpu/monitor  File: /media/nisitha/My_Passport/MOODLE/Vivado_projects/RISCV_VHDL/rtl/sim/cpu/tb_cpu.vhd
Note: [INST] Addr=00000378, Word=222, Instuction=00208733, Mnemonic=add x14, x1, x2
Time: 2655 ns  Iteration: 0  Process: /tb_cpu/monitor  File: /media/nisitha/My_Passport/MOODLE/Vivado_projects/RISCV_VHDL/rtl/sim/cpu/tb_cpu.vhd
Note: [REGS] x1=0000000E x2=0000000B x3=00000018 x5=00000002 x6=0000001A x7=00000018 x11=0000001A x12=00000019 x14=00000019 
Time: 2655 ns  Iteration: 0  Process: /tb_cpu/monitor  File: /media/nisitha/My_Passport/MOODLE/Vivado_projects/RISCV_VHDL/rtl/sim/cpu/tb_cpu.vhd
Note: [INST] Addr=0000037C, Word=223, Instuction=00120213, Mnemonic=addi x4, x4, 00000001
Time: 2665 ns  Iteration: 0  Process: /tb_cpu/monitor  File: /media/nisitha/My_Passport/MOODLE/Vivado_projects/RISCV_VHDL/rtl/sim/cpu/tb_cpu.vhd
Note: [REGS] x1=0000000E x2=0000000B x3=00000018 x4=00000001 x5=00000002 x6=0000001A x7=00000018 x11=0000001A x12=00000019 x14=00000019 
Time: 2665 ns  Iteration: 0  Process: /tb_cpu/monitor  File: /media/nisitha/My_Passport/MOODLE/Vivado_projects/RISCV_VHDL/rtl/sim/cpu/tb_cpu.vhd
Note: [INST] Addr=00000380, Word=224, Instuction=00200293, Mnemonic=addi x5, x0, 00000002
Time: 2675 ns  Iteration: 0  Process: /tb_cpu/monitor  File: /media/nisitha/My_Passport/MOODLE/Vivado_projects/RISCV_VHDL/rtl/sim/cpu/tb_cpu.vhd
Note: [REGS] x1=0000000E x2=0000000B x3=00000018 x4=00000001 x5=00000002 x6=0000001A x7=00000018 x11=0000001A x12=00000019 x14=00000019 
Time: 2675 ns  Iteration: 0  Process: /tb_cpu/monitor  File: /media/nisitha/My_Passport/MOODLE/Vivado_projects/RISCV_VHDL/rtl/sim/cpu/tb_cpu.vhd
Note: [INST] Addr=00000384, Word=225, Instuction=FE5214E3, Mnemonic=bne x4, x5, FFFFFFE8
Time: 2685 ns  Iteration: 0  Process: /tb_cpu/monitor  File: /media/nisitha/My_Passport/MOODLE/Vivado_projects/RISCV_VHDL/rtl/sim/cpu/tb_cpu.vhd
Note: [REGS] x1=0000000E x2=0000000B x3=00000018 x4=00000001 x5=00000002 x6=0000001A x7=00000018 x11=0000001A x12=00000019 x14=00000019 
Time: 2685 ns  Iteration: 0  Process: /tb_cpu/monitor  File: /media/nisitha/My_Passport/MOODLE/Vivado_projects/RISCV_VHDL/rtl/sim/cpu/tb_cpu.vhd
Note: [INST] Addr=0000036C, Word=219, Instuction=00E00093, Mnemonic=addi x1, x0, 0000000E
Time: 2695 ns  Iteration: 0  Process: /tb_cpu/monitor  File: /media/nisitha/My_Passport/MOODLE/Vivado_projects/RISCV_VHDL/rtl/sim/cpu/tb_cpu.vhd
Note: [REGS] x1=0000000E x2=0000000B x3=00000018 x4=00000001 x5=00000002 x6=0000001A x7=00000018 x11=0000001A x12=00000019 x14=00000019 
Time: 2695 ns  Iteration: 0  Process: /tb_cpu/monitor  File: /media/nisitha/My_Passport/MOODLE/Vivado_projects/RISCV_VHDL/rtl/sim/cpu/tb_cpu.vhd
Note: [INST] Addr=00000370, Word=220, Instuction=00B00113, Mnemonic=addi x2, x0, 0000000B
Time: 2705 ns  Iteration: 0  Process: /tb_cpu/monitor  File: /media/nisitha/My_Passport/MOODLE/Vivado_projects/RISCV_VHDL/rtl/sim/cpu/tb_cpu.vhd
Note: [REGS] x1=0000000E x2=0000000B x3=00000018 x4=00000001 x5=00000002 x6=0000001A x7=00000018 x11=0000001A x12=00000019 x14=00000019 
Time: 2705 ns  Iteration: 0  Process: /tb_cpu/monitor  File: /media/nisitha/My_Passport/MOODLE/Vivado_projects/RISCV_VHDL/rtl/sim/cpu/tb_cpu.vhd
Note: [INST] Addr=00000374, Word=221, Instuction=00000013, Mnemonic=addi x0, x0, 00000000
Time: 2715 ns  Iteration: 0  Process: /tb_cpu/monitor  File: /media/nisitha/My_Passport/MOODLE/Vivado_projects/RISCV_VHDL/rtl/sim/cpu/tb_cpu.vhd
Note: [REGS] x1=0000000E x2=0000000B x3=00000018 x4=00000001 x5=00000002 x6=0000001A x7=00000018 x11=0000001A x12=00000019 x14=00000019 
Time: 2715 ns  Iteration: 0  Process: /tb_cpu/monitor  File: /media/nisitha/My_Passport/MOODLE/Vivado_projects/RISCV_VHDL/rtl/sim/cpu/tb_cpu.vhd
Note: [INST] Addr=00000378, Word=222, Instuction=00208733, Mnemonic=add x14, x1, x2
Time: 2725 ns  Iteration: 0  Process: /tb_cpu/monitor  File: /media/nisitha/My_Passport/MOODLE/Vivado_projects/RISCV_VHDL/rtl/sim/cpu/tb_cpu.vhd
Note: [REGS] x1=0000000E x2=0000000B x3=00000018 x4=00000001 x5=00000002 x6=0000001A x7=00000018 x11=0000001A x12=00000019 x14=00000019 
Time: 2725 ns  Iteration: 0  Process: /tb_cpu/monitor  File: /media/nisitha/My_Passport/MOODLE/Vivado_projects/RISCV_VHDL/rtl/sim/cpu/tb_cpu.vhd
Note: [INST] Addr=0000037C, Word=223, Instuction=00120213, Mnemonic=addi x4, x4, 00000001
Time: 2735 ns  Iteration: 0  Process: /tb_cpu/monitor  File: /media/nisitha/My_Passport/MOODLE/Vivado_projects/RISCV_VHDL/rtl/sim/cpu/tb_cpu.vhd
Note: [REGS] x1=0000000E x2=0000000B x3=00000018 x4=00000002 x5=00000002 x6=0000001A x7=00000018 x11=0000001A x12=00000019 x14=00000019 
Time: 2735 ns  Iteration: 0  Process: /tb_cpu/monitor  File: /media/nisitha/My_Passport/MOODLE/Vivado_projects/RISCV_VHDL/rtl/sim/cpu/tb_cpu.vhd
Note: [INST] Addr=00000380, Word=224, Instuction=00200293, Mnemonic=addi x5, x0, 00000002
Time: 2745 ns  Iteration: 0  Process: /tb_cpu/monitor  File: /media/nisitha/My_Passport/MOODLE/Vivado_projects/RISCV_VHDL/rtl/sim/cpu/tb_cpu.vhd
Note: [REGS] x1=0000000E x2=0000000B x3=00000018 x4=00000002 x5=00000002 x6=0000001A x7=00000018 x11=0000001A x12=00000019 x14=00000019 
Time: 2745 ns  Iteration: 0  Process: /tb_cpu/monitor  File: /media/nisitha/My_Passport/MOODLE/Vivado_projects/RISCV_VHDL/rtl/sim/cpu/tb_cpu.vhd
Note: [INST] Addr=00000384, Word=225, Instuction=FE5214E3, Mnemonic=bne x4, x5, FFFFFFE8
Time: 2755 ns  Iteration: 0  Process: /tb_cpu/monitor  File: /media/nisitha/My_Passport/MOODLE/Vivado_projects/RISCV_VHDL/rtl/sim/cpu/tb_cpu.vhd
Note: [REGS] x1=0000000E x2=0000000B x3=00000018 x4=00000002 x5=00000002 x6=0000001A x7=00000018 x11=0000001A x12=00000019 x14=00000019 
Time: 2755 ns  Iteration: 0  Process: /tb_cpu/monitor  File: /media/nisitha/My_Passport/MOODLE/Vivado_projects/RISCV_VHDL/rtl/sim/cpu/tb_cpu.vhd
Note: [INST] Addr=00000388, Word=226, Instuction=01900393, Mnemonic=addi x7, x0, 00000019
Time: 2765 ns  Iteration: 0  Process: /tb_cpu/monitor  File: /media/nisitha/My_Passport/MOODLE/Vivado_projects/RISCV_VHDL/rtl/sim/cpu/tb_cpu.vhd
Note: [REGS] x1=0000000E x2=0000000B x3=00000018 x4=00000002 x5=00000002 x6=0000001A x7=00000019 x11=0000001A x12=00000019 x14=00000019 
Time: 2765 ns  Iteration: 0  Process: /tb_cpu/monitor  File: /media/nisitha/My_Passport/MOODLE/Vivado_projects/RISCV_VHDL/rtl/sim/cpu/tb_cpu.vhd
Note: [INST] Addr=0000038C, Word=227, Instuction=22771263, Mnemonic=bne x14, x7, 00000224
Time: 2775 ns  Iteration: 0  Process: /tb_cpu/monitor  File: /media/nisitha/My_Passport/MOODLE/Vivado_projects/RISCV_VHDL/rtl/sim/cpu/tb_cpu.vhd
Note: [REGS] x1=0000000E x2=0000000B x3=00000018 x4=00000002 x5=00000002 x6=0000001A x7=00000019 x11=0000001A x12=00000019 x14=00000019 
Time: 2775 ns  Iteration: 0  Process: /tb_cpu/monitor  File: /media/nisitha/My_Passport/MOODLE/Vivado_projects/RISCV_VHDL/rtl/sim/cpu/tb_cpu.vhd
Note: [INST] Addr=00000390, Word=228, Instuction=01900193, Mnemonic=addi x3, x0, 00000019
Time: 2785 ns  Iteration: 0  Process: /tb_cpu/monitor  File: /media/nisitha/My_Passport/MOODLE/Vivado_projects/RISCV_VHDL/rtl/sim/cpu/tb_cpu.vhd
Note: [REGS] x1=0000000E x2=0000000B x3=00000019 x4=00000002 x5=00000002 x6=0000001A x7=00000019 x11=0000001A x12=00000019 x14=00000019 
Time: 2785 ns  Iteration: 0  Process: /tb_cpu/monitor  File: /media/nisitha/My_Passport/MOODLE/Vivado_projects/RISCV_VHDL/rtl/sim/cpu/tb_cpu.vhd
Note: [INST] Addr=00000394, Word=229, Instuction=00000213, Mnemonic=addi x4, x0, 00000000
Time: 2795 ns  Iteration: 0  Process: /tb_cpu/monitor  File: /media/nisitha/My_Passport/MOODLE/Vivado_projects/RISCV_VHDL/rtl/sim/cpu/tb_cpu.vhd
Note: [REGS] x1=0000000E x2=0000000B x3=00000019 x5=00000002 x6=0000001A x7=00000019 x11=0000001A x12=00000019 x14=00000019 
Time: 2795 ns  Iteration: 0  Process: /tb_cpu/monitor  File: /media/nisitha/My_Passport/MOODLE/Vivado_projects/RISCV_VHDL/rtl/sim/cpu/tb_cpu.vhd
Note: [INST] Addr=00000398, Word=230, Instuction=00F00093, Mnemonic=addi x1, x0, 0000000F
Time: 2805 ns  Iteration: 0  Process: /tb_cpu/monitor  File: /media/nisitha/My_Passport/MOODLE/Vivado_projects/RISCV_VHDL/rtl/sim/cpu/tb_cpu.vhd
Note: [REGS] x1=0000000F x2=0000000B x3=00000019 x5=00000002 x6=0000001A x7=00000019 x11=0000001A x12=00000019 x14=00000019 
Time: 2805 ns  Iteration: 0  Process: /tb_cpu/monitor  File: /media/nisitha/My_Passport/MOODLE/Vivado_projects/RISCV_VHDL/rtl/sim/cpu/tb_cpu.vhd
Note: [INST] Addr=0000039C, Word=231, Instuction=00B00113, Mnemonic=addi x2, x0, 0000000B
Time: 2815 ns  Iteration: 0  Process: /tb_cpu/monitor  File: /media/nisitha/My_Passport/MOODLE/Vivado_projects/RISCV_VHDL/rtl/sim/cpu/tb_cpu.vhd
Note: [REGS] x1=0000000F x2=0000000B x3=00000019 x5=00000002 x6=0000001A x7=00000019 x11=0000001A x12=00000019 x14=00000019 
Time: 2815 ns  Iteration: 0  Process: /tb_cpu/monitor  File: /media/nisitha/My_Passport/MOODLE/Vivado_projects/RISCV_VHDL/rtl/sim/cpu/tb_cpu.vhd
Note: [INST] Addr=000003A0, Word=232, Instuction=00000013, Mnemonic=addi x0, x0, 00000000
Time: 2825 ns  Iteration: 0  Process: /tb_cpu/monitor  File: /media/nisitha/My_Passport/MOODLE/Vivado_projects/RISCV_VHDL/rtl/sim/cpu/tb_cpu.vhd
Note: [REGS] x1=0000000F x2=0000000B x3=00000019 x5=00000002 x6=0000001A x7=00000019 x11=0000001A x12=00000019 x14=00000019 
Time: 2825 ns  Iteration: 0  Process: /tb_cpu/monitor  File: /media/nisitha/My_Passport/MOODLE/Vivado_projects/RISCV_VHDL/rtl/sim/cpu/tb_cpu.vhd
Note: [INST] Addr=000003A4, Word=233, Instuction=00000013, Mnemonic=addi x0, x0, 00000000
Time: 2835 ns  Iteration: 0  Process: /tb_cpu/monitor  File: /media/nisitha/My_Passport/MOODLE/Vivado_projects/RISCV_VHDL/rtl/sim/cpu/tb_cpu.vhd
Note: [REGS] x1=0000000F x2=0000000B x3=00000019 x5=00000002 x6=0000001A x7=00000019 x11=0000001A x12=00000019 x14=00000019 
Time: 2835 ns  Iteration: 0  Process: /tb_cpu/monitor  File: /media/nisitha/My_Passport/MOODLE/Vivado_projects/RISCV_VHDL/rtl/sim/cpu/tb_cpu.vhd
Note: [INST] Addr=000003A8, Word=234, Instuction=00208733, Mnemonic=add x14, x1, x2
Time: 2845 ns  Iteration: 0  Process: /tb_cpu/monitor  File: /media/nisitha/My_Passport/MOODLE/Vivado_projects/RISCV_VHDL/rtl/sim/cpu/tb_cpu.vhd
Note: [REGS] x1=0000000F x2=0000000B x3=00000019 x5=00000002 x6=0000001A x7=00000019 x11=0000001A x12=00000019 x14=0000001A 
Time: 2845 ns  Iteration: 0  Process: /tb_cpu/monitor  File: /media/nisitha/My_Passport/MOODLE/Vivado_projects/RISCV_VHDL/rtl/sim/cpu/tb_cpu.vhd
Note: [INST] Addr=000003AC, Word=235, Instuction=00120213, Mnemonic=addi x4, x4, 00000001
Time: 2855 ns  Iteration: 0  Process: /tb_cpu/monitor  File: /media/nisitha/My_Passport/MOODLE/Vivado_projects/RISCV_VHDL/rtl/sim/cpu/tb_cpu.vhd
Note: [REGS] x1=0000000F x2=0000000B x3=00000019 x4=00000001 x5=00000002 x6=0000001A x7=00000019 x11=0000001A x12=00000019 x14=0000001A 
Time: 2855 ns  Iteration: 0  Process: /tb_cpu/monitor  File: /media/nisitha/My_Passport/MOODLE/Vivado_projects/RISCV_VHDL/rtl/sim/cpu/tb_cpu.vhd
Note: [INST] Addr=000003B0, Word=236, Instuction=00200293, Mnemonic=addi x5, x0, 00000002
Time: 2865 ns  Iteration: 0  Process: /tb_cpu/monitor  File: /media/nisitha/My_Passport/MOODLE/Vivado_projects/RISCV_VHDL/rtl/sim/cpu/tb_cpu.vhd
Note: [REGS] x1=0000000F x2=0000000B x3=00000019 x4=00000001 x5=00000002 x6=0000001A x7=00000019 x11=0000001A x12=00000019 x14=0000001A 
Time: 2865 ns  Iteration: 0  Process: /tb_cpu/monitor  File: /media/nisitha/My_Passport/MOODLE/Vivado_projects/RISCV_VHDL/rtl/sim/cpu/tb_cpu.vhd
Note: [INST] Addr=000003B4, Word=237, Instuction=FE5212E3, Mnemonic=bne x4, x5, FFFFFFE4
Time: 2875 ns  Iteration: 0  Process: /tb_cpu/monitor  File: /media/nisitha/My_Passport/MOODLE/Vivado_projects/RISCV_VHDL/rtl/sim/cpu/tb_cpu.vhd
Note: [REGS] x1=0000000F x2=0000000B x3=00000019 x4=00000001 x5=00000002 x6=0000001A x7=00000019 x11=0000001A x12=00000019 x14=0000001A 
Time: 2875 ns  Iteration: 0  Process: /tb_cpu/monitor  File: /media/nisitha/My_Passport/MOODLE/Vivado_projects/RISCV_VHDL/rtl/sim/cpu/tb_cpu.vhd
Note: [INST] Addr=00000398, Word=230, Instuction=00F00093, Mnemonic=addi x1, x0, 0000000F
Time: 2885 ns  Iteration: 0  Process: /tb_cpu/monitor  File: /media/nisitha/My_Passport/MOODLE/Vivado_projects/RISCV_VHDL/rtl/sim/cpu/tb_cpu.vhd
Note: [REGS] x1=0000000F x2=0000000B x3=00000019 x4=00000001 x5=00000002 x6=0000001A x7=00000019 x11=0000001A x12=00000019 x14=0000001A 
Time: 2885 ns  Iteration: 0  Process: /tb_cpu/monitor  File: /media/nisitha/My_Passport/MOODLE/Vivado_projects/RISCV_VHDL/rtl/sim/cpu/tb_cpu.vhd
Note: [INST] Addr=0000039C, Word=231, Instuction=00B00113, Mnemonic=addi x2, x0, 0000000B
Time: 2895 ns  Iteration: 0  Process: /tb_cpu/monitor  File: /media/nisitha/My_Passport/MOODLE/Vivado_projects/RISCV_VHDL/rtl/sim/cpu/tb_cpu.vhd
Note: [REGS] x1=0000000F x2=0000000B x3=00000019 x4=00000001 x5=00000002 x6=0000001A x7=00000019 x11=0000001A x12=00000019 x14=0000001A 
Time: 2895 ns  Iteration: 0  Process: /tb_cpu/monitor  File: /media/nisitha/My_Passport/MOODLE/Vivado_projects/RISCV_VHDL/rtl/sim/cpu/tb_cpu.vhd
Note: [INST] Addr=000003A0, Word=232, Instuction=00000013, Mnemonic=addi x0, x0, 00000000
Time: 2905 ns  Iteration: 0  Process: /tb_cpu/monitor  File: /media/nisitha/My_Passport/MOODLE/Vivado_projects/RISCV_VHDL/rtl/sim/cpu/tb_cpu.vhd
Note: [REGS] x1=0000000F x2=0000000B x3=00000019 x4=00000001 x5=00000002 x6=0000001A x7=00000019 x11=0000001A x12=00000019 x14=0000001A 
Time: 2905 ns  Iteration: 0  Process: /tb_cpu/monitor  File: /media/nisitha/My_Passport/MOODLE/Vivado_projects/RISCV_VHDL/rtl/sim/cpu/tb_cpu.vhd
Note: [INST] Addr=000003A4, Word=233, Instuction=00000013, Mnemonic=addi x0, x0, 00000000
Time: 2915 ns  Iteration: 0  Process: /tb_cpu/monitor  File: /media/nisitha/My_Passport/MOODLE/Vivado_projects/RISCV_VHDL/rtl/sim/cpu/tb_cpu.vhd
Note: [REGS] x1=0000000F x2=0000000B x3=00000019 x4=00000001 x5=00000002 x6=0000001A x7=00000019 x11=0000001A x12=00000019 x14=0000001A 
Time: 2915 ns  Iteration: 0  Process: /tb_cpu/monitor  File: /media/nisitha/My_Passport/MOODLE/Vivado_projects/RISCV_VHDL/rtl/sim/cpu/tb_cpu.vhd
Note: [INST] Addr=000003A8, Word=234, Instuction=00208733, Mnemonic=add x14, x1, x2
Time: 2925 ns  Iteration: 0  Process: /tb_cpu/monitor  File: /media/nisitha/My_Passport/MOODLE/Vivado_projects/RISCV_VHDL/rtl/sim/cpu/tb_cpu.vhd
Note: [REGS] x1=0000000F x2=0000000B x3=00000019 x4=00000001 x5=00000002 x6=0000001A x7=00000019 x11=0000001A x12=00000019 x14=0000001A 
Time: 2925 ns  Iteration: 0  Process: /tb_cpu/monitor  File: /media/nisitha/My_Passport/MOODLE/Vivado_projects/RISCV_VHDL/rtl/sim/cpu/tb_cpu.vhd
Note: [INST] Addr=000003AC, Word=235, Instuction=00120213, Mnemonic=addi x4, x4, 00000001
Time: 2935 ns  Iteration: 0  Process: /tb_cpu/monitor  File: /media/nisitha/My_Passport/MOODLE/Vivado_projects/RISCV_VHDL/rtl/sim/cpu/tb_cpu.vhd
Note: [REGS] x1=0000000F x2=0000000B x3=00000019 x4=00000002 x5=00000002 x6=0000001A x7=00000019 x11=0000001A x12=00000019 x14=0000001A 
Time: 2935 ns  Iteration: 0  Process: /tb_cpu/monitor  File: /media/nisitha/My_Passport/MOODLE/Vivado_projects/RISCV_VHDL/rtl/sim/cpu/tb_cpu.vhd
Note: [INST] Addr=000003B0, Word=236, Instuction=00200293, Mnemonic=addi x5, x0, 00000002
Time: 2945 ns  Iteration: 0  Process: /tb_cpu/monitor  File: /media/nisitha/My_Passport/MOODLE/Vivado_projects/RISCV_VHDL/rtl/sim/cpu/tb_cpu.vhd
Note: [REGS] x1=0000000F x2=0000000B x3=00000019 x4=00000002 x5=00000002 x6=0000001A x7=00000019 x11=0000001A x12=00000019 x14=0000001A 
Time: 2945 ns  Iteration: 0  Process: /tb_cpu/monitor  File: /media/nisitha/My_Passport/MOODLE/Vivado_projects/RISCV_VHDL/rtl/sim/cpu/tb_cpu.vhd
Note: [INST] Addr=000003B4, Word=237, Instuction=FE5212E3, Mnemonic=bne x4, x5, FFFFFFE4
Time: 2955 ns  Iteration: 0  Process: /tb_cpu/monitor  File: /media/nisitha/My_Passport/MOODLE/Vivado_projects/RISCV_VHDL/rtl/sim/cpu/tb_cpu.vhd
Note: [REGS] x1=0000000F x2=0000000B x3=00000019 x4=00000002 x5=00000002 x6=0000001A x7=00000019 x11=0000001A x12=00000019 x14=0000001A 
Time: 2955 ns  Iteration: 0  Process: /tb_cpu/monitor  File: /media/nisitha/My_Passport/MOODLE/Vivado_projects/RISCV_VHDL/rtl/sim/cpu/tb_cpu.vhd
Note: [INST] Addr=000003B8, Word=238, Instuction=01A00393, Mnemonic=addi x7, x0, 0000001A
Time: 2965 ns  Iteration: 0  Process: /tb_cpu/monitor  File: /media/nisitha/My_Passport/MOODLE/Vivado_projects/RISCV_VHDL/rtl/sim/cpu/tb_cpu.vhd
Note: [REGS] x1=0000000F x2=0000000B x3=00000019 x4=00000002 x5=00000002 x6=0000001A x7=0000001A x11=0000001A x12=00000019 x14=0000001A 
Time: 2965 ns  Iteration: 0  Process: /tb_cpu/monitor  File: /media/nisitha/My_Passport/MOODLE/Vivado_projects/RISCV_VHDL/rtl/sim/cpu/tb_cpu.vhd
Note: [INST] Addr=000003BC, Word=239, Instuction=1E771A63, Mnemonic=bne x14, x7, 000001F4
Time: 2975 ns  Iteration: 0  Process: /tb_cpu/monitor  File: /media/nisitha/My_Passport/MOODLE/Vivado_projects/RISCV_VHDL/rtl/sim/cpu/tb_cpu.vhd
Note: [REGS] x1=0000000F x2=0000000B x3=00000019 x4=00000002 x5=00000002 x6=0000001A x7=0000001A x11=0000001A x12=00000019 x14=0000001A 
Time: 2975 ns  Iteration: 0  Process: /tb_cpu/monitor  File: /media/nisitha/My_Passport/MOODLE/Vivado_projects/RISCV_VHDL/rtl/sim/cpu/tb_cpu.vhd
Note: [INST] Addr=000003C0, Word=240, Instuction=01A00193, Mnemonic=addi x3, x0, 0000001A
Time: 2985 ns  Iteration: 0  Process: /tb_cpu/monitor  File: /media/nisitha/My_Passport/MOODLE/Vivado_projects/RISCV_VHDL/rtl/sim/cpu/tb_cpu.vhd
Note: [REGS] x1=0000000F x2=0000000B x3=0000001A x4=00000002 x5=00000002 x6=0000001A x7=0000001A x11=0000001A x12=00000019 x14=0000001A 
Time: 2985 ns  Iteration: 0  Process: /tb_cpu/monitor  File: /media/nisitha/My_Passport/MOODLE/Vivado_projects/RISCV_VHDL/rtl/sim/cpu/tb_cpu.vhd
Note: [INST] Addr=000003C4, Word=241, Instuction=00000213, Mnemonic=addi x4, x0, 00000000
Time: 2995 ns  Iteration: 0  Process: /tb_cpu/monitor  File: /media/nisitha/My_Passport/MOODLE/Vivado_projects/RISCV_VHDL/rtl/sim/cpu/tb_cpu.vhd
Note: [REGS] x1=0000000F x2=0000000B x3=0000001A x5=00000002 x6=0000001A x7=0000001A x11=0000001A x12=00000019 x14=0000001A 
Time: 2995 ns  Iteration: 0  Process: /tb_cpu/monitor  File: /media/nisitha/My_Passport/MOODLE/Vivado_projects/RISCV_VHDL/rtl/sim/cpu/tb_cpu.vhd
Note: [INST] Addr=000003C8, Word=242, Instuction=00D00093, Mnemonic=addi x1, x0, 0000000D
Time: 3005 ns  Iteration: 0  Process: /tb_cpu/monitor  File: /media/nisitha/My_Passport/MOODLE/Vivado_projects/RISCV_VHDL/rtl/sim/cpu/tb_cpu.vhd
Note: [REGS] x1=0000000D x2=0000000B x3=0000001A x5=00000002 x6=0000001A x7=0000001A x11=0000001A x12=00000019 x14=0000001A 
Time: 3005 ns  Iteration: 0  Process: /tb_cpu/monitor  File: /media/nisitha/My_Passport/MOODLE/Vivado_projects/RISCV_VHDL/rtl/sim/cpu/tb_cpu.vhd
Note: [INST] Addr=000003CC, Word=243, Instuction=00000013, Mnemonic=addi x0, x0, 00000000
Time: 3015 ns  Iteration: 0  Process: /tb_cpu/monitor  File: /media/nisitha/My_Passport/MOODLE/Vivado_projects/RISCV_VHDL/rtl/sim/cpu/tb_cpu.vhd
Note: [REGS] x1=0000000D x2=0000000B x3=0000001A x5=00000002 x6=0000001A x7=0000001A x11=0000001A x12=00000019 x14=0000001A 
Time: 3015 ns  Iteration: 0  Process: /tb_cpu/monitor  File: /media/nisitha/My_Passport/MOODLE/Vivado_projects/RISCV_VHDL/rtl/sim/cpu/tb_cpu.vhd
Note: [INST] Addr=000003D0, Word=244, Instuction=00B00113, Mnemonic=addi x2, x0, 0000000B
Time: 3025 ns  Iteration: 0  Process: /tb_cpu/monitor  File: /media/nisitha/My_Passport/MOODLE/Vivado_projects/RISCV_VHDL/rtl/sim/cpu/tb_cpu.vhd
Note: [REGS] x1=0000000D x2=0000000B x3=0000001A x5=00000002 x6=0000001A x7=0000001A x11=0000001A x12=00000019 x14=0000001A 
Time: 3025 ns  Iteration: 0  Process: /tb_cpu/monitor  File: /media/nisitha/My_Passport/MOODLE/Vivado_projects/RISCV_VHDL/rtl/sim/cpu/tb_cpu.vhd
Note: [INST] Addr=000003D4, Word=245, Instuction=00208733, Mnemonic=add x14, x1, x2
Time: 3035 ns  Iteration: 0  Process: /tb_cpu/monitor  File: /media/nisitha/My_Passport/MOODLE/Vivado_projects/RISCV_VHDL/rtl/sim/cpu/tb_cpu.vhd
Note: [REGS] x1=0000000D x2=0000000B x3=0000001A x5=00000002 x6=0000001A x7=0000001A x11=0000001A x12=00000019 x14=00000018 
Time: 3035 ns  Iteration: 0  Process: /tb_cpu/monitor  File: /media/nisitha/My_Passport/MOODLE/Vivado_projects/RISCV_VHDL/rtl/sim/cpu/tb_cpu.vhd
Note: [INST] Addr=000003D8, Word=246, Instuction=00120213, Mnemonic=addi x4, x4, 00000001
Time: 3045 ns  Iteration: 0  Process: /tb_cpu/monitor  File: /media/nisitha/My_Passport/MOODLE/Vivado_projects/RISCV_VHDL/rtl/sim/cpu/tb_cpu.vhd
Note: [REGS] x1=0000000D x2=0000000B x3=0000001A x4=00000001 x5=00000002 x6=0000001A x7=0000001A x11=0000001A x12=00000019 x14=00000018 
Time: 3045 ns  Iteration: 0  Process: /tb_cpu/monitor  File: /media/nisitha/My_Passport/MOODLE/Vivado_projects/RISCV_VHDL/rtl/sim/cpu/tb_cpu.vhd
Note: [INST] Addr=000003DC, Word=247, Instuction=00200293, Mnemonic=addi x5, x0, 00000002
Time: 3055 ns  Iteration: 0  Process: /tb_cpu/monitor  File: /media/nisitha/My_Passport/MOODLE/Vivado_projects/RISCV_VHDL/rtl/sim/cpu/tb_cpu.vhd
Note: [REGS] x1=0000000D x2=0000000B x3=0000001A x4=00000001 x5=00000002 x6=0000001A x7=0000001A x11=0000001A x12=00000019 x14=00000018 
Time: 3055 ns  Iteration: 0  Process: /tb_cpu/monitor  File: /media/nisitha/My_Passport/MOODLE/Vivado_projects/RISCV_VHDL/rtl/sim/cpu/tb_cpu.vhd
Note: [INST] Addr=000003E0, Word=248, Instuction=FE5214E3, Mnemonic=bne x4, x5, FFFFFFE8
Time: 3065 ns  Iteration: 0  Process: /tb_cpu/monitor  File: /media/nisitha/My_Passport/MOODLE/Vivado_projects/RISCV_VHDL/rtl/sim/cpu/tb_cpu.vhd
Note: [REGS] x1=0000000D x2=0000000B x3=0000001A x4=00000001 x5=00000002 x6=0000001A x7=0000001A x11=0000001A x12=00000019 x14=00000018 
Time: 3065 ns  Iteration: 0  Process: /tb_cpu/monitor  File: /media/nisitha/My_Passport/MOODLE/Vivado_projects/RISCV_VHDL/rtl/sim/cpu/tb_cpu.vhd
Note: [INST] Addr=000003C8, Word=242, Instuction=00D00093, Mnemonic=addi x1, x0, 0000000D
Time: 3075 ns  Iteration: 0  Process: /tb_cpu/monitor  File: /media/nisitha/My_Passport/MOODLE/Vivado_projects/RISCV_VHDL/rtl/sim/cpu/tb_cpu.vhd
Note: [REGS] x1=0000000D x2=0000000B x3=0000001A x4=00000001 x5=00000002 x6=0000001A x7=0000001A x11=0000001A x12=00000019 x14=00000018 
Time: 3075 ns  Iteration: 0  Process: /tb_cpu/monitor  File: /media/nisitha/My_Passport/MOODLE/Vivado_projects/RISCV_VHDL/rtl/sim/cpu/tb_cpu.vhd
Note: [INST] Addr=000003CC, Word=243, Instuction=00000013, Mnemonic=addi x0, x0, 00000000
Time: 3085 ns  Iteration: 0  Process: /tb_cpu/monitor  File: /media/nisitha/My_Passport/MOODLE/Vivado_projects/RISCV_VHDL/rtl/sim/cpu/tb_cpu.vhd
Note: [REGS] x1=0000000D x2=0000000B x3=0000001A x4=00000001 x5=00000002 x6=0000001A x7=0000001A x11=0000001A x12=00000019 x14=00000018 
Time: 3085 ns  Iteration: 0  Process: /tb_cpu/monitor  File: /media/nisitha/My_Passport/MOODLE/Vivado_projects/RISCV_VHDL/rtl/sim/cpu/tb_cpu.vhd
Note: [INST] Addr=000003D0, Word=244, Instuction=00B00113, Mnemonic=addi x2, x0, 0000000B
Time: 3095 ns  Iteration: 0  Process: /tb_cpu/monitor  File: /media/nisitha/My_Passport/MOODLE/Vivado_projects/RISCV_VHDL/rtl/sim/cpu/tb_cpu.vhd
Note: [REGS] x1=0000000D x2=0000000B x3=0000001A x4=00000001 x5=00000002 x6=0000001A x7=0000001A x11=0000001A x12=00000019 x14=00000018 
Time: 3095 ns  Iteration: 0  Process: /tb_cpu/monitor  File: /media/nisitha/My_Passport/MOODLE/Vivado_projects/RISCV_VHDL/rtl/sim/cpu/tb_cpu.vhd
Note: [INST] Addr=000003D4, Word=245, Instuction=00208733, Mnemonic=add x14, x1, x2
Time: 3105 ns  Iteration: 0  Process: /tb_cpu/monitor  File: /media/nisitha/My_Passport/MOODLE/Vivado_projects/RISCV_VHDL/rtl/sim/cpu/tb_cpu.vhd
Note: [REGS] x1=0000000D x2=0000000B x3=0000001A x4=00000001 x5=00000002 x6=0000001A x7=0000001A x11=0000001A x12=00000019 x14=00000018 
Time: 3105 ns  Iteration: 0  Process: /tb_cpu/monitor  File: /media/nisitha/My_Passport/MOODLE/Vivado_projects/RISCV_VHDL/rtl/sim/cpu/tb_cpu.vhd
Note: [INST] Addr=000003D8, Word=246, Instuction=00120213, Mnemonic=addi x4, x4, 00000001
Time: 3115 ns  Iteration: 0  Process: /tb_cpu/monitor  File: /media/nisitha/My_Passport/MOODLE/Vivado_projects/RISCV_VHDL/rtl/sim/cpu/tb_cpu.vhd
Note: [REGS] x1=0000000D x2=0000000B x3=0000001A x4=00000002 x5=00000002 x6=0000001A x7=0000001A x11=0000001A x12=00000019 x14=00000018 
Time: 3115 ns  Iteration: 0  Process: /tb_cpu/monitor  File: /media/nisitha/My_Passport/MOODLE/Vivado_projects/RISCV_VHDL/rtl/sim/cpu/tb_cpu.vhd
Note: [INST] Addr=000003DC, Word=247, Instuction=00200293, Mnemonic=addi x5, x0, 00000002
Time: 3125 ns  Iteration: 0  Process: /tb_cpu/monitor  File: /media/nisitha/My_Passport/MOODLE/Vivado_projects/RISCV_VHDL/rtl/sim/cpu/tb_cpu.vhd
Note: [REGS] x1=0000000D x2=0000000B x3=0000001A x4=00000002 x5=00000002 x6=0000001A x7=0000001A x11=0000001A x12=00000019 x14=00000018 
Time: 3125 ns  Iteration: 0  Process: /tb_cpu/monitor  File: /media/nisitha/My_Passport/MOODLE/Vivado_projects/RISCV_VHDL/rtl/sim/cpu/tb_cpu.vhd
Note: [INST] Addr=000003E0, Word=248, Instuction=FE5214E3, Mnemonic=bne x4, x5, FFFFFFE8
Time: 3135 ns  Iteration: 0  Process: /tb_cpu/monitor  File: /media/nisitha/My_Passport/MOODLE/Vivado_projects/RISCV_VHDL/rtl/sim/cpu/tb_cpu.vhd
Note: [REGS] x1=0000000D x2=0000000B x3=0000001A x4=00000002 x5=00000002 x6=0000001A x7=0000001A x11=0000001A x12=00000019 x14=00000018 
Time: 3135 ns  Iteration: 0  Process: /tb_cpu/monitor  File: /media/nisitha/My_Passport/MOODLE/Vivado_projects/RISCV_VHDL/rtl/sim/cpu/tb_cpu.vhd
Note: [INST] Addr=000003E4, Word=249, Instuction=01800393, Mnemonic=addi x7, x0, 00000018
Time: 3145 ns  Iteration: 0  Process: /tb_cpu/monitor  File: /media/nisitha/My_Passport/MOODLE/Vivado_projects/RISCV_VHDL/rtl/sim/cpu/tb_cpu.vhd
Note: [REGS] x1=0000000D x2=0000000B x3=0000001A x4=00000002 x5=00000002 x6=0000001A x7=00000018 x11=0000001A x12=00000019 x14=00000018 
Time: 3145 ns  Iteration: 0  Process: /tb_cpu/monitor  File: /media/nisitha/My_Passport/MOODLE/Vivado_projects/RISCV_VHDL/rtl/sim/cpu/tb_cpu.vhd
Note: [INST] Addr=000003E8, Word=250, Instuction=1C771463, Mnemonic=bne x14, x7, 000001C8
Time: 3155 ns  Iteration: 0  Process: /tb_cpu/monitor  File: /media/nisitha/My_Passport/MOODLE/Vivado_projects/RISCV_VHDL/rtl/sim/cpu/tb_cpu.vhd
Note: [REGS] x1=0000000D x2=0000000B x3=0000001A x4=00000002 x5=00000002 x6=0000001A x7=00000018 x11=0000001A x12=00000019 x14=00000018 
Time: 3155 ns  Iteration: 0  Process: /tb_cpu/monitor  File: /media/nisitha/My_Passport/MOODLE/Vivado_projects/RISCV_VHDL/rtl/sim/cpu/tb_cpu.vhd
Note: [INST] Addr=000003EC, Word=251, Instuction=01B00193, Mnemonic=addi x3, x0, 0000001B
Time: 3165 ns  Iteration: 0  Process: /tb_cpu/monitor  File: /media/nisitha/My_Passport/MOODLE/Vivado_projects/RISCV_VHDL/rtl/sim/cpu/tb_cpu.vhd
Note: [REGS] x1=0000000D x2=0000000B x3=0000001B x4=00000002 x5=00000002 x6=0000001A x7=00000018 x11=0000001A x12=00000019 x14=00000018 
Time: 3165 ns  Iteration: 0  Process: /tb_cpu/monitor  File: /media/nisitha/My_Passport/MOODLE/Vivado_projects/RISCV_VHDL/rtl/sim/cpu/tb_cpu.vhd
Note: [INST] Addr=000003F0, Word=252, Instuction=00000213, Mnemonic=addi x4, x0, 00000000
Time: 3175 ns  Iteration: 0  Process: /tb_cpu/monitor  File: /media/nisitha/My_Passport/MOODLE/Vivado_projects/RISCV_VHDL/rtl/sim/cpu/tb_cpu.vhd
Note: [REGS] x1=0000000D x2=0000000B x3=0000001B x5=00000002 x6=0000001A x7=00000018 x11=0000001A x12=00000019 x14=00000018 
Time: 3175 ns  Iteration: 0  Process: /tb_cpu/monitor  File: /media/nisitha/My_Passport/MOODLE/Vivado_projects/RISCV_VHDL/rtl/sim/cpu/tb_cpu.vhd
Note: [INST] Addr=000003F4, Word=253, Instuction=00E00093, Mnemonic=addi x1, x0, 0000000E
Time: 3185 ns  Iteration: 0  Process: /tb_cpu/monitor  File: /media/nisitha/My_Passport/MOODLE/Vivado_projects/RISCV_VHDL/rtl/sim/cpu/tb_cpu.vhd
Note: [REGS] x1=0000000E x2=0000000B x3=0000001B x5=00000002 x6=0000001A x7=00000018 x11=0000001A x12=00000019 x14=00000018 
Time: 3185 ns  Iteration: 0  Process: /tb_cpu/monitor  File: /media/nisitha/My_Passport/MOODLE/Vivado_projects/RISCV_VHDL/rtl/sim/cpu/tb_cpu.vhd
Note: [INST] Addr=000003F8, Word=254, Instuction=00000013, Mnemonic=addi x0, x0, 00000000
Time: 3195 ns  Iteration: 0  Process: /tb_cpu/monitor  File: /media/nisitha/My_Passport/MOODLE/Vivado_projects/RISCV_VHDL/rtl/sim/cpu/tb_cpu.vhd
Note: [REGS] x1=0000000E x2=0000000B x3=0000001B x5=00000002 x6=0000001A x7=00000018 x11=0000001A x12=00000019 x14=00000018 
Time: 3195 ns  Iteration: 0  Process: /tb_cpu/monitor  File: /media/nisitha/My_Passport/MOODLE/Vivado_projects/RISCV_VHDL/rtl/sim/cpu/tb_cpu.vhd
Note: [INST] Addr=000003FC, Word=255, Instuction=00B00113, Mnemonic=addi x2, x0, 0000000B
Time: 3205 ns  Iteration: 0  Process: /tb_cpu/monitor  File: /media/nisitha/My_Passport/MOODLE/Vivado_projects/RISCV_VHDL/rtl/sim/cpu/tb_cpu.vhd
Note: [REGS] x1=0000000E x2=0000000B x3=0000001B x5=00000002 x6=0000001A x7=00000018 x11=0000001A x12=00000019 x14=00000018 
Time: 3205 ns  Iteration: 0  Process: /tb_cpu/monitor  File: /media/nisitha/My_Passport/MOODLE/Vivado_projects/RISCV_VHDL/rtl/sim/cpu/tb_cpu.vhd
Note: [INST] Addr=00000400, Word=256, Instuction=00000013, Mnemonic=addi x0, x0, 00000000
Time: 3215 ns  Iteration: 0  Process: /tb_cpu/monitor  File: /media/nisitha/My_Passport/MOODLE/Vivado_projects/RISCV_VHDL/rtl/sim/cpu/tb_cpu.vhd
Note: [REGS] x1=0000000E x2=0000000B x3=0000001B x5=00000002 x6=0000001A x7=00000018 x11=0000001A x12=00000019 x14=00000018 
Time: 3215 ns  Iteration: 0  Process: /tb_cpu/monitor  File: /media/nisitha/My_Passport/MOODLE/Vivado_projects/RISCV_VHDL/rtl/sim/cpu/tb_cpu.vhd
Note: [INST] Addr=00000404, Word=257, Instuction=00208733, Mnemonic=add x14, x1, x2
Time: 3225 ns  Iteration: 0  Process: /tb_cpu/monitor  File: /media/nisitha/My_Passport/MOODLE/Vivado_projects/RISCV_VHDL/rtl/sim/cpu/tb_cpu.vhd
Note: [REGS] x1=0000000E x2=0000000B x3=0000001B x5=00000002 x6=0000001A x7=00000018 x11=0000001A x12=00000019 x14=00000019 
Time: 3225 ns  Iteration: 0  Process: /tb_cpu/monitor  File: /media/nisitha/My_Passport/MOODLE/Vivado_projects/RISCV_VHDL/rtl/sim/cpu/tb_cpu.vhd
Note: [INST] Addr=00000408, Word=258, Instuction=00120213, Mnemonic=addi x4, x4, 00000001
Time: 3235 ns  Iteration: 0  Process: /tb_cpu/monitor  File: /media/nisitha/My_Passport/MOODLE/Vivado_projects/RISCV_VHDL/rtl/sim/cpu/tb_cpu.vhd
Note: [REGS] x1=0000000E x2=0000000B x3=0000001B x4=00000001 x5=00000002 x6=0000001A x7=00000018 x11=0000001A x12=00000019 x14=00000019 
Time: 3235 ns  Iteration: 0  Process: /tb_cpu/monitor  File: /media/nisitha/My_Passport/MOODLE/Vivado_projects/RISCV_VHDL/rtl/sim/cpu/tb_cpu.vhd
Note: [INST] Addr=0000040C, Word=259, Instuction=00200293, Mnemonic=addi x5, x0, 00000002
Time: 3245 ns  Iteration: 0  Process: /tb_cpu/monitor  File: /media/nisitha/My_Passport/MOODLE/Vivado_projects/RISCV_VHDL/rtl/sim/cpu/tb_cpu.vhd
Note: [REGS] x1=0000000E x2=0000000B x3=0000001B x4=00000001 x5=00000002 x6=0000001A x7=00000018 x11=0000001A x12=00000019 x14=00000019 
Time: 3245 ns  Iteration: 0  Process: /tb_cpu/monitor  File: /media/nisitha/My_Passport/MOODLE/Vivado_projects/RISCV_VHDL/rtl/sim/cpu/tb_cpu.vhd
Note: [INST] Addr=00000410, Word=260, Instuction=FE5212E3, Mnemonic=bne x4, x5, FFFFFFE4
Time: 3255 ns  Iteration: 0  Process: /tb_cpu/monitor  File: /media/nisitha/My_Passport/MOODLE/Vivado_projects/RISCV_VHDL/rtl/sim/cpu/tb_cpu.vhd
Note: [REGS] x1=0000000E x2=0000000B x3=0000001B x4=00000001 x5=00000002 x6=0000001A x7=00000018 x11=0000001A x12=00000019 x14=00000019 
Time: 3255 ns  Iteration: 0  Process: /tb_cpu/monitor  File: /media/nisitha/My_Passport/MOODLE/Vivado_projects/RISCV_VHDL/rtl/sim/cpu/tb_cpu.vhd
Note: [INST] Addr=000003F4, Word=253, Instuction=00E00093, Mnemonic=addi x1, x0, 0000000E
Time: 3265 ns  Iteration: 0  Process: /tb_cpu/monitor  File: /media/nisitha/My_Passport/MOODLE/Vivado_projects/RISCV_VHDL/rtl/sim/cpu/tb_cpu.vhd
Note: [REGS] x1=0000000E x2=0000000B x3=0000001B x4=00000001 x5=00000002 x6=0000001A x7=00000018 x11=0000001A x12=00000019 x14=00000019 
Time: 3265 ns  Iteration: 0  Process: /tb_cpu/monitor  File: /media/nisitha/My_Passport/MOODLE/Vivado_projects/RISCV_VHDL/rtl/sim/cpu/tb_cpu.vhd
Note: [INST] Addr=000003F8, Word=254, Instuction=00000013, Mnemonic=addi x0, x0, 00000000
Time: 3275 ns  Iteration: 0  Process: /tb_cpu/monitor  File: /media/nisitha/My_Passport/MOODLE/Vivado_projects/RISCV_VHDL/rtl/sim/cpu/tb_cpu.vhd
Note: [REGS] x1=0000000E x2=0000000B x3=0000001B x4=00000001 x5=00000002 x6=0000001A x7=00000018 x11=0000001A x12=00000019 x14=00000019 
Time: 3275 ns  Iteration: 0  Process: /tb_cpu/monitor  File: /media/nisitha/My_Passport/MOODLE/Vivado_projects/RISCV_VHDL/rtl/sim/cpu/tb_cpu.vhd
Note: [INST] Addr=000003FC, Word=255, Instuction=00B00113, Mnemonic=addi x2, x0, 0000000B
Time: 3285 ns  Iteration: 0  Process: /tb_cpu/monitor  File: /media/nisitha/My_Passport/MOODLE/Vivado_projects/RISCV_VHDL/rtl/sim/cpu/tb_cpu.vhd
Note: [REGS] x1=0000000E x2=0000000B x3=0000001B x4=00000001 x5=00000002 x6=0000001A x7=00000018 x11=0000001A x12=00000019 x14=00000019 
Time: 3285 ns  Iteration: 0  Process: /tb_cpu/monitor  File: /media/nisitha/My_Passport/MOODLE/Vivado_projects/RISCV_VHDL/rtl/sim/cpu/tb_cpu.vhd
Note: [INST] Addr=00000400, Word=256, Instuction=00000013, Mnemonic=addi x0, x0, 00000000
Time: 3295 ns  Iteration: 0  Process: /tb_cpu/monitor  File: /media/nisitha/My_Passport/MOODLE/Vivado_projects/RISCV_VHDL/rtl/sim/cpu/tb_cpu.vhd
Note: [REGS] x1=0000000E x2=0000000B x3=0000001B x4=00000001 x5=00000002 x6=0000001A x7=00000018 x11=0000001A x12=00000019 x14=00000019 
Time: 3295 ns  Iteration: 0  Process: /tb_cpu/monitor  File: /media/nisitha/My_Passport/MOODLE/Vivado_projects/RISCV_VHDL/rtl/sim/cpu/tb_cpu.vhd
Note: [INST] Addr=00000404, Word=257, Instuction=00208733, Mnemonic=add x14, x1, x2
Time: 3305 ns  Iteration: 0  Process: /tb_cpu/monitor  File: /media/nisitha/My_Passport/MOODLE/Vivado_projects/RISCV_VHDL/rtl/sim/cpu/tb_cpu.vhd
Note: [REGS] x1=0000000E x2=0000000B x3=0000001B x4=00000001 x5=00000002 x6=0000001A x7=00000018 x11=0000001A x12=00000019 x14=00000019 
Time: 3305 ns  Iteration: 0  Process: /tb_cpu/monitor  File: /media/nisitha/My_Passport/MOODLE/Vivado_projects/RISCV_VHDL/rtl/sim/cpu/tb_cpu.vhd
Note: [INST] Addr=00000408, Word=258, Instuction=00120213, Mnemonic=addi x4, x4, 00000001
Time: 3315 ns  Iteration: 0  Process: /tb_cpu/monitor  File: /media/nisitha/My_Passport/MOODLE/Vivado_projects/RISCV_VHDL/rtl/sim/cpu/tb_cpu.vhd
Note: [REGS] x1=0000000E x2=0000000B x3=0000001B x4=00000002 x5=00000002 x6=0000001A x7=00000018 x11=0000001A x12=00000019 x14=00000019 
Time: 3315 ns  Iteration: 0  Process: /tb_cpu/monitor  File: /media/nisitha/My_Passport/MOODLE/Vivado_projects/RISCV_VHDL/rtl/sim/cpu/tb_cpu.vhd
Note: [INST] Addr=0000040C, Word=259, Instuction=00200293, Mnemonic=addi x5, x0, 00000002
Time: 3325 ns  Iteration: 0  Process: /tb_cpu/monitor  File: /media/nisitha/My_Passport/MOODLE/Vivado_projects/RISCV_VHDL/rtl/sim/cpu/tb_cpu.vhd
Note: [REGS] x1=0000000E x2=0000000B x3=0000001B x4=00000002 x5=00000002 x6=0000001A x7=00000018 x11=0000001A x12=00000019 x14=00000019 
Time: 3325 ns  Iteration: 0  Process: /tb_cpu/monitor  File: /media/nisitha/My_Passport/MOODLE/Vivado_projects/RISCV_VHDL/rtl/sim/cpu/tb_cpu.vhd
Note: [INST] Addr=00000410, Word=260, Instuction=FE5212E3, Mnemonic=bne x4, x5, FFFFFFE4
Time: 3335 ns  Iteration: 0  Process: /tb_cpu/monitor  File: /media/nisitha/My_Passport/MOODLE/Vivado_projects/RISCV_VHDL/rtl/sim/cpu/tb_cpu.vhd
Note: [REGS] x1=0000000E x2=0000000B x3=0000001B x4=00000002 x5=00000002 x6=0000001A x7=00000018 x11=0000001A x12=00000019 x14=00000019 
Time: 3335 ns  Iteration: 0  Process: /tb_cpu/monitor  File: /media/nisitha/My_Passport/MOODLE/Vivado_projects/RISCV_VHDL/rtl/sim/cpu/tb_cpu.vhd
Note: [INST] Addr=00000414, Word=261, Instuction=01900393, Mnemonic=addi x7, x0, 00000019
Time: 3345 ns  Iteration: 0  Process: /tb_cpu/monitor  File: /media/nisitha/My_Passport/MOODLE/Vivado_projects/RISCV_VHDL/rtl/sim/cpu/tb_cpu.vhd
Note: [REGS] x1=0000000E x2=0000000B x3=0000001B x4=00000002 x5=00000002 x6=0000001A x7=00000019 x11=0000001A x12=00000019 x14=00000019 
Time: 3345 ns  Iteration: 0  Process: /tb_cpu/monitor  File: /media/nisitha/My_Passport/MOODLE/Vivado_projects/RISCV_VHDL/rtl/sim/cpu/tb_cpu.vhd
Note: [INST] Addr=00000418, Word=262, Instuction=18771C63, Mnemonic=bne x14, x7, 00000198
Time: 3355 ns  Iteration: 0  Process: /tb_cpu/monitor  File: /media/nisitha/My_Passport/MOODLE/Vivado_projects/RISCV_VHDL/rtl/sim/cpu/tb_cpu.vhd
Note: [REGS] x1=0000000E x2=0000000B x3=0000001B x4=00000002 x5=00000002 x6=0000001A x7=00000019 x11=0000001A x12=00000019 x14=00000019 
Time: 3355 ns  Iteration: 0  Process: /tb_cpu/monitor  File: /media/nisitha/My_Passport/MOODLE/Vivado_projects/RISCV_VHDL/rtl/sim/cpu/tb_cpu.vhd
Note: [INST] Addr=0000041C, Word=263, Instuction=01C00193, Mnemonic=addi x3, x0, 0000001C
Time: 3365 ns  Iteration: 0  Process: /tb_cpu/monitor  File: /media/nisitha/My_Passport/MOODLE/Vivado_projects/RISCV_VHDL/rtl/sim/cpu/tb_cpu.vhd
Note: [REGS] x1=0000000E x2=0000000B x3=0000001C x4=00000002 x5=00000002 x6=0000001A x7=00000019 x11=0000001A x12=00000019 x14=00000019 
Time: 3365 ns  Iteration: 0  Process: /tb_cpu/monitor  File: /media/nisitha/My_Passport/MOODLE/Vivado_projects/RISCV_VHDL/rtl/sim/cpu/tb_cpu.vhd
Note: [INST] Addr=00000420, Word=264, Instuction=00000213, Mnemonic=addi x4, x0, 00000000
Time: 3375 ns  Iteration: 0  Process: /tb_cpu/monitor  File: /media/nisitha/My_Passport/MOODLE/Vivado_projects/RISCV_VHDL/rtl/sim/cpu/tb_cpu.vhd
Note: [REGS] x1=0000000E x2=0000000B x3=0000001C x5=00000002 x6=0000001A x7=00000019 x11=0000001A x12=00000019 x14=00000019 
Time: 3375 ns  Iteration: 0  Process: /tb_cpu/monitor  File: /media/nisitha/My_Passport/MOODLE/Vivado_projects/RISCV_VHDL/rtl/sim/cpu/tb_cpu.vhd
Note: [INST] Addr=00000424, Word=265, Instuction=00F00093, Mnemonic=addi x1, x0, 0000000F
Time: 3385 ns  Iteration: 0  Process: /tb_cpu/monitor  File: /media/nisitha/My_Passport/MOODLE/Vivado_projects/RISCV_VHDL/rtl/sim/cpu/tb_cpu.vhd
Note: [REGS] x1=0000000F x2=0000000B x3=0000001C x5=00000002 x6=0000001A x7=00000019 x11=0000001A x12=00000019 x14=00000019 
Time: 3385 ns  Iteration: 0  Process: /tb_cpu/monitor  File: /media/nisitha/My_Passport/MOODLE/Vivado_projects/RISCV_VHDL/rtl/sim/cpu/tb_cpu.vhd
Note: [INST] Addr=00000428, Word=266, Instuction=00000013, Mnemonic=addi x0, x0, 00000000
Time: 3395 ns  Iteration: 0  Process: /tb_cpu/monitor  File: /media/nisitha/My_Passport/MOODLE/Vivado_projects/RISCV_VHDL/rtl/sim/cpu/tb_cpu.vhd
Note: [REGS] x1=0000000F x2=0000000B x3=0000001C x5=00000002 x6=0000001A x7=00000019 x11=0000001A x12=00000019 x14=00000019 
Time: 3395 ns  Iteration: 0  Process: /tb_cpu/monitor  File: /media/nisitha/My_Passport/MOODLE/Vivado_projects/RISCV_VHDL/rtl/sim/cpu/tb_cpu.vhd
Note: [INST] Addr=0000042C, Word=267, Instuction=00000013, Mnemonic=addi x0, x0, 00000000
Time: 3405 ns  Iteration: 0  Process: /tb_cpu/monitor  File: /media/nisitha/My_Passport/MOODLE/Vivado_projects/RISCV_VHDL/rtl/sim/cpu/tb_cpu.vhd
Note: [REGS] x1=0000000F x2=0000000B x3=0000001C x5=00000002 x6=0000001A x7=00000019 x11=0000001A x12=00000019 x14=00000019 
Time: 3405 ns  Iteration: 0  Process: /tb_cpu/monitor  File: /media/nisitha/My_Passport/MOODLE/Vivado_projects/RISCV_VHDL/rtl/sim/cpu/tb_cpu.vhd
Note: [INST] Addr=00000430, Word=268, Instuction=00B00113, Mnemonic=addi x2, x0, 0000000B
Time: 3415 ns  Iteration: 0  Process: /tb_cpu/monitor  File: /media/nisitha/My_Passport/MOODLE/Vivado_projects/RISCV_VHDL/rtl/sim/cpu/tb_cpu.vhd
Note: [REGS] x1=0000000F x2=0000000B x3=0000001C x5=00000002 x6=0000001A x7=00000019 x11=0000001A x12=00000019 x14=00000019 
Time: 3415 ns  Iteration: 0  Process: /tb_cpu/monitor  File: /media/nisitha/My_Passport/MOODLE/Vivado_projects/RISCV_VHDL/rtl/sim/cpu/tb_cpu.vhd
Note: [INST] Addr=00000434, Word=269, Instuction=00208733, Mnemonic=add x14, x1, x2
Time: 3425 ns  Iteration: 0  Process: /tb_cpu/monitor  File: /media/nisitha/My_Passport/MOODLE/Vivado_projects/RISCV_VHDL/rtl/sim/cpu/tb_cpu.vhd
Note: [REGS] x1=0000000F x2=0000000B x3=0000001C x5=00000002 x6=0000001A x7=00000019 x11=0000001A x12=00000019 x14=0000001A 
Time: 3425 ns  Iteration: 0  Process: /tb_cpu/monitor  File: /media/nisitha/My_Passport/MOODLE/Vivado_projects/RISCV_VHDL/rtl/sim/cpu/tb_cpu.vhd
Note: [INST] Addr=00000438, Word=270, Instuction=00120213, Mnemonic=addi x4, x4, 00000001
Time: 3435 ns  Iteration: 0  Process: /tb_cpu/monitor  File: /media/nisitha/My_Passport/MOODLE/Vivado_projects/RISCV_VHDL/rtl/sim/cpu/tb_cpu.vhd
Note: [REGS] x1=0000000F x2=0000000B x3=0000001C x4=00000001 x5=00000002 x6=0000001A x7=00000019 x11=0000001A x12=00000019 x14=0000001A 
Time: 3435 ns  Iteration: 0  Process: /tb_cpu/monitor  File: /media/nisitha/My_Passport/MOODLE/Vivado_projects/RISCV_VHDL/rtl/sim/cpu/tb_cpu.vhd
Note: [INST] Addr=0000043C, Word=271, Instuction=00200293, Mnemonic=addi x5, x0, 00000002
Time: 3445 ns  Iteration: 0  Process: /tb_cpu/monitor  File: /media/nisitha/My_Passport/MOODLE/Vivado_projects/RISCV_VHDL/rtl/sim/cpu/tb_cpu.vhd
Note: [REGS] x1=0000000F x2=0000000B x3=0000001C x4=00000001 x5=00000002 x6=0000001A x7=00000019 x11=0000001A x12=00000019 x14=0000001A 
Time: 3445 ns  Iteration: 0  Process: /tb_cpu/monitor  File: /media/nisitha/My_Passport/MOODLE/Vivado_projects/RISCV_VHDL/rtl/sim/cpu/tb_cpu.vhd
Note: [INST] Addr=00000440, Word=272, Instuction=FE5212E3, Mnemonic=bne x4, x5, FFFFFFE4
Time: 3455 ns  Iteration: 0  Process: /tb_cpu/monitor  File: /media/nisitha/My_Passport/MOODLE/Vivado_projects/RISCV_VHDL/rtl/sim/cpu/tb_cpu.vhd
Note: [REGS] x1=0000000F x2=0000000B x3=0000001C x4=00000001 x5=00000002 x6=0000001A x7=00000019 x11=0000001A x12=00000019 x14=0000001A 
Time: 3455 ns  Iteration: 0  Process: /tb_cpu/monitor  File: /media/nisitha/My_Passport/MOODLE/Vivado_projects/RISCV_VHDL/rtl/sim/cpu/tb_cpu.vhd
Note: [INST] Addr=00000424, Word=265, Instuction=00F00093, Mnemonic=addi x1, x0, 0000000F
Time: 3465 ns  Iteration: 0  Process: /tb_cpu/monitor  File: /media/nisitha/My_Passport/MOODLE/Vivado_projects/RISCV_VHDL/rtl/sim/cpu/tb_cpu.vhd
Note: [REGS] x1=0000000F x2=0000000B x3=0000001C x4=00000001 x5=00000002 x6=0000001A x7=00000019 x11=0000001A x12=00000019 x14=0000001A 
Time: 3465 ns  Iteration: 0  Process: /tb_cpu/monitor  File: /media/nisitha/My_Passport/MOODLE/Vivado_projects/RISCV_VHDL/rtl/sim/cpu/tb_cpu.vhd
Note: [INST] Addr=00000428, Word=266, Instuction=00000013, Mnemonic=addi x0, x0, 00000000
Time: 3475 ns  Iteration: 0  Process: /tb_cpu/monitor  File: /media/nisitha/My_Passport/MOODLE/Vivado_projects/RISCV_VHDL/rtl/sim/cpu/tb_cpu.vhd
Note: [REGS] x1=0000000F x2=0000000B x3=0000001C x4=00000001 x5=00000002 x6=0000001A x7=00000019 x11=0000001A x12=00000019 x14=0000001A 
Time: 3475 ns  Iteration: 0  Process: /tb_cpu/monitor  File: /media/nisitha/My_Passport/MOODLE/Vivado_projects/RISCV_VHDL/rtl/sim/cpu/tb_cpu.vhd
Note: [INST] Addr=0000042C, Word=267, Instuction=00000013, Mnemonic=addi x0, x0, 00000000
Time: 3485 ns  Iteration: 0  Process: /tb_cpu/monitor  File: /media/nisitha/My_Passport/MOODLE/Vivado_projects/RISCV_VHDL/rtl/sim/cpu/tb_cpu.vhd
Note: [REGS] x1=0000000F x2=0000000B x3=0000001C x4=00000001 x5=00000002 x6=0000001A x7=00000019 x11=0000001A x12=00000019 x14=0000001A 
Time: 3485 ns  Iteration: 0  Process: /tb_cpu/monitor  File: /media/nisitha/My_Passport/MOODLE/Vivado_projects/RISCV_VHDL/rtl/sim/cpu/tb_cpu.vhd
Note: [INST] Addr=00000430, Word=268, Instuction=00B00113, Mnemonic=addi x2, x0, 0000000B
Time: 3495 ns  Iteration: 0  Process: /tb_cpu/monitor  File: /media/nisitha/My_Passport/MOODLE/Vivado_projects/RISCV_VHDL/rtl/sim/cpu/tb_cpu.vhd
Note: [REGS] x1=0000000F x2=0000000B x3=0000001C x4=00000001 x5=00000002 x6=0000001A x7=00000019 x11=0000001A x12=00000019 x14=0000001A 
Time: 3495 ns  Iteration: 0  Process: /tb_cpu/monitor  File: /media/nisitha/My_Passport/MOODLE/Vivado_projects/RISCV_VHDL/rtl/sim/cpu/tb_cpu.vhd
Note: [INST] Addr=00000434, Word=269, Instuction=00208733, Mnemonic=add x14, x1, x2
Time: 3505 ns  Iteration: 0  Process: /tb_cpu/monitor  File: /media/nisitha/My_Passport/MOODLE/Vivado_projects/RISCV_VHDL/rtl/sim/cpu/tb_cpu.vhd
Note: [REGS] x1=0000000F x2=0000000B x3=0000001C x4=00000001 x5=00000002 x6=0000001A x7=00000019 x11=0000001A x12=00000019 x14=0000001A 
Time: 3505 ns  Iteration: 0  Process: /tb_cpu/monitor  File: /media/nisitha/My_Passport/MOODLE/Vivado_projects/RISCV_VHDL/rtl/sim/cpu/tb_cpu.vhd
Note: [INST] Addr=00000438, Word=270, Instuction=00120213, Mnemonic=addi x4, x4, 00000001
Time: 3515 ns  Iteration: 0  Process: /tb_cpu/monitor  File: /media/nisitha/My_Passport/MOODLE/Vivado_projects/RISCV_VHDL/rtl/sim/cpu/tb_cpu.vhd
Note: [REGS] x1=0000000F x2=0000000B x3=0000001C x4=00000002 x5=00000002 x6=0000001A x7=00000019 x11=0000001A x12=00000019 x14=0000001A 
Time: 3515 ns  Iteration: 0  Process: /tb_cpu/monitor  File: /media/nisitha/My_Passport/MOODLE/Vivado_projects/RISCV_VHDL/rtl/sim/cpu/tb_cpu.vhd
Note: [INST] Addr=0000043C, Word=271, Instuction=00200293, Mnemonic=addi x5, x0, 00000002
Time: 3525 ns  Iteration: 0  Process: /tb_cpu/monitor  File: /media/nisitha/My_Passport/MOODLE/Vivado_projects/RISCV_VHDL/rtl/sim/cpu/tb_cpu.vhd
Note: [REGS] x1=0000000F x2=0000000B x3=0000001C x4=00000002 x5=00000002 x6=0000001A x7=00000019 x11=0000001A x12=00000019 x14=0000001A 
Time: 3525 ns  Iteration: 0  Process: /tb_cpu/monitor  File: /media/nisitha/My_Passport/MOODLE/Vivado_projects/RISCV_VHDL/rtl/sim/cpu/tb_cpu.vhd
Note: [INST] Addr=00000440, Word=272, Instuction=FE5212E3, Mnemonic=bne x4, x5, FFFFFFE4
Time: 3535 ns  Iteration: 0  Process: /tb_cpu/monitor  File: /media/nisitha/My_Passport/MOODLE/Vivado_projects/RISCV_VHDL/rtl/sim/cpu/tb_cpu.vhd
Note: [REGS] x1=0000000F x2=0000000B x3=0000001C x4=00000002 x5=00000002 x6=0000001A x7=00000019 x11=0000001A x12=00000019 x14=0000001A 
Time: 3535 ns  Iteration: 0  Process: /tb_cpu/monitor  File: /media/nisitha/My_Passport/MOODLE/Vivado_projects/RISCV_VHDL/rtl/sim/cpu/tb_cpu.vhd
Note: [INST] Addr=00000444, Word=273, Instuction=01A00393, Mnemonic=addi x7, x0, 0000001A
Time: 3545 ns  Iteration: 0  Process: /tb_cpu/monitor  File: /media/nisitha/My_Passport/MOODLE/Vivado_projects/RISCV_VHDL/rtl/sim/cpu/tb_cpu.vhd
Note: [REGS] x1=0000000F x2=0000000B x3=0000001C x4=00000002 x5=00000002 x6=0000001A x7=0000001A x11=0000001A x12=00000019 x14=0000001A 
Time: 3545 ns  Iteration: 0  Process: /tb_cpu/monitor  File: /media/nisitha/My_Passport/MOODLE/Vivado_projects/RISCV_VHDL/rtl/sim/cpu/tb_cpu.vhd
Note: [INST] Addr=00000448, Word=274, Instuction=16771463, Mnemonic=bne x14, x7, 00000168
Time: 3555 ns  Iteration: 0  Process: /tb_cpu/monitor  File: /media/nisitha/My_Passport/MOODLE/Vivado_projects/RISCV_VHDL/rtl/sim/cpu/tb_cpu.vhd
Note: [REGS] x1=0000000F x2=0000000B x3=0000001C x4=00000002 x5=00000002 x6=0000001A x7=0000001A x11=0000001A x12=00000019 x14=0000001A 
Time: 3555 ns  Iteration: 0  Process: /tb_cpu/monitor  File: /media/nisitha/My_Passport/MOODLE/Vivado_projects/RISCV_VHDL/rtl/sim/cpu/tb_cpu.vhd
Note: [INST] Addr=0000044C, Word=275, Instuction=01D00193, Mnemonic=addi x3, x0, 0000001D
Time: 3565 ns  Iteration: 0  Process: /tb_cpu/monitor  File: /media/nisitha/My_Passport/MOODLE/Vivado_projects/RISCV_VHDL/rtl/sim/cpu/tb_cpu.vhd
Note: [REGS] x1=0000000F x2=0000000B x3=0000001D x4=00000002 x5=00000002 x6=0000001A x7=0000001A x11=0000001A x12=00000019 x14=0000001A 
Time: 3565 ns  Iteration: 0  Process: /tb_cpu/monitor  File: /media/nisitha/My_Passport/MOODLE/Vivado_projects/RISCV_VHDL/rtl/sim/cpu/tb_cpu.vhd
Note: [INST] Addr=00000450, Word=276, Instuction=00000213, Mnemonic=addi x4, x0, 00000000
Time: 3575 ns  Iteration: 0  Process: /tb_cpu/monitor  File: /media/nisitha/My_Passport/MOODLE/Vivado_projects/RISCV_VHDL/rtl/sim/cpu/tb_cpu.vhd
Note: [REGS] x1=0000000F x2=0000000B x3=0000001D x5=00000002 x6=0000001A x7=0000001A x11=0000001A x12=00000019 x14=0000001A 
Time: 3575 ns  Iteration: 0  Process: /tb_cpu/monitor  File: /media/nisitha/My_Passport/MOODLE/Vivado_projects/RISCV_VHDL/rtl/sim/cpu/tb_cpu.vhd
Note: [INST] Addr=00000454, Word=277, Instuction=00B00113, Mnemonic=addi x2, x0, 0000000B
Time: 3585 ns  Iteration: 0  Process: /tb_cpu/monitor  File: /media/nisitha/My_Passport/MOODLE/Vivado_projects/RISCV_VHDL/rtl/sim/cpu/tb_cpu.vhd
Note: [REGS] x1=0000000F x2=0000000B x3=0000001D x5=00000002 x6=0000001A x7=0000001A x11=0000001A x12=00000019 x14=0000001A 
Time: 3585 ns  Iteration: 0  Process: /tb_cpu/monitor  File: /media/nisitha/My_Passport/MOODLE/Vivado_projects/RISCV_VHDL/rtl/sim/cpu/tb_cpu.vhd
Note: [INST] Addr=00000458, Word=278, Instuction=00D00093, Mnemonic=addi x1, x0, 0000000D
Time: 3595 ns  Iteration: 0  Process: /tb_cpu/monitor  File: /media/nisitha/My_Passport/MOODLE/Vivado_projects/RISCV_VHDL/rtl/sim/cpu/tb_cpu.vhd
Note: [REGS] x1=0000000D x2=0000000B x3=0000001D x5=00000002 x6=0000001A x7=0000001A x11=0000001A x12=00000019 x14=0000001A 
Time: 3595 ns  Iteration: 0  Process: /tb_cpu/monitor  File: /media/nisitha/My_Passport/MOODLE/Vivado_projects/RISCV_VHDL/rtl/sim/cpu/tb_cpu.vhd
Note: [INST] Addr=0000045C, Word=279, Instuction=00208733, Mnemonic=add x14, x1, x2
Time: 3605 ns  Iteration: 0  Process: /tb_cpu/monitor  File: /media/nisitha/My_Passport/MOODLE/Vivado_projects/RISCV_VHDL/rtl/sim/cpu/tb_cpu.vhd
Note: [REGS] x1=0000000D x2=0000000B x3=0000001D x5=00000002 x6=0000001A x7=0000001A x11=0000001A x12=00000019 x14=00000018 
Time: 3605 ns  Iteration: 0  Process: /tb_cpu/monitor  File: /media/nisitha/My_Passport/MOODLE/Vivado_projects/RISCV_VHDL/rtl/sim/cpu/tb_cpu.vhd
Note: [INST] Addr=00000460, Word=280, Instuction=00120213, Mnemonic=addi x4, x4, 00000001
Time: 3615 ns  Iteration: 0  Process: /tb_cpu/monitor  File: /media/nisitha/My_Passport/MOODLE/Vivado_projects/RISCV_VHDL/rtl/sim/cpu/tb_cpu.vhd
Note: [REGS] x1=0000000D x2=0000000B x3=0000001D x4=00000001 x5=00000002 x6=0000001A x7=0000001A x11=0000001A x12=00000019 x14=00000018 
Time: 3615 ns  Iteration: 0  Process: /tb_cpu/monitor  File: /media/nisitha/My_Passport/MOODLE/Vivado_projects/RISCV_VHDL/rtl/sim/cpu/tb_cpu.vhd
Note: [INST] Addr=00000464, Word=281, Instuction=00200293, Mnemonic=addi x5, x0, 00000002
Time: 3625 ns  Iteration: 0  Process: /tb_cpu/monitor  File: /media/nisitha/My_Passport/MOODLE/Vivado_projects/RISCV_VHDL/rtl/sim/cpu/tb_cpu.vhd
Note: [REGS] x1=0000000D x2=0000000B x3=0000001D x4=00000001 x5=00000002 x6=0000001A x7=0000001A x11=0000001A x12=00000019 x14=00000018 
Time: 3625 ns  Iteration: 0  Process: /tb_cpu/monitor  File: /media/nisitha/My_Passport/MOODLE/Vivado_projects/RISCV_VHDL/rtl/sim/cpu/tb_cpu.vhd
Note: [INST] Addr=00000468, Word=282, Instuction=FE5216E3, Mnemonic=bne x4, x5, FFFFFFEC
Time: 3635 ns  Iteration: 0  Process: /tb_cpu/monitor  File: /media/nisitha/My_Passport/MOODLE/Vivado_projects/RISCV_VHDL/rtl/sim/cpu/tb_cpu.vhd
Note: [REGS] x1=0000000D x2=0000000B x3=0000001D x4=00000001 x5=00000002 x6=0000001A x7=0000001A x11=0000001A x12=00000019 x14=00000018 
Time: 3635 ns  Iteration: 0  Process: /tb_cpu/monitor  File: /media/nisitha/My_Passport/MOODLE/Vivado_projects/RISCV_VHDL/rtl/sim/cpu/tb_cpu.vhd
Note: [INST] Addr=00000454, Word=277, Instuction=00B00113, Mnemonic=addi x2, x0, 0000000B
Time: 3645 ns  Iteration: 0  Process: /tb_cpu/monitor  File: /media/nisitha/My_Passport/MOODLE/Vivado_projects/RISCV_VHDL/rtl/sim/cpu/tb_cpu.vhd
Note: [REGS] x1=0000000D x2=0000000B x3=0000001D x4=00000001 x5=00000002 x6=0000001A x7=0000001A x11=0000001A x12=00000019 x14=00000018 
Time: 3645 ns  Iteration: 0  Process: /tb_cpu/monitor  File: /media/nisitha/My_Passport/MOODLE/Vivado_projects/RISCV_VHDL/rtl/sim/cpu/tb_cpu.vhd
Note: [INST] Addr=00000458, Word=278, Instuction=00D00093, Mnemonic=addi x1, x0, 0000000D
Time: 3655 ns  Iteration: 0  Process: /tb_cpu/monitor  File: /media/nisitha/My_Passport/MOODLE/Vivado_projects/RISCV_VHDL/rtl/sim/cpu/tb_cpu.vhd
Note: [REGS] x1=0000000D x2=0000000B x3=0000001D x4=00000001 x5=00000002 x6=0000001A x7=0000001A x11=0000001A x12=00000019 x14=00000018 
Time: 3655 ns  Iteration: 0  Process: /tb_cpu/monitor  File: /media/nisitha/My_Passport/MOODLE/Vivado_projects/RISCV_VHDL/rtl/sim/cpu/tb_cpu.vhd
Note: [INST] Addr=0000045C, Word=279, Instuction=00208733, Mnemonic=add x14, x1, x2
Time: 3665 ns  Iteration: 0  Process: /tb_cpu/monitor  File: /media/nisitha/My_Passport/MOODLE/Vivado_projects/RISCV_VHDL/rtl/sim/cpu/tb_cpu.vhd
Note: [REGS] x1=0000000D x2=0000000B x3=0000001D x4=00000001 x5=00000002 x6=0000001A x7=0000001A x11=0000001A x12=00000019 x14=00000018 
Time: 3665 ns  Iteration: 0  Process: /tb_cpu/monitor  File: /media/nisitha/My_Passport/MOODLE/Vivado_projects/RISCV_VHDL/rtl/sim/cpu/tb_cpu.vhd
Note: [INST] Addr=00000460, Word=280, Instuction=00120213, Mnemonic=addi x4, x4, 00000001
Time: 3675 ns  Iteration: 0  Process: /tb_cpu/monitor  File: /media/nisitha/My_Passport/MOODLE/Vivado_projects/RISCV_VHDL/rtl/sim/cpu/tb_cpu.vhd
Note: [REGS] x1=0000000D x2=0000000B x3=0000001D x4=00000002 x5=00000002 x6=0000001A x7=0000001A x11=0000001A x12=00000019 x14=00000018 
Time: 3675 ns  Iteration: 0  Process: /tb_cpu/monitor  File: /media/nisitha/My_Passport/MOODLE/Vivado_projects/RISCV_VHDL/rtl/sim/cpu/tb_cpu.vhd
Note: [INST] Addr=00000464, Word=281, Instuction=00200293, Mnemonic=addi x5, x0, 00000002
Time: 3685 ns  Iteration: 0  Process: /tb_cpu/monitor  File: /media/nisitha/My_Passport/MOODLE/Vivado_projects/RISCV_VHDL/rtl/sim/cpu/tb_cpu.vhd
Note: [REGS] x1=0000000D x2=0000000B x3=0000001D x4=00000002 x5=00000002 x6=0000001A x7=0000001A x11=0000001A x12=00000019 x14=00000018 
Time: 3685 ns  Iteration: 0  Process: /tb_cpu/monitor  File: /media/nisitha/My_Passport/MOODLE/Vivado_projects/RISCV_VHDL/rtl/sim/cpu/tb_cpu.vhd
Note: [INST] Addr=00000468, Word=282, Instuction=FE5216E3, Mnemonic=bne x4, x5, FFFFFFEC
Time: 3695 ns  Iteration: 0  Process: /tb_cpu/monitor  File: /media/nisitha/My_Passport/MOODLE/Vivado_projects/RISCV_VHDL/rtl/sim/cpu/tb_cpu.vhd
Note: [REGS] x1=0000000D x2=0000000B x3=0000001D x4=00000002 x5=00000002 x6=0000001A x7=0000001A x11=0000001A x12=00000019 x14=00000018 
Time: 3695 ns  Iteration: 0  Process: /tb_cpu/monitor  File: /media/nisitha/My_Passport/MOODLE/Vivado_projects/RISCV_VHDL/rtl/sim/cpu/tb_cpu.vhd
Note: [INST] Addr=0000046C, Word=283, Instuction=01800393, Mnemonic=addi x7, x0, 00000018
Time: 3705 ns  Iteration: 0  Process: /tb_cpu/monitor  File: /media/nisitha/My_Passport/MOODLE/Vivado_projects/RISCV_VHDL/rtl/sim/cpu/tb_cpu.vhd
Note: [REGS] x1=0000000D x2=0000000B x3=0000001D x4=00000002 x5=00000002 x6=0000001A x7=00000018 x11=0000001A x12=00000019 x14=00000018 
Time: 3705 ns  Iteration: 0  Process: /tb_cpu/monitor  File: /media/nisitha/My_Passport/MOODLE/Vivado_projects/RISCV_VHDL/rtl/sim/cpu/tb_cpu.vhd
Note: [INST] Addr=00000470, Word=284, Instuction=14771063, Mnemonic=bne x14, x7, 00000140
Time: 3715 ns  Iteration: 0  Process: /tb_cpu/monitor  File: /media/nisitha/My_Passport/MOODLE/Vivado_projects/RISCV_VHDL/rtl/sim/cpu/tb_cpu.vhd
Note: [REGS] x1=0000000D x2=0000000B x3=0000001D x4=00000002 x5=00000002 x6=0000001A x7=00000018 x11=0000001A x12=00000019 x14=00000018 
Time: 3715 ns  Iteration: 0  Process: /tb_cpu/monitor  File: /media/nisitha/My_Passport/MOODLE/Vivado_projects/RISCV_VHDL/rtl/sim/cpu/tb_cpu.vhd
Note: [INST] Addr=00000474, Word=285, Instuction=01E00193, Mnemonic=addi x3, x0, 0000001E
Time: 3725 ns  Iteration: 0  Process: /tb_cpu/monitor  File: /media/nisitha/My_Passport/MOODLE/Vivado_projects/RISCV_VHDL/rtl/sim/cpu/tb_cpu.vhd
Note: [REGS] x1=0000000D x2=0000000B x3=0000001E x4=00000002 x5=00000002 x6=0000001A x7=00000018 x11=0000001A x12=00000019 x14=00000018 
Time: 3725 ns  Iteration: 0  Process: /tb_cpu/monitor  File: /media/nisitha/My_Passport/MOODLE/Vivado_projects/RISCV_VHDL/rtl/sim/cpu/tb_cpu.vhd
Note: [INST] Addr=00000478, Word=286, Instuction=00000213, Mnemonic=addi x4, x0, 00000000
Time: 3735 ns  Iteration: 0  Process: /tb_cpu/monitor  File: /media/nisitha/My_Passport/MOODLE/Vivado_projects/RISCV_VHDL/rtl/sim/cpu/tb_cpu.vhd
Note: [REGS] x1=0000000D x2=0000000B x3=0000001E x5=00000002 x6=0000001A x7=00000018 x11=0000001A x12=00000019 x14=00000018 
Time: 3735 ns  Iteration: 0  Process: /tb_cpu/monitor  File: /media/nisitha/My_Passport/MOODLE/Vivado_projects/RISCV_VHDL/rtl/sim/cpu/tb_cpu.vhd
Note: [INST] Addr=0000047C, Word=287, Instuction=00B00113, Mnemonic=addi x2, x0, 0000000B
Time: 3745 ns  Iteration: 0  Process: /tb_cpu/monitor  File: /media/nisitha/My_Passport/MOODLE/Vivado_projects/RISCV_VHDL/rtl/sim/cpu/tb_cpu.vhd
Note: [REGS] x1=0000000D x2=0000000B x3=0000001E x5=00000002 x6=0000001A x7=00000018 x11=0000001A x12=00000019 x14=00000018 
Time: 3745 ns  Iteration: 0  Process: /tb_cpu/monitor  File: /media/nisitha/My_Passport/MOODLE/Vivado_projects/RISCV_VHDL/rtl/sim/cpu/tb_cpu.vhd
Note: [INST] Addr=00000480, Word=288, Instuction=00E00093, Mnemonic=addi x1, x0, 0000000E
Time: 3755 ns  Iteration: 0  Process: /tb_cpu/monitor  File: /media/nisitha/My_Passport/MOODLE/Vivado_projects/RISCV_VHDL/rtl/sim/cpu/tb_cpu.vhd
Note: [REGS] x1=0000000E x2=0000000B x3=0000001E x5=00000002 x6=0000001A x7=00000018 x11=0000001A x12=00000019 x14=00000018 
Time: 3755 ns  Iteration: 0  Process: /tb_cpu/monitor  File: /media/nisitha/My_Passport/MOODLE/Vivado_projects/RISCV_VHDL/rtl/sim/cpu/tb_cpu.vhd
Note: [INST] Addr=00000484, Word=289, Instuction=00000013, Mnemonic=addi x0, x0, 00000000
Time: 3765 ns  Iteration: 0  Process: /tb_cpu/monitor  File: /media/nisitha/My_Passport/MOODLE/Vivado_projects/RISCV_VHDL/rtl/sim/cpu/tb_cpu.vhd
Note: [REGS] x1=0000000E x2=0000000B x3=0000001E x5=00000002 x6=0000001A x7=00000018 x11=0000001A x12=00000019 x14=00000018 
Time: 3765 ns  Iteration: 0  Process: /tb_cpu/monitor  File: /media/nisitha/My_Passport/MOODLE/Vivado_projects/RISCV_VHDL/rtl/sim/cpu/tb_cpu.vhd
Note: [INST] Addr=00000488, Word=290, Instuction=00208733, Mnemonic=add x14, x1, x2
Time: 3775 ns  Iteration: 0  Process: /tb_cpu/monitor  File: /media/nisitha/My_Passport/MOODLE/Vivado_projects/RISCV_VHDL/rtl/sim/cpu/tb_cpu.vhd
Note: [REGS] x1=0000000E x2=0000000B x3=0000001E x5=00000002 x6=0000001A x7=00000018 x11=0000001A x12=00000019 x14=00000019 
Time: 3775 ns  Iteration: 0  Process: /tb_cpu/monitor  File: /media/nisitha/My_Passport/MOODLE/Vivado_projects/RISCV_VHDL/rtl/sim/cpu/tb_cpu.vhd
Note: [INST] Addr=0000048C, Word=291, Instuction=00120213, Mnemonic=addi x4, x4, 00000001
Time: 3785 ns  Iteration: 0  Process: /tb_cpu/monitor  File: /media/nisitha/My_Passport/MOODLE/Vivado_projects/RISCV_VHDL/rtl/sim/cpu/tb_cpu.vhd
Note: [REGS] x1=0000000E x2=0000000B x3=0000001E x4=00000001 x5=00000002 x6=0000001A x7=00000018 x11=0000001A x12=00000019 x14=00000019 
Time: 3785 ns  Iteration: 0  Process: /tb_cpu/monitor  File: /media/nisitha/My_Passport/MOODLE/Vivado_projects/RISCV_VHDL/rtl/sim/cpu/tb_cpu.vhd
Note: [INST] Addr=00000490, Word=292, Instuction=00200293, Mnemonic=addi x5, x0, 00000002
Time: 3795 ns  Iteration: 0  Process: /tb_cpu/monitor  File: /media/nisitha/My_Passport/MOODLE/Vivado_projects/RISCV_VHDL/rtl/sim/cpu/tb_cpu.vhd
Note: [REGS] x1=0000000E x2=0000000B x3=0000001E x4=00000001 x5=00000002 x6=0000001A x7=00000018 x11=0000001A x12=00000019 x14=00000019 
Time: 3795 ns  Iteration: 0  Process: /tb_cpu/monitor  File: /media/nisitha/My_Passport/MOODLE/Vivado_projects/RISCV_VHDL/rtl/sim/cpu/tb_cpu.vhd
Note: [INST] Addr=00000494, Word=293, Instuction=FE5214E3, Mnemonic=bne x4, x5, FFFFFFE8
Time: 3805 ns  Iteration: 0  Process: /tb_cpu/monitor  File: /media/nisitha/My_Passport/MOODLE/Vivado_projects/RISCV_VHDL/rtl/sim/cpu/tb_cpu.vhd
Note: [REGS] x1=0000000E x2=0000000B x3=0000001E x4=00000001 x5=00000002 x6=0000001A x7=00000018 x11=0000001A x12=00000019 x14=00000019 
Time: 3805 ns  Iteration: 0  Process: /tb_cpu/monitor  File: /media/nisitha/My_Passport/MOODLE/Vivado_projects/RISCV_VHDL/rtl/sim/cpu/tb_cpu.vhd
Note: [INST] Addr=0000047C, Word=287, Instuction=00B00113, Mnemonic=addi x2, x0, 0000000B
Time: 3815 ns  Iteration: 0  Process: /tb_cpu/monitor  File: /media/nisitha/My_Passport/MOODLE/Vivado_projects/RISCV_VHDL/rtl/sim/cpu/tb_cpu.vhd
Note: [REGS] x1=0000000E x2=0000000B x3=0000001E x4=00000001 x5=00000002 x6=0000001A x7=00000018 x11=0000001A x12=00000019 x14=00000019 
Time: 3815 ns  Iteration: 0  Process: /tb_cpu/monitor  File: /media/nisitha/My_Passport/MOODLE/Vivado_projects/RISCV_VHDL/rtl/sim/cpu/tb_cpu.vhd
Note: [INST] Addr=00000480, Word=288, Instuction=00E00093, Mnemonic=addi x1, x0, 0000000E
Time: 3825 ns  Iteration: 0  Process: /tb_cpu/monitor  File: /media/nisitha/My_Passport/MOODLE/Vivado_projects/RISCV_VHDL/rtl/sim/cpu/tb_cpu.vhd
Note: [REGS] x1=0000000E x2=0000000B x3=0000001E x4=00000001 x5=00000002 x6=0000001A x7=00000018 x11=0000001A x12=00000019 x14=00000019 
Time: 3825 ns  Iteration: 0  Process: /tb_cpu/monitor  File: /media/nisitha/My_Passport/MOODLE/Vivado_projects/RISCV_VHDL/rtl/sim/cpu/tb_cpu.vhd
Note: [INST] Addr=00000484, Word=289, Instuction=00000013, Mnemonic=addi x0, x0, 00000000
Time: 3835 ns  Iteration: 0  Process: /tb_cpu/monitor  File: /media/nisitha/My_Passport/MOODLE/Vivado_projects/RISCV_VHDL/rtl/sim/cpu/tb_cpu.vhd
Note: [REGS] x1=0000000E x2=0000000B x3=0000001E x4=00000001 x5=00000002 x6=0000001A x7=00000018 x11=0000001A x12=00000019 x14=00000019 
Time: 3835 ns  Iteration: 0  Process: /tb_cpu/monitor  File: /media/nisitha/My_Passport/MOODLE/Vivado_projects/RISCV_VHDL/rtl/sim/cpu/tb_cpu.vhd
Note: [INST] Addr=00000488, Word=290, Instuction=00208733, Mnemonic=add x14, x1, x2
Time: 3845 ns  Iteration: 0  Process: /tb_cpu/monitor  File: /media/nisitha/My_Passport/MOODLE/Vivado_projects/RISCV_VHDL/rtl/sim/cpu/tb_cpu.vhd
Note: [REGS] x1=0000000E x2=0000000B x3=0000001E x4=00000001 x5=00000002 x6=0000001A x7=00000018 x11=0000001A x12=00000019 x14=00000019 
Time: 3845 ns  Iteration: 0  Process: /tb_cpu/monitor  File: /media/nisitha/My_Passport/MOODLE/Vivado_projects/RISCV_VHDL/rtl/sim/cpu/tb_cpu.vhd
Note: [INST] Addr=0000048C, Word=291, Instuction=00120213, Mnemonic=addi x4, x4, 00000001
Time: 3855 ns  Iteration: 0  Process: /tb_cpu/monitor  File: /media/nisitha/My_Passport/MOODLE/Vivado_projects/RISCV_VHDL/rtl/sim/cpu/tb_cpu.vhd
Note: [REGS] x1=0000000E x2=0000000B x3=0000001E x4=00000002 x5=00000002 x6=0000001A x7=00000018 x11=0000001A x12=00000019 x14=00000019 
Time: 3855 ns  Iteration: 0  Process: /tb_cpu/monitor  File: /media/nisitha/My_Passport/MOODLE/Vivado_projects/RISCV_VHDL/rtl/sim/cpu/tb_cpu.vhd
Note: [INST] Addr=00000490, Word=292, Instuction=00200293, Mnemonic=addi x5, x0, 00000002
Time: 3865 ns  Iteration: 0  Process: /tb_cpu/monitor  File: /media/nisitha/My_Passport/MOODLE/Vivado_projects/RISCV_VHDL/rtl/sim/cpu/tb_cpu.vhd
Note: [REGS] x1=0000000E x2=0000000B x3=0000001E x4=00000002 x5=00000002 x6=0000001A x7=00000018 x11=0000001A x12=00000019 x14=00000019 
Time: 3865 ns  Iteration: 0  Process: /tb_cpu/monitor  File: /media/nisitha/My_Passport/MOODLE/Vivado_projects/RISCV_VHDL/rtl/sim/cpu/tb_cpu.vhd
Note: [INST] Addr=00000494, Word=293, Instuction=FE5214E3, Mnemonic=bne x4, x5, FFFFFFE8
Time: 3875 ns  Iteration: 0  Process: /tb_cpu/monitor  File: /media/nisitha/My_Passport/MOODLE/Vivado_projects/RISCV_VHDL/rtl/sim/cpu/tb_cpu.vhd
Note: [REGS] x1=0000000E x2=0000000B x3=0000001E x4=00000002 x5=00000002 x6=0000001A x7=00000018 x11=0000001A x12=00000019 x14=00000019 
Time: 3875 ns  Iteration: 0  Process: /tb_cpu/monitor  File: /media/nisitha/My_Passport/MOODLE/Vivado_projects/RISCV_VHDL/rtl/sim/cpu/tb_cpu.vhd
Note: [INST] Addr=00000498, Word=294, Instuction=01900393, Mnemonic=addi x7, x0, 00000019
Time: 3885 ns  Iteration: 0  Process: /tb_cpu/monitor  File: /media/nisitha/My_Passport/MOODLE/Vivado_projects/RISCV_VHDL/rtl/sim/cpu/tb_cpu.vhd
Note: [REGS] x1=0000000E x2=0000000B x3=0000001E x4=00000002 x5=00000002 x6=0000001A x7=00000019 x11=0000001A x12=00000019 x14=00000019 
Time: 3885 ns  Iteration: 0  Process: /tb_cpu/monitor  File: /media/nisitha/My_Passport/MOODLE/Vivado_projects/RISCV_VHDL/rtl/sim/cpu/tb_cpu.vhd
Note: [INST] Addr=0000049C, Word=295, Instuction=10771A63, Mnemonic=bne x14, x7, 00000114
Time: 3895 ns  Iteration: 0  Process: /tb_cpu/monitor  File: /media/nisitha/My_Passport/MOODLE/Vivado_projects/RISCV_VHDL/rtl/sim/cpu/tb_cpu.vhd
Note: [REGS] x1=0000000E x2=0000000B x3=0000001E x4=00000002 x5=00000002 x6=0000001A x7=00000019 x11=0000001A x12=00000019 x14=00000019 
Time: 3895 ns  Iteration: 0  Process: /tb_cpu/monitor  File: /media/nisitha/My_Passport/MOODLE/Vivado_projects/RISCV_VHDL/rtl/sim/cpu/tb_cpu.vhd
Note: [INST] Addr=000004A0, Word=296, Instuction=01F00193, Mnemonic=addi x3, x0, 0000001F
Time: 3905 ns  Iteration: 0  Process: /tb_cpu/monitor  File: /media/nisitha/My_Passport/MOODLE/Vivado_projects/RISCV_VHDL/rtl/sim/cpu/tb_cpu.vhd
Note: [REGS] x1=0000000E x2=0000000B x3=0000001F x4=00000002 x5=00000002 x6=0000001A x7=00000019 x11=0000001A x12=00000019 x14=00000019 
Time: 3905 ns  Iteration: 0  Process: /tb_cpu/monitor  File: /media/nisitha/My_Passport/MOODLE/Vivado_projects/RISCV_VHDL/rtl/sim/cpu/tb_cpu.vhd
Note: [INST] Addr=000004A4, Word=297, Instuction=00000213, Mnemonic=addi x4, x0, 00000000
Time: 3915 ns  Iteration: 0  Process: /tb_cpu/monitor  File: /media/nisitha/My_Passport/MOODLE/Vivado_projects/RISCV_VHDL/rtl/sim/cpu/tb_cpu.vhd
Note: [REGS] x1=0000000E x2=0000000B x3=0000001F x5=00000002 x6=0000001A x7=00000019 x11=0000001A x12=00000019 x14=00000019 
Time: 3915 ns  Iteration: 0  Process: /tb_cpu/monitor  File: /media/nisitha/My_Passport/MOODLE/Vivado_projects/RISCV_VHDL/rtl/sim/cpu/tb_cpu.vhd
Note: [INST] Addr=000004A8, Word=298, Instuction=00B00113, Mnemonic=addi x2, x0, 0000000B
Time: 3925 ns  Iteration: 0  Process: /tb_cpu/monitor  File: /media/nisitha/My_Passport/MOODLE/Vivado_projects/RISCV_VHDL/rtl/sim/cpu/tb_cpu.vhd
Note: [REGS] x1=0000000E x2=0000000B x3=0000001F x5=00000002 x6=0000001A x7=00000019 x11=0000001A x12=00000019 x14=00000019 
Time: 3925 ns  Iteration: 0  Process: /tb_cpu/monitor  File: /media/nisitha/My_Passport/MOODLE/Vivado_projects/RISCV_VHDL/rtl/sim/cpu/tb_cpu.vhd
Note: [INST] Addr=000004AC, Word=299, Instuction=00F00093, Mnemonic=addi x1, x0, 0000000F
Time: 3935 ns  Iteration: 0  Process: /tb_cpu/monitor  File: /media/nisitha/My_Passport/MOODLE/Vivado_projects/RISCV_VHDL/rtl/sim/cpu/tb_cpu.vhd
Note: [REGS] x1=0000000F x2=0000000B x3=0000001F x5=00000002 x6=0000001A x7=00000019 x11=0000001A x12=00000019 x14=00000019 
Time: 3935 ns  Iteration: 0  Process: /tb_cpu/monitor  File: /media/nisitha/My_Passport/MOODLE/Vivado_projects/RISCV_VHDL/rtl/sim/cpu/tb_cpu.vhd
Note: [INST] Addr=000004B0, Word=300, Instuction=00000013, Mnemonic=addi x0, x0, 00000000
Time: 3945 ns  Iteration: 0  Process: /tb_cpu/monitor  File: /media/nisitha/My_Passport/MOODLE/Vivado_projects/RISCV_VHDL/rtl/sim/cpu/tb_cpu.vhd
Note: [REGS] x1=0000000F x2=0000000B x3=0000001F x5=00000002 x6=0000001A x7=00000019 x11=0000001A x12=00000019 x14=00000019 
Time: 3945 ns  Iteration: 0  Process: /tb_cpu/monitor  File: /media/nisitha/My_Passport/MOODLE/Vivado_projects/RISCV_VHDL/rtl/sim/cpu/tb_cpu.vhd
Note: [INST] Addr=000004B4, Word=301, Instuction=00000013, Mnemonic=addi x0, x0, 00000000
Time: 3955 ns  Iteration: 0  Process: /tb_cpu/monitor  File: /media/nisitha/My_Passport/MOODLE/Vivado_projects/RISCV_VHDL/rtl/sim/cpu/tb_cpu.vhd
Note: [REGS] x1=0000000F x2=0000000B x3=0000001F x5=00000002 x6=0000001A x7=00000019 x11=0000001A x12=00000019 x14=00000019 
Time: 3955 ns  Iteration: 0  Process: /tb_cpu/monitor  File: /media/nisitha/My_Passport/MOODLE/Vivado_projects/RISCV_VHDL/rtl/sim/cpu/tb_cpu.vhd
Note: [INST] Addr=000004B8, Word=302, Instuction=00208733, Mnemonic=add x14, x1, x2
Time: 3965 ns  Iteration: 0  Process: /tb_cpu/monitor  File: /media/nisitha/My_Passport/MOODLE/Vivado_projects/RISCV_VHDL/rtl/sim/cpu/tb_cpu.vhd
Note: [REGS] x1=0000000F x2=0000000B x3=0000001F x5=00000002 x6=0000001A x7=00000019 x11=0000001A x12=00000019 x14=0000001A 
Time: 3965 ns  Iteration: 0  Process: /tb_cpu/monitor  File: /media/nisitha/My_Passport/MOODLE/Vivado_projects/RISCV_VHDL/rtl/sim/cpu/tb_cpu.vhd
Note: [INST] Addr=000004BC, Word=303, Instuction=00120213, Mnemonic=addi x4, x4, 00000001
Time: 3975 ns  Iteration: 0  Process: /tb_cpu/monitor  File: /media/nisitha/My_Passport/MOODLE/Vivado_projects/RISCV_VHDL/rtl/sim/cpu/tb_cpu.vhd
Note: [REGS] x1=0000000F x2=0000000B x3=0000001F x4=00000001 x5=00000002 x6=0000001A x7=00000019 x11=0000001A x12=00000019 x14=0000001A 
Time: 3975 ns  Iteration: 0  Process: /tb_cpu/monitor  File: /media/nisitha/My_Passport/MOODLE/Vivado_projects/RISCV_VHDL/rtl/sim/cpu/tb_cpu.vhd
Note: [INST] Addr=000004C0, Word=304, Instuction=00200293, Mnemonic=addi x5, x0, 00000002
Time: 3985 ns  Iteration: 0  Process: /tb_cpu/monitor  File: /media/nisitha/My_Passport/MOODLE/Vivado_projects/RISCV_VHDL/rtl/sim/cpu/tb_cpu.vhd
Note: [REGS] x1=0000000F x2=0000000B x3=0000001F x4=00000001 x5=00000002 x6=0000001A x7=00000019 x11=0000001A x12=00000019 x14=0000001A 
Time: 3985 ns  Iteration: 0  Process: /tb_cpu/monitor  File: /media/nisitha/My_Passport/MOODLE/Vivado_projects/RISCV_VHDL/rtl/sim/cpu/tb_cpu.vhd
Note: [INST] Addr=000004C4, Word=305, Instuction=FE5212E3, Mnemonic=bne x4, x5, FFFFFFE4
Time: 3995 ns  Iteration: 0  Process: /tb_cpu/monitor  File: /media/nisitha/My_Passport/MOODLE/Vivado_projects/RISCV_VHDL/rtl/sim/cpu/tb_cpu.vhd
Note: [REGS] x1=0000000F x2=0000000B x3=0000001F x4=00000001 x5=00000002 x6=0000001A x7=00000019 x11=0000001A x12=00000019 x14=0000001A 
Time: 3995 ns  Iteration: 0  Process: /tb_cpu/monitor  File: /media/nisitha/My_Passport/MOODLE/Vivado_projects/RISCV_VHDL/rtl/sim/cpu/tb_cpu.vhd
Note: [INST] Addr=000004A8, Word=298, Instuction=00B00113, Mnemonic=addi x2, x0, 0000000B
Time: 4005 ns  Iteration: 0  Process: /tb_cpu/monitor  File: /media/nisitha/My_Passport/MOODLE/Vivado_projects/RISCV_VHDL/rtl/sim/cpu/tb_cpu.vhd
Note: [REGS] x1=0000000F x2=0000000B x3=0000001F x4=00000001 x5=00000002 x6=0000001A x7=00000019 x11=0000001A x12=00000019 x14=0000001A 
Time: 4005 ns  Iteration: 0  Process: /tb_cpu/monitor  File: /media/nisitha/My_Passport/MOODLE/Vivado_projects/RISCV_VHDL/rtl/sim/cpu/tb_cpu.vhd
Note: [INST] Addr=000004AC, Word=299, Instuction=00F00093, Mnemonic=addi x1, x0, 0000000F
Time: 4015 ns  Iteration: 0  Process: /tb_cpu/monitor  File: /media/nisitha/My_Passport/MOODLE/Vivado_projects/RISCV_VHDL/rtl/sim/cpu/tb_cpu.vhd
Note: [REGS] x1=0000000F x2=0000000B x3=0000001F x4=00000001 x5=00000002 x6=0000001A x7=00000019 x11=0000001A x12=00000019 x14=0000001A 
Time: 4015 ns  Iteration: 0  Process: /tb_cpu/monitor  File: /media/nisitha/My_Passport/MOODLE/Vivado_projects/RISCV_VHDL/rtl/sim/cpu/tb_cpu.vhd
Note: [INST] Addr=000004B0, Word=300, Instuction=00000013, Mnemonic=addi x0, x0, 00000000
Time: 4025 ns  Iteration: 0  Process: /tb_cpu/monitor  File: /media/nisitha/My_Passport/MOODLE/Vivado_projects/RISCV_VHDL/rtl/sim/cpu/tb_cpu.vhd
Note: [REGS] x1=0000000F x2=0000000B x3=0000001F x4=00000001 x5=00000002 x6=0000001A x7=00000019 x11=0000001A x12=00000019 x14=0000001A 
Time: 4025 ns  Iteration: 0  Process: /tb_cpu/monitor  File: /media/nisitha/My_Passport/MOODLE/Vivado_projects/RISCV_VHDL/rtl/sim/cpu/tb_cpu.vhd
Note: [INST] Addr=000004B4, Word=301, Instuction=00000013, Mnemonic=addi x0, x0, 00000000
Time: 4035 ns  Iteration: 0  Process: /tb_cpu/monitor  File: /media/nisitha/My_Passport/MOODLE/Vivado_projects/RISCV_VHDL/rtl/sim/cpu/tb_cpu.vhd
Note: [REGS] x1=0000000F x2=0000000B x3=0000001F x4=00000001 x5=00000002 x6=0000001A x7=00000019 x11=0000001A x12=00000019 x14=0000001A 
Time: 4035 ns  Iteration: 0  Process: /tb_cpu/monitor  File: /media/nisitha/My_Passport/MOODLE/Vivado_projects/RISCV_VHDL/rtl/sim/cpu/tb_cpu.vhd
Note: [INST] Addr=000004B8, Word=302, Instuction=00208733, Mnemonic=add x14, x1, x2
Time: 4045 ns  Iteration: 0  Process: /tb_cpu/monitor  File: /media/nisitha/My_Passport/MOODLE/Vivado_projects/RISCV_VHDL/rtl/sim/cpu/tb_cpu.vhd
Note: [REGS] x1=0000000F x2=0000000B x3=0000001F x4=00000001 x5=00000002 x6=0000001A x7=00000019 x11=0000001A x12=00000019 x14=0000001A 
Time: 4045 ns  Iteration: 0  Process: /tb_cpu/monitor  File: /media/nisitha/My_Passport/MOODLE/Vivado_projects/RISCV_VHDL/rtl/sim/cpu/tb_cpu.vhd
Note: [INST] Addr=000004BC, Word=303, Instuction=00120213, Mnemonic=addi x4, x4, 00000001
Time: 4055 ns  Iteration: 0  Process: /tb_cpu/monitor  File: /media/nisitha/My_Passport/MOODLE/Vivado_projects/RISCV_VHDL/rtl/sim/cpu/tb_cpu.vhd
Note: [REGS] x1=0000000F x2=0000000B x3=0000001F x4=00000002 x5=00000002 x6=0000001A x7=00000019 x11=0000001A x12=00000019 x14=0000001A 
Time: 4055 ns  Iteration: 0  Process: /tb_cpu/monitor  File: /media/nisitha/My_Passport/MOODLE/Vivado_projects/RISCV_VHDL/rtl/sim/cpu/tb_cpu.vhd
Note: [INST] Addr=000004C0, Word=304, Instuction=00200293, Mnemonic=addi x5, x0, 00000002
Time: 4065 ns  Iteration: 0  Process: /tb_cpu/monitor  File: /media/nisitha/My_Passport/MOODLE/Vivado_projects/RISCV_VHDL/rtl/sim/cpu/tb_cpu.vhd
Note: [REGS] x1=0000000F x2=0000000B x3=0000001F x4=00000002 x5=00000002 x6=0000001A x7=00000019 x11=0000001A x12=00000019 x14=0000001A 
Time: 4065 ns  Iteration: 0  Process: /tb_cpu/monitor  File: /media/nisitha/My_Passport/MOODLE/Vivado_projects/RISCV_VHDL/rtl/sim/cpu/tb_cpu.vhd
Note: [INST] Addr=000004C4, Word=305, Instuction=FE5212E3, Mnemonic=bne x4, x5, FFFFFFE4
Time: 4075 ns  Iteration: 0  Process: /tb_cpu/monitor  File: /media/nisitha/My_Passport/MOODLE/Vivado_projects/RISCV_VHDL/rtl/sim/cpu/tb_cpu.vhd
Note: [REGS] x1=0000000F x2=0000000B x3=0000001F x4=00000002 x5=00000002 x6=0000001A x7=00000019 x11=0000001A x12=00000019 x14=0000001A 
Time: 4075 ns  Iteration: 0  Process: /tb_cpu/monitor  File: /media/nisitha/My_Passport/MOODLE/Vivado_projects/RISCV_VHDL/rtl/sim/cpu/tb_cpu.vhd
Note: [INST] Addr=000004C8, Word=306, Instuction=01A00393, Mnemonic=addi x7, x0, 0000001A
Time: 4085 ns  Iteration: 0  Process: /tb_cpu/monitor  File: /media/nisitha/My_Passport/MOODLE/Vivado_projects/RISCV_VHDL/rtl/sim/cpu/tb_cpu.vhd
Note: [REGS] x1=0000000F x2=0000000B x3=0000001F x4=00000002 x5=00000002 x6=0000001A x7=0000001A x11=0000001A x12=00000019 x14=0000001A 
Time: 4085 ns  Iteration: 0  Process: /tb_cpu/monitor  File: /media/nisitha/My_Passport/MOODLE/Vivado_projects/RISCV_VHDL/rtl/sim/cpu/tb_cpu.vhd
Note: [INST] Addr=000004CC, Word=307, Instuction=0E771263, Mnemonic=bne x14, x7, 000000E4
Time: 4095 ns  Iteration: 0  Process: /tb_cpu/monitor  File: /media/nisitha/My_Passport/MOODLE/Vivado_projects/RISCV_VHDL/rtl/sim/cpu/tb_cpu.vhd
Note: [REGS] x1=0000000F x2=0000000B x3=0000001F x4=00000002 x5=00000002 x6=0000001A x7=0000001A x11=0000001A x12=00000019 x14=0000001A 
Time: 4095 ns  Iteration: 0  Process: /tb_cpu/monitor  File: /media/nisitha/My_Passport/MOODLE/Vivado_projects/RISCV_VHDL/rtl/sim/cpu/tb_cpu.vhd
Note: [INST] Addr=000004D0, Word=308, Instuction=02000193, Mnemonic=addi x3, x0, 00000020
Time: 4105 ns  Iteration: 0  Process: /tb_cpu/monitor  File: /media/nisitha/My_Passport/MOODLE/Vivado_projects/RISCV_VHDL/rtl/sim/cpu/tb_cpu.vhd
Note: [REGS] x1=0000000F x2=0000000B x3=00000020 x4=00000002 x5=00000002 x6=0000001A x7=0000001A x11=0000001A x12=00000019 x14=0000001A 
Time: 4105 ns  Iteration: 0  Process: /tb_cpu/monitor  File: /media/nisitha/My_Passport/MOODLE/Vivado_projects/RISCV_VHDL/rtl/sim/cpu/tb_cpu.vhd
Note: [INST] Addr=000004D4, Word=309, Instuction=00000213, Mnemonic=addi x4, x0, 00000000
Time: 4115 ns  Iteration: 0  Process: /tb_cpu/monitor  File: /media/nisitha/My_Passport/MOODLE/Vivado_projects/RISCV_VHDL/rtl/sim/cpu/tb_cpu.vhd
Note: [REGS] x1=0000000F x2=0000000B x3=00000020 x5=00000002 x6=0000001A x7=0000001A x11=0000001A x12=00000019 x14=0000001A 
Time: 4115 ns  Iteration: 0  Process: /tb_cpu/monitor  File: /media/nisitha/My_Passport/MOODLE/Vivado_projects/RISCV_VHDL/rtl/sim/cpu/tb_cpu.vhd
Note: [INST] Addr=000004D8, Word=310, Instuction=00B00113, Mnemonic=addi x2, x0, 0000000B
Time: 4125 ns  Iteration: 0  Process: /tb_cpu/monitor  File: /media/nisitha/My_Passport/MOODLE/Vivado_projects/RISCV_VHDL/rtl/sim/cpu/tb_cpu.vhd
Note: [REGS] x1=0000000F x2=0000000B x3=00000020 x5=00000002 x6=0000001A x7=0000001A x11=0000001A x12=00000019 x14=0000001A 
Time: 4125 ns  Iteration: 0  Process: /tb_cpu/monitor  File: /media/nisitha/My_Passport/MOODLE/Vivado_projects/RISCV_VHDL/rtl/sim/cpu/tb_cpu.vhd
Note: [INST] Addr=000004DC, Word=311, Instuction=00000013, Mnemonic=addi x0, x0, 00000000
Time: 4135 ns  Iteration: 0  Process: /tb_cpu/monitor  File: /media/nisitha/My_Passport/MOODLE/Vivado_projects/RISCV_VHDL/rtl/sim/cpu/tb_cpu.vhd
Note: [REGS] x1=0000000F x2=0000000B x3=00000020 x5=00000002 x6=0000001A x7=0000001A x11=0000001A x12=00000019 x14=0000001A 
Time: 4135 ns  Iteration: 0  Process: /tb_cpu/monitor  File: /media/nisitha/My_Passport/MOODLE/Vivado_projects/RISCV_VHDL/rtl/sim/cpu/tb_cpu.vhd
Note: [INST] Addr=000004E0, Word=312, Instuction=00D00093, Mnemonic=addi x1, x0, 0000000D
Time: 4145 ns  Iteration: 0  Process: /tb_cpu/monitor  File: /media/nisitha/My_Passport/MOODLE/Vivado_projects/RISCV_VHDL/rtl/sim/cpu/tb_cpu.vhd
Note: [REGS] x1=0000000D x2=0000000B x3=00000020 x5=00000002 x6=0000001A x7=0000001A x11=0000001A x12=00000019 x14=0000001A 
Time: 4145 ns  Iteration: 0  Process: /tb_cpu/monitor  File: /media/nisitha/My_Passport/MOODLE/Vivado_projects/RISCV_VHDL/rtl/sim/cpu/tb_cpu.vhd
Note: [INST] Addr=000004E4, Word=313, Instuction=00208733, Mnemonic=add x14, x1, x2
Time: 4155 ns  Iteration: 0  Process: /tb_cpu/monitor  File: /media/nisitha/My_Passport/MOODLE/Vivado_projects/RISCV_VHDL/rtl/sim/cpu/tb_cpu.vhd
Note: [REGS] x1=0000000D x2=0000000B x3=00000020 x5=00000002 x6=0000001A x7=0000001A x11=0000001A x12=00000019 x14=00000018 
Time: 4155 ns  Iteration: 0  Process: /tb_cpu/monitor  File: /media/nisitha/My_Passport/MOODLE/Vivado_projects/RISCV_VHDL/rtl/sim/cpu/tb_cpu.vhd
Note: [INST] Addr=000004E8, Word=314, Instuction=00120213, Mnemonic=addi x4, x4, 00000001
Time: 4165 ns  Iteration: 0  Process: /tb_cpu/monitor  File: /media/nisitha/My_Passport/MOODLE/Vivado_projects/RISCV_VHDL/rtl/sim/cpu/tb_cpu.vhd
Note: [REGS] x1=0000000D x2=0000000B x3=00000020 x4=00000001 x5=00000002 x6=0000001A x7=0000001A x11=0000001A x12=00000019 x14=00000018 
Time: 4165 ns  Iteration: 0  Process: /tb_cpu/monitor  File: /media/nisitha/My_Passport/MOODLE/Vivado_projects/RISCV_VHDL/rtl/sim/cpu/tb_cpu.vhd
Note: [INST] Addr=000004EC, Word=315, Instuction=00200293, Mnemonic=addi x5, x0, 00000002
Time: 4175 ns  Iteration: 0  Process: /tb_cpu/monitor  File: /media/nisitha/My_Passport/MOODLE/Vivado_projects/RISCV_VHDL/rtl/sim/cpu/tb_cpu.vhd
Note: [REGS] x1=0000000D x2=0000000B x3=00000020 x4=00000001 x5=00000002 x6=0000001A x7=0000001A x11=0000001A x12=00000019 x14=00000018 
Time: 4175 ns  Iteration: 0  Process: /tb_cpu/monitor  File: /media/nisitha/My_Passport/MOODLE/Vivado_projects/RISCV_VHDL/rtl/sim/cpu/tb_cpu.vhd
Note: [INST] Addr=000004F0, Word=316, Instuction=FE5214E3, Mnemonic=bne x4, x5, FFFFFFE8
Time: 4185 ns  Iteration: 0  Process: /tb_cpu/monitor  File: /media/nisitha/My_Passport/MOODLE/Vivado_projects/RISCV_VHDL/rtl/sim/cpu/tb_cpu.vhd
Note: [REGS] x1=0000000D x2=0000000B x3=00000020 x4=00000001 x5=00000002 x6=0000001A x7=0000001A x11=0000001A x12=00000019 x14=00000018 
Time: 4185 ns  Iteration: 0  Process: /tb_cpu/monitor  File: /media/nisitha/My_Passport/MOODLE/Vivado_projects/RISCV_VHDL/rtl/sim/cpu/tb_cpu.vhd
Note: [INST] Addr=000004D8, Word=310, Instuction=00B00113, Mnemonic=addi x2, x0, 0000000B
Time: 4195 ns  Iteration: 0  Process: /tb_cpu/monitor  File: /media/nisitha/My_Passport/MOODLE/Vivado_projects/RISCV_VHDL/rtl/sim/cpu/tb_cpu.vhd
Note: [REGS] x1=0000000D x2=0000000B x3=00000020 x4=00000001 x5=00000002 x6=0000001A x7=0000001A x11=0000001A x12=00000019 x14=00000018 
Time: 4195 ns  Iteration: 0  Process: /tb_cpu/monitor  File: /media/nisitha/My_Passport/MOODLE/Vivado_projects/RISCV_VHDL/rtl/sim/cpu/tb_cpu.vhd
Note: [INST] Addr=000004DC, Word=311, Instuction=00000013, Mnemonic=addi x0, x0, 00000000
Time: 4205 ns  Iteration: 0  Process: /tb_cpu/monitor  File: /media/nisitha/My_Passport/MOODLE/Vivado_projects/RISCV_VHDL/rtl/sim/cpu/tb_cpu.vhd
Note: [REGS] x1=0000000D x2=0000000B x3=00000020 x4=00000001 x5=00000002 x6=0000001A x7=0000001A x11=0000001A x12=00000019 x14=00000018 
Time: 4205 ns  Iteration: 0  Process: /tb_cpu/monitor  File: /media/nisitha/My_Passport/MOODLE/Vivado_projects/RISCV_VHDL/rtl/sim/cpu/tb_cpu.vhd
Note: [INST] Addr=000004E0, Word=312, Instuction=00D00093, Mnemonic=addi x1, x0, 0000000D
Time: 4215 ns  Iteration: 0  Process: /tb_cpu/monitor  File: /media/nisitha/My_Passport/MOODLE/Vivado_projects/RISCV_VHDL/rtl/sim/cpu/tb_cpu.vhd
Note: [REGS] x1=0000000D x2=0000000B x3=00000020 x4=00000001 x5=00000002 x6=0000001A x7=0000001A x11=0000001A x12=00000019 x14=00000018 
Time: 4215 ns  Iteration: 0  Process: /tb_cpu/monitor  File: /media/nisitha/My_Passport/MOODLE/Vivado_projects/RISCV_VHDL/rtl/sim/cpu/tb_cpu.vhd
Note: [INST] Addr=000004E4, Word=313, Instuction=00208733, Mnemonic=add x14, x1, x2
Time: 4225 ns  Iteration: 0  Process: /tb_cpu/monitor  File: /media/nisitha/My_Passport/MOODLE/Vivado_projects/RISCV_VHDL/rtl/sim/cpu/tb_cpu.vhd
Note: [REGS] x1=0000000D x2=0000000B x3=00000020 x4=00000001 x5=00000002 x6=0000001A x7=0000001A x11=0000001A x12=00000019 x14=00000018 
Time: 4225 ns  Iteration: 0  Process: /tb_cpu/monitor  File: /media/nisitha/My_Passport/MOODLE/Vivado_projects/RISCV_VHDL/rtl/sim/cpu/tb_cpu.vhd
Note: [INST] Addr=000004E8, Word=314, Instuction=00120213, Mnemonic=addi x4, x4, 00000001
Time: 4235 ns  Iteration: 0  Process: /tb_cpu/monitor  File: /media/nisitha/My_Passport/MOODLE/Vivado_projects/RISCV_VHDL/rtl/sim/cpu/tb_cpu.vhd
Note: [REGS] x1=0000000D x2=0000000B x3=00000020 x4=00000002 x5=00000002 x6=0000001A x7=0000001A x11=0000001A x12=00000019 x14=00000018 
Time: 4235 ns  Iteration: 0  Process: /tb_cpu/monitor  File: /media/nisitha/My_Passport/MOODLE/Vivado_projects/RISCV_VHDL/rtl/sim/cpu/tb_cpu.vhd
Note: [INST] Addr=000004EC, Word=315, Instuction=00200293, Mnemonic=addi x5, x0, 00000002
Time: 4245 ns  Iteration: 0  Process: /tb_cpu/monitor  File: /media/nisitha/My_Passport/MOODLE/Vivado_projects/RISCV_VHDL/rtl/sim/cpu/tb_cpu.vhd
Note: [REGS] x1=0000000D x2=0000000B x3=00000020 x4=00000002 x5=00000002 x6=0000001A x7=0000001A x11=0000001A x12=00000019 x14=00000018 
Time: 4245 ns  Iteration: 0  Process: /tb_cpu/monitor  File: /media/nisitha/My_Passport/MOODLE/Vivado_projects/RISCV_VHDL/rtl/sim/cpu/tb_cpu.vhd
Note: [INST] Addr=000004F0, Word=316, Instuction=FE5214E3, Mnemonic=bne x4, x5, FFFFFFE8
Time: 4255 ns  Iteration: 0  Process: /tb_cpu/monitor  File: /media/nisitha/My_Passport/MOODLE/Vivado_projects/RISCV_VHDL/rtl/sim/cpu/tb_cpu.vhd
Note: [REGS] x1=0000000D x2=0000000B x3=00000020 x4=00000002 x5=00000002 x6=0000001A x7=0000001A x11=0000001A x12=00000019 x14=00000018 
Time: 4255 ns  Iteration: 0  Process: /tb_cpu/monitor  File: /media/nisitha/My_Passport/MOODLE/Vivado_projects/RISCV_VHDL/rtl/sim/cpu/tb_cpu.vhd
Note: [INST] Addr=000004F4, Word=317, Instuction=01800393, Mnemonic=addi x7, x0, 00000018
Time: 4265 ns  Iteration: 0  Process: /tb_cpu/monitor  File: /media/nisitha/My_Passport/MOODLE/Vivado_projects/RISCV_VHDL/rtl/sim/cpu/tb_cpu.vhd
Note: [REGS] x1=0000000D x2=0000000B x3=00000020 x4=00000002 x5=00000002 x6=0000001A x7=00000018 x11=0000001A x12=00000019 x14=00000018 
Time: 4265 ns  Iteration: 0  Process: /tb_cpu/monitor  File: /media/nisitha/My_Passport/MOODLE/Vivado_projects/RISCV_VHDL/rtl/sim/cpu/tb_cpu.vhd
Note: [INST] Addr=000004F8, Word=318, Instuction=0A771C63, Mnemonic=bne x14, x7, 000000B8
Time: 4275 ns  Iteration: 0  Process: /tb_cpu/monitor  File: /media/nisitha/My_Passport/MOODLE/Vivado_projects/RISCV_VHDL/rtl/sim/cpu/tb_cpu.vhd
Note: [REGS] x1=0000000D x2=0000000B x3=00000020 x4=00000002 x5=00000002 x6=0000001A x7=00000018 x11=0000001A x12=00000019 x14=00000018 
Time: 4275 ns  Iteration: 0  Process: /tb_cpu/monitor  File: /media/nisitha/My_Passport/MOODLE/Vivado_projects/RISCV_VHDL/rtl/sim/cpu/tb_cpu.vhd
Note: [INST] Addr=000004FC, Word=319, Instuction=02100193, Mnemonic=addi x3, x0, 00000021
Time: 4285 ns  Iteration: 0  Process: /tb_cpu/monitor  File: /media/nisitha/My_Passport/MOODLE/Vivado_projects/RISCV_VHDL/rtl/sim/cpu/tb_cpu.vhd
Note: [REGS] x1=0000000D x2=0000000B x3=00000021 x4=00000002 x5=00000002 x6=0000001A x7=00000018 x11=0000001A x12=00000019 x14=00000018 
Time: 4285 ns  Iteration: 0  Process: /tb_cpu/monitor  File: /media/nisitha/My_Passport/MOODLE/Vivado_projects/RISCV_VHDL/rtl/sim/cpu/tb_cpu.vhd
Note: [INST] Addr=00000500, Word=320, Instuction=00000213, Mnemonic=addi x4, x0, 00000000
Time: 4295 ns  Iteration: 0  Process: /tb_cpu/monitor  File: /media/nisitha/My_Passport/MOODLE/Vivado_projects/RISCV_VHDL/rtl/sim/cpu/tb_cpu.vhd
Note: [REGS] x1=0000000D x2=0000000B x3=00000021 x5=00000002 x6=0000001A x7=00000018 x11=0000001A x12=00000019 x14=00000018 
Time: 4295 ns  Iteration: 0  Process: /tb_cpu/monitor  File: /media/nisitha/My_Passport/MOODLE/Vivado_projects/RISCV_VHDL/rtl/sim/cpu/tb_cpu.vhd
Note: [INST] Addr=00000504, Word=321, Instuction=00B00113, Mnemonic=addi x2, x0, 0000000B
Time: 4305 ns  Iteration: 0  Process: /tb_cpu/monitor  File: /media/nisitha/My_Passport/MOODLE/Vivado_projects/RISCV_VHDL/rtl/sim/cpu/tb_cpu.vhd
Note: [REGS] x1=0000000D x2=0000000B x3=00000021 x5=00000002 x6=0000001A x7=00000018 x11=0000001A x12=00000019 x14=00000018 
Time: 4305 ns  Iteration: 0  Process: /tb_cpu/monitor  File: /media/nisitha/My_Passport/MOODLE/Vivado_projects/RISCV_VHDL/rtl/sim/cpu/tb_cpu.vhd
Note: [INST] Addr=00000508, Word=322, Instuction=00000013, Mnemonic=addi x0, x0, 00000000
Time: 4315 ns  Iteration: 0  Process: /tb_cpu/monitor  File: /media/nisitha/My_Passport/MOODLE/Vivado_projects/RISCV_VHDL/rtl/sim/cpu/tb_cpu.vhd
Note: [REGS] x1=0000000D x2=0000000B x3=00000021 x5=00000002 x6=0000001A x7=00000018 x11=0000001A x12=00000019 x14=00000018 
Time: 4315 ns  Iteration: 0  Process: /tb_cpu/monitor  File: /media/nisitha/My_Passport/MOODLE/Vivado_projects/RISCV_VHDL/rtl/sim/cpu/tb_cpu.vhd
Note: [INST] Addr=0000050C, Word=323, Instuction=00E00093, Mnemonic=addi x1, x0, 0000000E
Time: 4325 ns  Iteration: 0  Process: /tb_cpu/monitor  File: /media/nisitha/My_Passport/MOODLE/Vivado_projects/RISCV_VHDL/rtl/sim/cpu/tb_cpu.vhd
Note: [REGS] x1=0000000E x2=0000000B x3=00000021 x5=00000002 x6=0000001A x7=00000018 x11=0000001A x12=00000019 x14=00000018 
Time: 4325 ns  Iteration: 0  Process: /tb_cpu/monitor  File: /media/nisitha/My_Passport/MOODLE/Vivado_projects/RISCV_VHDL/rtl/sim/cpu/tb_cpu.vhd
Note: [INST] Addr=00000510, Word=324, Instuction=00000013, Mnemonic=addi x0, x0, 00000000
Time: 4335 ns  Iteration: 0  Process: /tb_cpu/monitor  File: /media/nisitha/My_Passport/MOODLE/Vivado_projects/RISCV_VHDL/rtl/sim/cpu/tb_cpu.vhd
Note: [REGS] x1=0000000E x2=0000000B x3=00000021 x5=00000002 x6=0000001A x7=00000018 x11=0000001A x12=00000019 x14=00000018 
Time: 4335 ns  Iteration: 0  Process: /tb_cpu/monitor  File: /media/nisitha/My_Passport/MOODLE/Vivado_projects/RISCV_VHDL/rtl/sim/cpu/tb_cpu.vhd
Note: [INST] Addr=00000514, Word=325, Instuction=00208733, Mnemonic=add x14, x1, x2
Time: 4345 ns  Iteration: 0  Process: /tb_cpu/monitor  File: /media/nisitha/My_Passport/MOODLE/Vivado_projects/RISCV_VHDL/rtl/sim/cpu/tb_cpu.vhd
Note: [REGS] x1=0000000E x2=0000000B x3=00000021 x5=00000002 x6=0000001A x7=00000018 x11=0000001A x12=00000019 x14=00000019 
Time: 4345 ns  Iteration: 0  Process: /tb_cpu/monitor  File: /media/nisitha/My_Passport/MOODLE/Vivado_projects/RISCV_VHDL/rtl/sim/cpu/tb_cpu.vhd
Note: [INST] Addr=00000518, Word=326, Instuction=00120213, Mnemonic=addi x4, x4, 00000001
Time: 4355 ns  Iteration: 0  Process: /tb_cpu/monitor  File: /media/nisitha/My_Passport/MOODLE/Vivado_projects/RISCV_VHDL/rtl/sim/cpu/tb_cpu.vhd
Note: [REGS] x1=0000000E x2=0000000B x3=00000021 x4=00000001 x5=00000002 x6=0000001A x7=00000018 x11=0000001A x12=00000019 x14=00000019 
Time: 4355 ns  Iteration: 0  Process: /tb_cpu/monitor  File: /media/nisitha/My_Passport/MOODLE/Vivado_projects/RISCV_VHDL/rtl/sim/cpu/tb_cpu.vhd
Note: [INST] Addr=0000051C, Word=327, Instuction=00200293, Mnemonic=addi x5, x0, 00000002
Time: 4365 ns  Iteration: 0  Process: /tb_cpu/monitor  File: /media/nisitha/My_Passport/MOODLE/Vivado_projects/RISCV_VHDL/rtl/sim/cpu/tb_cpu.vhd
Note: [REGS] x1=0000000E x2=0000000B x3=00000021 x4=00000001 x5=00000002 x6=0000001A x7=00000018 x11=0000001A x12=00000019 x14=00000019 
Time: 4365 ns  Iteration: 0  Process: /tb_cpu/monitor  File: /media/nisitha/My_Passport/MOODLE/Vivado_projects/RISCV_VHDL/rtl/sim/cpu/tb_cpu.vhd
Note: [INST] Addr=00000520, Word=328, Instuction=FE5212E3, Mnemonic=bne x4, x5, FFFFFFE4
Time: 4375 ns  Iteration: 0  Process: /tb_cpu/monitor  File: /media/nisitha/My_Passport/MOODLE/Vivado_projects/RISCV_VHDL/rtl/sim/cpu/tb_cpu.vhd
Note: [REGS] x1=0000000E x2=0000000B x3=00000021 x4=00000001 x5=00000002 x6=0000001A x7=00000018 x11=0000001A x12=00000019 x14=00000019 
Time: 4375 ns  Iteration: 0  Process: /tb_cpu/monitor  File: /media/nisitha/My_Passport/MOODLE/Vivado_projects/RISCV_VHDL/rtl/sim/cpu/tb_cpu.vhd
Note: [INST] Addr=00000504, Word=321, Instuction=00B00113, Mnemonic=addi x2, x0, 0000000B
Time: 4385 ns  Iteration: 0  Process: /tb_cpu/monitor  File: /media/nisitha/My_Passport/MOODLE/Vivado_projects/RISCV_VHDL/rtl/sim/cpu/tb_cpu.vhd
Note: [REGS] x1=0000000E x2=0000000B x3=00000021 x4=00000001 x5=00000002 x6=0000001A x7=00000018 x11=0000001A x12=00000019 x14=00000019 
Time: 4385 ns  Iteration: 0  Process: /tb_cpu/monitor  File: /media/nisitha/My_Passport/MOODLE/Vivado_projects/RISCV_VHDL/rtl/sim/cpu/tb_cpu.vhd
Note: [INST] Addr=00000508, Word=322, Instuction=00000013, Mnemonic=addi x0, x0, 00000000
Time: 4395 ns  Iteration: 0  Process: /tb_cpu/monitor  File: /media/nisitha/My_Passport/MOODLE/Vivado_projects/RISCV_VHDL/rtl/sim/cpu/tb_cpu.vhd
Note: [REGS] x1=0000000E x2=0000000B x3=00000021 x4=00000001 x5=00000002 x6=0000001A x7=00000018 x11=0000001A x12=00000019 x14=00000019 
Time: 4395 ns  Iteration: 0  Process: /tb_cpu/monitor  File: /media/nisitha/My_Passport/MOODLE/Vivado_projects/RISCV_VHDL/rtl/sim/cpu/tb_cpu.vhd
Note: [INST] Addr=0000050C, Word=323, Instuction=00E00093, Mnemonic=addi x1, x0, 0000000E
Time: 4405 ns  Iteration: 0  Process: /tb_cpu/monitor  File: /media/nisitha/My_Passport/MOODLE/Vivado_projects/RISCV_VHDL/rtl/sim/cpu/tb_cpu.vhd
Note: [REGS] x1=0000000E x2=0000000B x3=00000021 x4=00000001 x5=00000002 x6=0000001A x7=00000018 x11=0000001A x12=00000019 x14=00000019 
Time: 4405 ns  Iteration: 0  Process: /tb_cpu/monitor  File: /media/nisitha/My_Passport/MOODLE/Vivado_projects/RISCV_VHDL/rtl/sim/cpu/tb_cpu.vhd
Note: [INST] Addr=00000510, Word=324, Instuction=00000013, Mnemonic=addi x0, x0, 00000000
Time: 4415 ns  Iteration: 0  Process: /tb_cpu/monitor  File: /media/nisitha/My_Passport/MOODLE/Vivado_projects/RISCV_VHDL/rtl/sim/cpu/tb_cpu.vhd
Note: [REGS] x1=0000000E x2=0000000B x3=00000021 x4=00000001 x5=00000002 x6=0000001A x7=00000018 x11=0000001A x12=00000019 x14=00000019 
Time: 4415 ns  Iteration: 0  Process: /tb_cpu/monitor  File: /media/nisitha/My_Passport/MOODLE/Vivado_projects/RISCV_VHDL/rtl/sim/cpu/tb_cpu.vhd
Note: [INST] Addr=00000514, Word=325, Instuction=00208733, Mnemonic=add x14, x1, x2
Time: 4425 ns  Iteration: 0  Process: /tb_cpu/monitor  File: /media/nisitha/My_Passport/MOODLE/Vivado_projects/RISCV_VHDL/rtl/sim/cpu/tb_cpu.vhd
Note: [REGS] x1=0000000E x2=0000000B x3=00000021 x4=00000001 x5=00000002 x6=0000001A x7=00000018 x11=0000001A x12=00000019 x14=00000019 
Time: 4425 ns  Iteration: 0  Process: /tb_cpu/monitor  File: /media/nisitha/My_Passport/MOODLE/Vivado_projects/RISCV_VHDL/rtl/sim/cpu/tb_cpu.vhd
Note: [INST] Addr=00000518, Word=326, Instuction=00120213, Mnemonic=addi x4, x4, 00000001
Time: 4435 ns  Iteration: 0  Process: /tb_cpu/monitor  File: /media/nisitha/My_Passport/MOODLE/Vivado_projects/RISCV_VHDL/rtl/sim/cpu/tb_cpu.vhd
Note: [REGS] x1=0000000E x2=0000000B x3=00000021 x4=00000002 x5=00000002 x6=0000001A x7=00000018 x11=0000001A x12=00000019 x14=00000019 
Time: 4435 ns  Iteration: 0  Process: /tb_cpu/monitor  File: /media/nisitha/My_Passport/MOODLE/Vivado_projects/RISCV_VHDL/rtl/sim/cpu/tb_cpu.vhd
Note: [INST] Addr=0000051C, Word=327, Instuction=00200293, Mnemonic=addi x5, x0, 00000002
Time: 4445 ns  Iteration: 0  Process: /tb_cpu/monitor  File: /media/nisitha/My_Passport/MOODLE/Vivado_projects/RISCV_VHDL/rtl/sim/cpu/tb_cpu.vhd
Note: [REGS] x1=0000000E x2=0000000B x3=00000021 x4=00000002 x5=00000002 x6=0000001A x7=00000018 x11=0000001A x12=00000019 x14=00000019 
Time: 4445 ns  Iteration: 0  Process: /tb_cpu/monitor  File: /media/nisitha/My_Passport/MOODLE/Vivado_projects/RISCV_VHDL/rtl/sim/cpu/tb_cpu.vhd
Note: [INST] Addr=00000520, Word=328, Instuction=FE5212E3, Mnemonic=bne x4, x5, FFFFFFE4
Time: 4455 ns  Iteration: 0  Process: /tb_cpu/monitor  File: /media/nisitha/My_Passport/MOODLE/Vivado_projects/RISCV_VHDL/rtl/sim/cpu/tb_cpu.vhd
Note: [REGS] x1=0000000E x2=0000000B x3=00000021 x4=00000002 x5=00000002 x6=0000001A x7=00000018 x11=0000001A x12=00000019 x14=00000019 
Time: 4455 ns  Iteration: 0  Process: /tb_cpu/monitor  File: /media/nisitha/My_Passport/MOODLE/Vivado_projects/RISCV_VHDL/rtl/sim/cpu/tb_cpu.vhd
Note: [INST] Addr=00000524, Word=329, Instuction=01900393, Mnemonic=addi x7, x0, 00000019
Time: 4465 ns  Iteration: 0  Process: /tb_cpu/monitor  File: /media/nisitha/My_Passport/MOODLE/Vivado_projects/RISCV_VHDL/rtl/sim/cpu/tb_cpu.vhd
Note: [REGS] x1=0000000E x2=0000000B x3=00000021 x4=00000002 x5=00000002 x6=0000001A x7=00000019 x11=0000001A x12=00000019 x14=00000019 
Time: 4465 ns  Iteration: 0  Process: /tb_cpu/monitor  File: /media/nisitha/My_Passport/MOODLE/Vivado_projects/RISCV_VHDL/rtl/sim/cpu/tb_cpu.vhd
Note: [INST] Addr=00000528, Word=330, Instuction=08771463, Mnemonic=bne x14, x7, 00000088
Time: 4475 ns  Iteration: 0  Process: /tb_cpu/monitor  File: /media/nisitha/My_Passport/MOODLE/Vivado_projects/RISCV_VHDL/rtl/sim/cpu/tb_cpu.vhd
Note: [REGS] x1=0000000E x2=0000000B x3=00000021 x4=00000002 x5=00000002 x6=0000001A x7=00000019 x11=0000001A x12=00000019 x14=00000019 
Time: 4475 ns  Iteration: 0  Process: /tb_cpu/monitor  File: /media/nisitha/My_Passport/MOODLE/Vivado_projects/RISCV_VHDL/rtl/sim/cpu/tb_cpu.vhd
Note: [INST] Addr=0000052C, Word=331, Instuction=02200193, Mnemonic=addi x3, x0, 00000022
Time: 4485 ns  Iteration: 0  Process: /tb_cpu/monitor  File: /media/nisitha/My_Passport/MOODLE/Vivado_projects/RISCV_VHDL/rtl/sim/cpu/tb_cpu.vhd
Note: [REGS] x1=0000000E x2=0000000B x3=00000022 x4=00000002 x5=00000002 x6=0000001A x7=00000019 x11=0000001A x12=00000019 x14=00000019 
Time: 4485 ns  Iteration: 0  Process: /tb_cpu/monitor  File: /media/nisitha/My_Passport/MOODLE/Vivado_projects/RISCV_VHDL/rtl/sim/cpu/tb_cpu.vhd
Note: [INST] Addr=00000530, Word=332, Instuction=00000213, Mnemonic=addi x4, x0, 00000000
Time: 4495 ns  Iteration: 0  Process: /tb_cpu/monitor  File: /media/nisitha/My_Passport/MOODLE/Vivado_projects/RISCV_VHDL/rtl/sim/cpu/tb_cpu.vhd
Note: [REGS] x1=0000000E x2=0000000B x3=00000022 x5=00000002 x6=0000001A x7=00000019 x11=0000001A x12=00000019 x14=00000019 
Time: 4495 ns  Iteration: 0  Process: /tb_cpu/monitor  File: /media/nisitha/My_Passport/MOODLE/Vivado_projects/RISCV_VHDL/rtl/sim/cpu/tb_cpu.vhd
Note: [INST] Addr=00000534, Word=333, Instuction=00B00113, Mnemonic=addi x2, x0, 0000000B
Time: 4505 ns  Iteration: 0  Process: /tb_cpu/monitor  File: /media/nisitha/My_Passport/MOODLE/Vivado_projects/RISCV_VHDL/rtl/sim/cpu/tb_cpu.vhd
Note: [REGS] x1=0000000E x2=0000000B x3=00000022 x5=00000002 x6=0000001A x7=00000019 x11=0000001A x12=00000019 x14=00000019 
Time: 4505 ns  Iteration: 0  Process: /tb_cpu/monitor  File: /media/nisitha/My_Passport/MOODLE/Vivado_projects/RISCV_VHDL/rtl/sim/cpu/tb_cpu.vhd
Note: [INST] Addr=00000538, Word=334, Instuction=00000013, Mnemonic=addi x0, x0, 00000000
Time: 4515 ns  Iteration: 0  Process: /tb_cpu/monitor  File: /media/nisitha/My_Passport/MOODLE/Vivado_projects/RISCV_VHDL/rtl/sim/cpu/tb_cpu.vhd
Note: [REGS] x1=0000000E x2=0000000B x3=00000022 x5=00000002 x6=0000001A x7=00000019 x11=0000001A x12=00000019 x14=00000019 
Time: 4515 ns  Iteration: 0  Process: /tb_cpu/monitor  File: /media/nisitha/My_Passport/MOODLE/Vivado_projects/RISCV_VHDL/rtl/sim/cpu/tb_cpu.vhd
Note: [INST] Addr=0000053C, Word=335, Instuction=00000013, Mnemonic=addi x0, x0, 00000000
Time: 4525 ns  Iteration: 0  Process: /tb_cpu/monitor  File: /media/nisitha/My_Passport/MOODLE/Vivado_projects/RISCV_VHDL/rtl/sim/cpu/tb_cpu.vhd
Note: [REGS] x1=0000000E x2=0000000B x3=00000022 x5=00000002 x6=0000001A x7=00000019 x11=0000001A x12=00000019 x14=00000019 
Time: 4525 ns  Iteration: 0  Process: /tb_cpu/monitor  File: /media/nisitha/My_Passport/MOODLE/Vivado_projects/RISCV_VHDL/rtl/sim/cpu/tb_cpu.vhd
Note: [INST] Addr=00000540, Word=336, Instuction=00F00093, Mnemonic=addi x1, x0, 0000000F
Time: 4535 ns  Iteration: 0  Process: /tb_cpu/monitor  File: /media/nisitha/My_Passport/MOODLE/Vivado_projects/RISCV_VHDL/rtl/sim/cpu/tb_cpu.vhd
Note: [REGS] x1=0000000F x2=0000000B x3=00000022 x5=00000002 x6=0000001A x7=00000019 x11=0000001A x12=00000019 x14=00000019 
Time: 4535 ns  Iteration: 0  Process: /tb_cpu/monitor  File: /media/nisitha/My_Passport/MOODLE/Vivado_projects/RISCV_VHDL/rtl/sim/cpu/tb_cpu.vhd
Note: [INST] Addr=00000544, Word=337, Instuction=00208733, Mnemonic=add x14, x1, x2
Time: 4545 ns  Iteration: 0  Process: /tb_cpu/monitor  File: /media/nisitha/My_Passport/MOODLE/Vivado_projects/RISCV_VHDL/rtl/sim/cpu/tb_cpu.vhd
Note: [REGS] x1=0000000F x2=0000000B x3=00000022 x5=00000002 x6=0000001A x7=00000019 x11=0000001A x12=00000019 x14=0000001A 
Time: 4545 ns  Iteration: 0  Process: /tb_cpu/monitor  File: /media/nisitha/My_Passport/MOODLE/Vivado_projects/RISCV_VHDL/rtl/sim/cpu/tb_cpu.vhd
Note: [INST] Addr=00000548, Word=338, Instuction=00120213, Mnemonic=addi x4, x4, 00000001
Time: 4555 ns  Iteration: 0  Process: /tb_cpu/monitor  File: /media/nisitha/My_Passport/MOODLE/Vivado_projects/RISCV_VHDL/rtl/sim/cpu/tb_cpu.vhd
Note: [REGS] x1=0000000F x2=0000000B x3=00000022 x4=00000001 x5=00000002 x6=0000001A x7=00000019 x11=0000001A x12=00000019 x14=0000001A 
Time: 4555 ns  Iteration: 0  Process: /tb_cpu/monitor  File: /media/nisitha/My_Passport/MOODLE/Vivado_projects/RISCV_VHDL/rtl/sim/cpu/tb_cpu.vhd
Note: [INST] Addr=0000054C, Word=339, Instuction=00200293, Mnemonic=addi x5, x0, 00000002
Time: 4565 ns  Iteration: 0  Process: /tb_cpu/monitor  File: /media/nisitha/My_Passport/MOODLE/Vivado_projects/RISCV_VHDL/rtl/sim/cpu/tb_cpu.vhd
Note: [REGS] x1=0000000F x2=0000000B x3=00000022 x4=00000001 x5=00000002 x6=0000001A x7=00000019 x11=0000001A x12=00000019 x14=0000001A 
Time: 4565 ns  Iteration: 0  Process: /tb_cpu/monitor  File: /media/nisitha/My_Passport/MOODLE/Vivado_projects/RISCV_VHDL/rtl/sim/cpu/tb_cpu.vhd
Note: [INST] Addr=00000550, Word=340, Instuction=FE5212E3, Mnemonic=bne x4, x5, FFFFFFE4
Time: 4575 ns  Iteration: 0  Process: /tb_cpu/monitor  File: /media/nisitha/My_Passport/MOODLE/Vivado_projects/RISCV_VHDL/rtl/sim/cpu/tb_cpu.vhd
Note: [REGS] x1=0000000F x2=0000000B x3=00000022 x4=00000001 x5=00000002 x6=0000001A x7=00000019 x11=0000001A x12=00000019 x14=0000001A 
Time: 4575 ns  Iteration: 0  Process: /tb_cpu/monitor  File: /media/nisitha/My_Passport/MOODLE/Vivado_projects/RISCV_VHDL/rtl/sim/cpu/tb_cpu.vhd
Note: [INST] Addr=00000534, Word=333, Instuction=00B00113, Mnemonic=addi x2, x0, 0000000B
Time: 4585 ns  Iteration: 0  Process: /tb_cpu/monitor  File: /media/nisitha/My_Passport/MOODLE/Vivado_projects/RISCV_VHDL/rtl/sim/cpu/tb_cpu.vhd
Note: [REGS] x1=0000000F x2=0000000B x3=00000022 x4=00000001 x5=00000002 x6=0000001A x7=00000019 x11=0000001A x12=00000019 x14=0000001A 
Time: 4585 ns  Iteration: 0  Process: /tb_cpu/monitor  File: /media/nisitha/My_Passport/MOODLE/Vivado_projects/RISCV_VHDL/rtl/sim/cpu/tb_cpu.vhd
Note: [INST] Addr=00000538, Word=334, Instuction=00000013, Mnemonic=addi x0, x0, 00000000
Time: 4595 ns  Iteration: 0  Process: /tb_cpu/monitor  File: /media/nisitha/My_Passport/MOODLE/Vivado_projects/RISCV_VHDL/rtl/sim/cpu/tb_cpu.vhd
Note: [REGS] x1=0000000F x2=0000000B x3=00000022 x4=00000001 x5=00000002 x6=0000001A x7=00000019 x11=0000001A x12=00000019 x14=0000001A 
Time: 4595 ns  Iteration: 0  Process: /tb_cpu/monitor  File: /media/nisitha/My_Passport/MOODLE/Vivado_projects/RISCV_VHDL/rtl/sim/cpu/tb_cpu.vhd
Note: [INST] Addr=0000053C, Word=335, Instuction=00000013, Mnemonic=addi x0, x0, 00000000
Time: 4605 ns  Iteration: 0  Process: /tb_cpu/monitor  File: /media/nisitha/My_Passport/MOODLE/Vivado_projects/RISCV_VHDL/rtl/sim/cpu/tb_cpu.vhd
Note: [REGS] x1=0000000F x2=0000000B x3=00000022 x4=00000001 x5=00000002 x6=0000001A x7=00000019 x11=0000001A x12=00000019 x14=0000001A 
Time: 4605 ns  Iteration: 0  Process: /tb_cpu/monitor  File: /media/nisitha/My_Passport/MOODLE/Vivado_projects/RISCV_VHDL/rtl/sim/cpu/tb_cpu.vhd
Note: [INST] Addr=00000540, Word=336, Instuction=00F00093, Mnemonic=addi x1, x0, 0000000F
Time: 4615 ns  Iteration: 0  Process: /tb_cpu/monitor  File: /media/nisitha/My_Passport/MOODLE/Vivado_projects/RISCV_VHDL/rtl/sim/cpu/tb_cpu.vhd
Note: [REGS] x1=0000000F x2=0000000B x3=00000022 x4=00000001 x5=00000002 x6=0000001A x7=00000019 x11=0000001A x12=00000019 x14=0000001A 
Time: 4615 ns  Iteration: 0  Process: /tb_cpu/monitor  File: /media/nisitha/My_Passport/MOODLE/Vivado_projects/RISCV_VHDL/rtl/sim/cpu/tb_cpu.vhd
Note: [INST] Addr=00000544, Word=337, Instuction=00208733, Mnemonic=add x14, x1, x2
Time: 4625 ns  Iteration: 0  Process: /tb_cpu/monitor  File: /media/nisitha/My_Passport/MOODLE/Vivado_projects/RISCV_VHDL/rtl/sim/cpu/tb_cpu.vhd
Note: [REGS] x1=0000000F x2=0000000B x3=00000022 x4=00000001 x5=00000002 x6=0000001A x7=00000019 x11=0000001A x12=00000019 x14=0000001A 
Time: 4625 ns  Iteration: 0  Process: /tb_cpu/monitor  File: /media/nisitha/My_Passport/MOODLE/Vivado_projects/RISCV_VHDL/rtl/sim/cpu/tb_cpu.vhd
Note: [INST] Addr=00000548, Word=338, Instuction=00120213, Mnemonic=addi x4, x4, 00000001
Time: 4635 ns  Iteration: 0  Process: /tb_cpu/monitor  File: /media/nisitha/My_Passport/MOODLE/Vivado_projects/RISCV_VHDL/rtl/sim/cpu/tb_cpu.vhd
Note: [REGS] x1=0000000F x2=0000000B x3=00000022 x4=00000002 x5=00000002 x6=0000001A x7=00000019 x11=0000001A x12=00000019 x14=0000001A 
Time: 4635 ns  Iteration: 0  Process: /tb_cpu/monitor  File: /media/nisitha/My_Passport/MOODLE/Vivado_projects/RISCV_VHDL/rtl/sim/cpu/tb_cpu.vhd
Note: [INST] Addr=0000054C, Word=339, Instuction=00200293, Mnemonic=addi x5, x0, 00000002
Time: 4645 ns  Iteration: 0  Process: /tb_cpu/monitor  File: /media/nisitha/My_Passport/MOODLE/Vivado_projects/RISCV_VHDL/rtl/sim/cpu/tb_cpu.vhd
Note: [REGS] x1=0000000F x2=0000000B x3=00000022 x4=00000002 x5=00000002 x6=0000001A x7=00000019 x11=0000001A x12=00000019 x14=0000001A 
Time: 4645 ns  Iteration: 0  Process: /tb_cpu/monitor  File: /media/nisitha/My_Passport/MOODLE/Vivado_projects/RISCV_VHDL/rtl/sim/cpu/tb_cpu.vhd
Note: [INST] Addr=00000550, Word=340, Instuction=FE5212E3, Mnemonic=bne x4, x5, FFFFFFE4
Time: 4655 ns  Iteration: 0  Process: /tb_cpu/monitor  File: /media/nisitha/My_Passport/MOODLE/Vivado_projects/RISCV_VHDL/rtl/sim/cpu/tb_cpu.vhd
Note: [REGS] x1=0000000F x2=0000000B x3=00000022 x4=00000002 x5=00000002 x6=0000001A x7=00000019 x11=0000001A x12=00000019 x14=0000001A 
Time: 4655 ns  Iteration: 0  Process: /tb_cpu/monitor  File: /media/nisitha/My_Passport/MOODLE/Vivado_projects/RISCV_VHDL/rtl/sim/cpu/tb_cpu.vhd
Note: [INST] Addr=00000554, Word=341, Instuction=01A00393, Mnemonic=addi x7, x0, 0000001A
Time: 4665 ns  Iteration: 0  Process: /tb_cpu/monitor  File: /media/nisitha/My_Passport/MOODLE/Vivado_projects/RISCV_VHDL/rtl/sim/cpu/tb_cpu.vhd
Note: [REGS] x1=0000000F x2=0000000B x3=00000022 x4=00000002 x5=00000002 x6=0000001A x7=0000001A x11=0000001A x12=00000019 x14=0000001A 
Time: 4665 ns  Iteration: 0  Process: /tb_cpu/monitor  File: /media/nisitha/My_Passport/MOODLE/Vivado_projects/RISCV_VHDL/rtl/sim/cpu/tb_cpu.vhd
Note: [INST] Addr=00000558, Word=342, Instuction=04771C63, Mnemonic=bne x14, x7, 00000058
Time: 4675 ns  Iteration: 0  Process: /tb_cpu/monitor  File: /media/nisitha/My_Passport/MOODLE/Vivado_projects/RISCV_VHDL/rtl/sim/cpu/tb_cpu.vhd
Note: [REGS] x1=0000000F x2=0000000B x3=00000022 x4=00000002 x5=00000002 x6=0000001A x7=0000001A x11=0000001A x12=00000019 x14=0000001A 
Time: 4675 ns  Iteration: 0  Process: /tb_cpu/monitor  File: /media/nisitha/My_Passport/MOODLE/Vivado_projects/RISCV_VHDL/rtl/sim/cpu/tb_cpu.vhd
Note: [INST] Addr=0000055C, Word=343, Instuction=02300193, Mnemonic=addi x3, x0, 00000023
Time: 4685 ns  Iteration: 0  Process: /tb_cpu/monitor  File: /media/nisitha/My_Passport/MOODLE/Vivado_projects/RISCV_VHDL/rtl/sim/cpu/tb_cpu.vhd
Note: [REGS] x1=0000000F x2=0000000B x3=00000023 x4=00000002 x5=00000002 x6=0000001A x7=0000001A x11=0000001A x12=00000019 x14=0000001A 
Time: 4685 ns  Iteration: 0  Process: /tb_cpu/monitor  File: /media/nisitha/My_Passport/MOODLE/Vivado_projects/RISCV_VHDL/rtl/sim/cpu/tb_cpu.vhd
Note: [INST] Addr=00000560, Word=344, Instuction=00F00093, Mnemonic=addi x1, x0, 0000000F
Time: 4695 ns  Iteration: 0  Process: /tb_cpu/monitor  File: /media/nisitha/My_Passport/MOODLE/Vivado_projects/RISCV_VHDL/rtl/sim/cpu/tb_cpu.vhd
Note: [REGS] x1=0000000F x2=0000000B x3=00000023 x4=00000002 x5=00000002 x6=0000001A x7=0000001A x11=0000001A x12=00000019 x14=0000001A 
Time: 4695 ns  Iteration: 0  Process: /tb_cpu/monitor  File: /media/nisitha/My_Passport/MOODLE/Vivado_projects/RISCV_VHDL/rtl/sim/cpu/tb_cpu.vhd
Note: [INST] Addr=00000564, Word=345, Instuction=00100133, Mnemonic=add x2, x0, x1
Time: 4705 ns  Iteration: 0  Process: /tb_cpu/monitor  File: /media/nisitha/My_Passport/MOODLE/Vivado_projects/RISCV_VHDL/rtl/sim/cpu/tb_cpu.vhd
Note: [REGS] x1=0000000F x2=0000000F x3=00000023 x4=00000002 x5=00000002 x6=0000001A x7=0000001A x11=0000001A x12=00000019 x14=0000001A 
Time: 4705 ns  Iteration: 0  Process: /tb_cpu/monitor  File: /media/nisitha/My_Passport/MOODLE/Vivado_projects/RISCV_VHDL/rtl/sim/cpu/tb_cpu.vhd
Note: [INST] Addr=00000568, Word=346, Instuction=00F00393, Mnemonic=addi x7, x0, 0000000F
Time: 4715 ns  Iteration: 0  Process: /tb_cpu/monitor  File: /media/nisitha/My_Passport/MOODLE/Vivado_projects/RISCV_VHDL/rtl/sim/cpu/tb_cpu.vhd
Note: [REGS] x1=0000000F x2=0000000F x3=00000023 x4=00000002 x5=00000002 x6=0000001A x7=0000000F x11=0000001A x12=00000019 x14=0000001A 
Time: 4715 ns  Iteration: 0  Process: /tb_cpu/monitor  File: /media/nisitha/My_Passport/MOODLE/Vivado_projects/RISCV_VHDL/rtl/sim/cpu/tb_cpu.vhd
Note: [INST] Addr=0000056C, Word=347, Instuction=04711263, Mnemonic=bne x2, x7, 00000044
Time: 4725 ns  Iteration: 0  Process: /tb_cpu/monitor  File: /media/nisitha/My_Passport/MOODLE/Vivado_projects/RISCV_VHDL/rtl/sim/cpu/tb_cpu.vhd
Note: [REGS] x1=0000000F x2=0000000F x3=00000023 x4=00000002 x5=00000002 x6=0000001A x7=0000000F x11=0000001A x12=00000019 x14=0000001A 
Time: 4725 ns  Iteration: 0  Process: /tb_cpu/monitor  File: /media/nisitha/My_Passport/MOODLE/Vivado_projects/RISCV_VHDL/rtl/sim/cpu/tb_cpu.vhd
Note: [INST] Addr=00000570, Word=348, Instuction=02400193, Mnemonic=addi x3, x0, 00000024
Time: 4735 ns  Iteration: 0  Process: /tb_cpu/monitor  File: /media/nisitha/My_Passport/MOODLE/Vivado_projects/RISCV_VHDL/rtl/sim/cpu/tb_cpu.vhd
Note: [REGS] x1=0000000F x2=0000000F x3=00000024 x4=00000002 x5=00000002 x6=0000001A x7=0000000F x11=0000001A x12=00000019 x14=0000001A 
Time: 4735 ns  Iteration: 0  Process: /tb_cpu/monitor  File: /media/nisitha/My_Passport/MOODLE/Vivado_projects/RISCV_VHDL/rtl/sim/cpu/tb_cpu.vhd
Note: [INST] Addr=00000574, Word=349, Instuction=02000093, Mnemonic=addi x1, x0, 00000020
Time: 4745 ns  Iteration: 0  Process: /tb_cpu/monitor  File: /media/nisitha/My_Passport/MOODLE/Vivado_projects/RISCV_VHDL/rtl/sim/cpu/tb_cpu.vhd
Note: [REGS] x1=00000020 x2=0000000F x3=00000024 x4=00000002 x5=00000002 x6=0000001A x7=0000000F x11=0000001A x12=00000019 x14=0000001A 
Time: 4745 ns  Iteration: 0  Process: /tb_cpu/monitor  File: /media/nisitha/My_Passport/MOODLE/Vivado_projects/RISCV_VHDL/rtl/sim/cpu/tb_cpu.vhd
Note: [INST] Addr=00000578, Word=350, Instuction=00008133, Mnemonic=add x2, x1, x0
Time: 4755 ns  Iteration: 0  Process: /tb_cpu/monitor  File: /media/nisitha/My_Passport/MOODLE/Vivado_projects/RISCV_VHDL/rtl/sim/cpu/tb_cpu.vhd
Note: [REGS] x1=00000020 x2=00000020 x3=00000024 x4=00000002 x5=00000002 x6=0000001A x7=0000000F x11=0000001A x12=00000019 x14=0000001A 
Time: 4755 ns  Iteration: 0  Process: /tb_cpu/monitor  File: /media/nisitha/My_Passport/MOODLE/Vivado_projects/RISCV_VHDL/rtl/sim/cpu/tb_cpu.vhd
Note: [INST] Addr=0000057C, Word=351, Instuction=02000393, Mnemonic=addi x7, x0, 00000020
Time: 4765 ns  Iteration: 0  Process: /tb_cpu/monitor  File: /media/nisitha/My_Passport/MOODLE/Vivado_projects/RISCV_VHDL/rtl/sim/cpu/tb_cpu.vhd
Note: [REGS] x1=00000020 x2=00000020 x3=00000024 x4=00000002 x5=00000002 x6=0000001A x7=00000020 x11=0000001A x12=00000019 x14=0000001A 
Time: 4765 ns  Iteration: 0  Process: /tb_cpu/monitor  File: /media/nisitha/My_Passport/MOODLE/Vivado_projects/RISCV_VHDL/rtl/sim/cpu/tb_cpu.vhd
Note: [INST] Addr=00000580, Word=352, Instuction=02711863, Mnemonic=bne x2, x7, 00000030
Time: 4775 ns  Iteration: 0  Process: /tb_cpu/monitor  File: /media/nisitha/My_Passport/MOODLE/Vivado_projects/RISCV_VHDL/rtl/sim/cpu/tb_cpu.vhd
Note: [REGS] x1=00000020 x2=00000020 x3=00000024 x4=00000002 x5=00000002 x6=0000001A x7=00000020 x11=0000001A x12=00000019 x14=0000001A 
Time: 4775 ns  Iteration: 0  Process: /tb_cpu/monitor  File: /media/nisitha/My_Passport/MOODLE/Vivado_projects/RISCV_VHDL/rtl/sim/cpu/tb_cpu.vhd
Note: [INST] Addr=00000584, Word=353, Instuction=02500193, Mnemonic=addi x3, x0, 00000025
Time: 4785 ns  Iteration: 0  Process: /tb_cpu/monitor  File: /media/nisitha/My_Passport/MOODLE/Vivado_projects/RISCV_VHDL/rtl/sim/cpu/tb_cpu.vhd
Note: [REGS] x1=00000020 x2=00000020 x3=00000025 x4=00000002 x5=00000002 x6=0000001A x7=00000020 x11=0000001A x12=00000019 x14=0000001A 
Time: 4785 ns  Iteration: 0  Process: /tb_cpu/monitor  File: /media/nisitha/My_Passport/MOODLE/Vivado_projects/RISCV_VHDL/rtl/sim/cpu/tb_cpu.vhd
Note: [INST] Addr=00000588, Word=354, Instuction=000000B3, Mnemonic=add x1, x0, x0
Time: 4795 ns  Iteration: 0  Process: /tb_cpu/monitor  File: /media/nisitha/My_Passport/MOODLE/Vivado_projects/RISCV_VHDL/rtl/sim/cpu/tb_cpu.vhd
Note: [REGS] x2=00000020 x3=00000025 x4=00000002 x5=00000002 x6=0000001A x7=00000020 x11=0000001A x12=00000019 x14=0000001A 
Time: 4795 ns  Iteration: 0  Process: /tb_cpu/monitor  File: /media/nisitha/My_Passport/MOODLE/Vivado_projects/RISCV_VHDL/rtl/sim/cpu/tb_cpu.vhd
Note: [INST] Addr=0000058C, Word=355, Instuction=00000393, Mnemonic=addi x7, x0, 00000000
Time: 4805 ns  Iteration: 0  Process: /tb_cpu/monitor  File: /media/nisitha/My_Passport/MOODLE/Vivado_projects/RISCV_VHDL/rtl/sim/cpu/tb_cpu.vhd
Note: [REGS] x2=00000020 x3=00000025 x4=00000002 x5=00000002 x6=0000001A x11=0000001A x12=00000019 x14=0000001A 
Time: 4805 ns  Iteration: 0  Process: /tb_cpu/monitor  File: /media/nisitha/My_Passport/MOODLE/Vivado_projects/RISCV_VHDL/rtl/sim/cpu/tb_cpu.vhd
Note: [INST] Addr=00000590, Word=356, Instuction=02709063, Mnemonic=bne x1, x7, 00000020
Time: 4815 ns  Iteration: 0  Process: /tb_cpu/monitor  File: /media/nisitha/My_Passport/MOODLE/Vivado_projects/RISCV_VHDL/rtl/sim/cpu/tb_cpu.vhd
Note: [REGS] x2=00000020 x3=00000025 x4=00000002 x5=00000002 x6=0000001A x11=0000001A x12=00000019 x14=0000001A 
Time: 4815 ns  Iteration: 0  Process: /tb_cpu/monitor  File: /media/nisitha/My_Passport/MOODLE/Vivado_projects/RISCV_VHDL/rtl/sim/cpu/tb_cpu.vhd
Note: [INST] Addr=00000594, Word=357, Instuction=02600193, Mnemonic=addi x3, x0, 00000026
Time: 4825 ns  Iteration: 0  Process: /tb_cpu/monitor  File: /media/nisitha/My_Passport/MOODLE/Vivado_projects/RISCV_VHDL/rtl/sim/cpu/tb_cpu.vhd
Note: [REGS] x2=00000020 x3=00000026 x4=00000002 x5=00000002 x6=0000001A x11=0000001A x12=00000019 x14=0000001A 
Time: 4825 ns  Iteration: 0  Process: /tb_cpu/monitor  File: /media/nisitha/My_Passport/MOODLE/Vivado_projects/RISCV_VHDL/rtl/sim/cpu/tb_cpu.vhd
Note: [INST] Addr=00000598, Word=358, Instuction=01000093, Mnemonic=addi x1, x0, 00000010
Time: 4835 ns  Iteration: 0  Process: /tb_cpu/monitor  File: /media/nisitha/My_Passport/MOODLE/Vivado_projects/RISCV_VHDL/rtl/sim/cpu/tb_cpu.vhd
Note: [REGS] x1=00000010 x2=00000020 x3=00000026 x4=00000002 x5=00000002 x6=0000001A x11=0000001A x12=00000019 x14=0000001A 
Time: 4835 ns  Iteration: 0  Process: /tb_cpu/monitor  File: /media/nisitha/My_Passport/MOODLE/Vivado_projects/RISCV_VHDL/rtl/sim/cpu/tb_cpu.vhd
Note: [INST] Addr=0000059C, Word=359, Instuction=01E00113, Mnemonic=addi x2, x0, 0000001E
Time: 4845 ns  Iteration: 0  Process: /tb_cpu/monitor  File: /media/nisitha/My_Passport/MOODLE/Vivado_projects/RISCV_VHDL/rtl/sim/cpu/tb_cpu.vhd
Note: [REGS] x1=00000010 x2=0000001E x3=00000026 x4=00000002 x5=00000002 x6=0000001A x11=0000001A x12=00000019 x14=0000001A 
Time: 4845 ns  Iteration: 0  Process: /tb_cpu/monitor  File: /media/nisitha/My_Passport/MOODLE/Vivado_projects/RISCV_VHDL/rtl/sim/cpu/tb_cpu.vhd
Note: [INST] Addr=000005A0, Word=360, Instuction=00208033, Mnemonic=add x0, x1, x2
Time: 4855 ns  Iteration: 0  Process: /tb_cpu/monitor  File: /media/nisitha/My_Passport/MOODLE/Vivado_projects/RISCV_VHDL/rtl/sim/cpu/tb_cpu.vhd
Note: [REGS] x1=00000010 x2=0000001E x3=00000026 x4=00000002 x5=00000002 x6=0000001A x11=0000001A x12=00000019 x14=0000001A 
Time: 4855 ns  Iteration: 0  Process: /tb_cpu/monitor  File: /media/nisitha/My_Passport/MOODLE/Vivado_projects/RISCV_VHDL/rtl/sim/cpu/tb_cpu.vhd
Note: [INST] Addr=000005A4, Word=361, Instuction=00000393, Mnemonic=addi x7, x0, 00000000
Time: 4865 ns  Iteration: 0  Process: /tb_cpu/monitor  File: /media/nisitha/My_Passport/MOODLE/Vivado_projects/RISCV_VHDL/rtl/sim/cpu/tb_cpu.vhd
Note: [REGS] x1=00000010 x2=0000001E x3=00000026 x4=00000002 x5=00000002 x6=0000001A x11=0000001A x12=00000019 x14=0000001A 
Time: 4865 ns  Iteration: 0  Process: /tb_cpu/monitor  File: /media/nisitha/My_Passport/MOODLE/Vivado_projects/RISCV_VHDL/rtl/sim/cpu/tb_cpu.vhd
Note: [INST] Addr=000005A8, Word=362, Instuction=00701463, Mnemonic=bne x0, x7, 00000008
Time: 4875 ns  Iteration: 0  Process: /tb_cpu/monitor  File: /media/nisitha/My_Passport/MOODLE/Vivado_projects/RISCV_VHDL/rtl/sim/cpu/tb_cpu.vhd
Note: [REGS] x1=00000010 x2=0000001E x3=00000026 x4=00000002 x5=00000002 x6=0000001A x11=0000001A x12=00000019 x14=0000001A 
Time: 4875 ns  Iteration: 0  Process: /tb_cpu/monitor  File: /media/nisitha/My_Passport/MOODLE/Vivado_projects/RISCV_VHDL/rtl/sim/cpu/tb_cpu.vhd
Note: [INST] Addr=000005AC, Word=363, Instuction=00301E63, Mnemonic=bne x0, x3, 0000001C
Time: 4885 ns  Iteration: 0  Process: /tb_cpu/monitor  File: /media/nisitha/My_Passport/MOODLE/Vivado_projects/RISCV_VHDL/rtl/sim/cpu/tb_cpu.vhd
Note: [REGS] x1=00000010 x2=0000001E x3=00000026 x4=00000002 x5=00000002 x6=0000001A x11=0000001A x12=00000019 x14=0000001A 
Time: 4885 ns  Iteration: 0  Process: /tb_cpu/monitor  File: /media/nisitha/My_Passport/MOODLE/Vivado_projects/RISCV_VHDL/rtl/sim/cpu/tb_cpu.vhd
Note: [INST] Addr=000005C8, Word=370, Instuction=00100193, Mnemonic=addi x3, x0, 00000001
Time: 4895 ns  Iteration: 0  Process: /tb_cpu/monitor  File: /media/nisitha/My_Passport/MOODLE/Vivado_projects/RISCV_VHDL/rtl/sim/cpu/tb_cpu.vhd
Note: [REGS] x1=00000010 x2=0000001E x3=00000001 x4=00000002 x5=00000002 x6=0000001A x11=0000001A x12=00000019 x14=0000001A 
Time: 4895 ns  Iteration: 0  Process: /tb_cpu/monitor  File: /media/nisitha/My_Passport/MOODLE/Vivado_projects/RISCV_VHDL/rtl/sim/cpu/tb_cpu.vhd
Note: [INST] Addr=000005CC, Word=371, Instuction=10100513, Mnemonic=addi x10, x0, 00000101
Time: 4905 ns  Iteration: 0  Process: /tb_cpu/monitor  File: /media/nisitha/My_Passport/MOODLE/Vivado_projects/RISCV_VHDL/rtl/sim/cpu/tb_cpu.vhd
Note: [REGS] x1=00000010 x2=0000001E x3=00000001 x4=00000002 x5=00000002 x6=0000001A x10=00000101 x11=0000001A x12=00000019 x14=0000001A 
Time: 4905 ns  Iteration: 0  Process: /tb_cpu/monitor  File: /media/nisitha/My_Passport/MOODLE/Vivado_projects/RISCV_VHDL/rtl/sim/cpu/tb_cpu.vhd
Note: [INST] Addr=000005D0, Word=372, Instuction=01F01013, Mnemonic=slli x0, x0, 1F
Time: 4915 ns  Iteration: 0  Process: /tb_cpu/monitor  File: /media/nisitha/My_Passport/MOODLE/Vivado_projects/RISCV_VHDL/rtl/sim/cpu/tb_cpu.vhd
Note: [REGS] x1=00000010 x2=0000001E x3=00000001 x4=00000002 x5=00000002 x6=0000001A x10=00000101 x11=0000001A x12=00000019 x14=0000001A 
Time: 4915 ns  Iteration: 0  Process: /tb_cpu/monitor  File: /media/nisitha/My_Passport/MOODLE/Vivado_projects/RISCV_VHDL/rtl/sim/cpu/tb_cpu.vhd
Note: [INST] Addr=000005D4, Word=373, Instuction=00100073, Mnemonic=ebreak
Time: 4925 ns  Iteration: 0  Process: /tb_cpu/monitor  File: /media/nisitha/My_Passport/MOODLE/Vivado_projects/RISCV_VHDL/rtl/sim/cpu/tb_cpu.vhd
Note: [REGS] x1=00000010 x2=0000001E x3=00000001 x4=00000002 x5=00000002 x6=0000001A x10=00000101 x11=0000001A x12=00000019 x14=0000001A 
Time: 4925 ns  Iteration: 0  Process: /tb_cpu/monitor  File: /media/nisitha/My_Passport/MOODLE/Vivado_projects/RISCV_VHDL/rtl/sim/cpu/tb_cpu.vhd
Note: RVTEST (addi) : OK
Time: 4925 ns  Iteration: 0  Process: /tb_cpu/monitor  File: /media/nisitha/My_Passport/MOODLE/Vivado_projects/RISCV_VHDL/rtl/sim/cpu/tb_cpu.vhd
$stop called at time : 4925 ns : File "/media/nisitha/My_Passport/MOODLE/Vivado_projects/RISCV_VHDL/rtl/sim/cpu/tb_cpu.vhd" Line 345
Note: [INST] Addr=000005D8, Word=374, Instuction=40705013, Mnemonic=srai x0, x0, 7
Time: 4935 ns  Iteration: 0  Process: /tb_cpu/monitor  File: /media/nisitha/My_Passport/MOODLE/Vivado_projects/RISCV_VHDL/rtl/sim/cpu/tb_cpu.vhd
Note: [REGS] x1=00000010 x2=0000001E x3=00000001 x4=00000002 x5=00000002 x6=0000001A x10=00000101 x11=0000001A x12=00000019 x14=0000001A 
Time: 4935 ns  Iteration: 0  Process: /tb_cpu/monitor  File: /media/nisitha/My_Passport/MOODLE/Vivado_projects/RISCV_VHDL/rtl/sim/cpu/tb_cpu.vhd
Note: [INST] Addr=000005DC, Word=375, Instuction=00100073, Mnemonic=ebreak
Time: 4945 ns  Iteration: 0  Process: /tb_cpu/monitor  File: /media/nisitha/My_Passport/MOODLE/Vivado_projects/RISCV_VHDL/rtl/sim/cpu/tb_cpu.vhd
Note: [REGS] x1=00000010 x2=0000001E x3=00000001 x4=00000002 x5=00000002 x6=0000001A x10=00000101 x11=0000001A x12=00000019 x14=0000001A 
Time: 4945 ns  Iteration: 0  Process: /tb_cpu/monitor  File: /media/nisitha/My_Passport/MOODLE/Vivado_projects/RISCV_VHDL/rtl/sim/cpu/tb_cpu.vhd
Note: RVTEST (addi) : OK
Time: 4945 ns  Iteration: 0  Process: /tb_cpu/monitor  File: /media/nisitha/My_Passport/MOODLE/Vivado_projects/RISCV_VHDL/rtl/sim/cpu/tb_cpu.vhd
$stop called at time : 4945 ns : File "/media/nisitha/My_Passport/MOODLE/Vivado_projects/RISCV_VHDL/rtl/sim/cpu/tb_cpu.vhd" Line 345
